:020000040800F2
:10000000000008245D2900089121000899210008BA
:10001000A1210008A9210008B1210008000000006A
:1000200000000000000000000000000021E80008BF
:10003000B92100080000000071EA000811C20008A0
:10004000AD290008AD290008AD290008AD29000838
:10005000AD290008AD290008AD290008AD29000828
:10006000AD290008AD290008AD290008C921000804
:10007000DD210008AD290008AD290008AD290008E0
:10008000AD290008AD290008AD290008AD290008F8
:10009000AD290008AD290008AD290008AD290008E8
:1000A000AD290008AD290008AD290008AD290008D8
:1000B000AD290008AD290008AD290008AD290008C8
:1000C000AD290008AD290008AD290008AD290008B8
:1000D000AD290008F1210008AD290008052200081B
:1000E000AD290008AD29000800000000AD29000876
:1000F000AD290008AD290008AD290008AD29000888
:10010000AD290008AD290008AD290008AD29000877
:10011000AD290008AD290008AD2900081922000802
:10012000AD290008AD290008AD290008AD29000857
:10013000AD290008AD290008AD290008AD29000847
:1001400000000000000000000000000000000000AF
:10015000AD290008AD290008AD290008AD29000827
:10016000AD290008AD290008AD290008AD29000817
:10017000AD290008AD290008AD29000800000000E5
:10018000AD290008AD290008AD290008AD290008F7
:10019000AD290008AD290008AD290008AD290008E7
:1001A000AD290008AD290008AD290008AD290008D7
:1001B000AD290008AD290008AD290008AD290008C7
:1001C000AD290008AD290008AD290008AD290008B7
:1001D000AD290008AD290008AD290008AD290008A7
:1001E000AD290008AD290008AD290008AD29000897
:1001F000AD290008AD290008AD290008AD29000887
:10020000AD290008AD290008AD290008AD29000876
:10021000AD290008AD290008AD290008AD29000866
:10022000AD290008AD290008AD2900080000000034
:10023000AD290008AD29000800000000AD29000824
:10024000AD290008AD290008AD290008AD29000836
:10025000AD290008AD290008AD290008AD29000826
:10026000AD290008AD290008AD290008AD29000816
:10027000AD290008AD290008AD29000800000000E4
:10028000AD290008AD290008AD29000800000000D4
:0802900000000000AD29000888
:1002A00010B5054C237833B9044B13B10448AFF3B0
:1002B00000800123237010BD780500240000000099
:1002C00070F0010808B5034B1BB103490348AFF3B5
:1002D000008008BD000000007C05002470F00108CB
:1002E00010F8012B11F8013B012A28BF9A42F7D0E0
:1002F000D01A70470000000000000000000000005D
:1003000001F0FF01102A2BDB10F0070F08D010F8C6
:10031000013B013A8B422DD010F0070F42B3F6D1CA
:10032000F0B441EA012141EA014122F007047FF0E3
:1003300000070023F0E80256083C85EA010586EA3A
:10034000010685FA47F5A3FA87F586FA47F6A5FA76
:1003500087F68EB9EED1F0BC01F0FF0102F0070282
:1003600032B110F8013B013A83EA010313B1F8D12D
:100370000020704701387047002D06BF354603380E
:10038000073815F0010F07D1013015F4807F02BF47
:10039000013015F4C03F0130F0BC0138704700BF98
:1003A000034613F8012B002AFBD1181A01387047B5
:1003B0007BB972B90029BEBF00204FF0004106E0B2
:1003C00008BF00281CBF6FF000414FF0FF3000F065
:1003D000D3B9ADF1080C6DE904CE002909DB002B7F
:1003E0001ADB00F04DF8DDF804E0DDE9022304B08B
:1003F0007047404261EB4101002B1BDB00F040F8ED
:10040000DDF804E0DDE9022304B0404261EB410184
:10041000524263EB43037047524263EB430300F0E5
:100420002FF8DDF804E0DDE9022304B0404261EB7F
:1004300041017047524263EB430300F021F8DDF8BD
:1004400004E0DDE9022304B0524263EB430370474A
:1004500053B94AB9002908BF00281CBF4FF0FF312B
:100460004FF0FF3000F088B9ADF1080C6DE904CE13
:1004700000F006F8DDF804E0DDE9022304B070477F
:100480002DE9F047089D0F4604468C46002B48D1C5
:100490008A42164661D9B2FA82F34BB1C3F1200207
:1004A00001FA03FC20FA02F29E4042EA0C0C9C4046
:1004B0004FEA164EB7B2BCFBFEF1220C0EFB11CC7C
:1004C00042EA0C4201FB07F0904209D9B21801F14F
:1004D000FF3C80F0EE80904240F2EB8002393244E3
:1004E000121AA4B2B2FBFEF00EFB102244EA024440
:1004F00000FB07F7A74209D9341900F1FF3280F059
:10050000DA80A74240F2D7803444023840EA014002
:10051000E41B00211DB1DC400023C5E90043BDE818
:10052000F0878B4206D90DB1C5E9000100210846CC
:10053000BDE8F087B3FA83F1002948D1BB4202D36A
:10054000824200F20781841A67EB0302012094467D
:10055000002DE4D0C5E9004CE1E7002A00F09280CC
:10056000B2FA82F3002B40F0A8808A1A4FEA164EA6
:100570001FFA86FC0121200CB2FBFEF70EFB1722AE
:1005800040EA02420CFB07F0904207D9B21807F18B
:10059000FF3802D2904200F2E2804746121AA4B21B
:1005A000B2FBFEF00EFB102244EA02440CFB00FCFE
:1005B000A44507D9341900F1FF3202D2A44500F254
:1005C000CB801046A4EB0C0440EA0740A2E7C1F13F
:1005D00020068B4022FA06FC4CEA030C07FA01F4D1
:1005E00020FA06F3F7404FEA1C49234300FA01F8CA
:1005F0001FFA8CFEB7FBF9F01C0C09FB107744EADC
:10060000074400FB0EF7A74202FA01F20AD91CEBDD
:10061000040400F1FF3A80F09B80A74240F29880EA
:1006200002386444E41B9FB2B4FBF9F309FB1344A2
:1006300047EA044403FB0EFEA64509D91CEB04045B
:1006400003F1FF3780F08280A6457FD9023B6444E6
:1006500043EA0040A4EB0E04A0FB02E7BC42734651
:10066000B94663D360D05DB1B8EB030264EB090413
:1006700004FA06F622FA01F31E43CC40C5E90064F1
:1006800000214CE76208480842EAC1710B0C43EABA
:1006900000438AB242EA0342B3FBF6F1E407B446F0
:1006A0003746B6461F23B0FBF6F0D21B41EA0041A5
:1006B00061E7614614E7104628E7C3F1200120FAFC
:1006C00001F29E4027FA01F19F403A434FEA164E4D
:1006D0001FFA86FCB1FBFEF70EFB1710110C41EA66
:1006E000004107FB0CF8884504FA03F43AD9711865
:1006F00007F1FF3001D288451FD8A1EB0801B1FBFB
:10070000FEF808FB0CF70EFB181192B242EA014208
:10071000BA422FD2B21808F1FF31C6D2BA42C4D2BF
:10072000A8F102013244C0E7F0459CD2BEEB0203BF
:1007300067EB0C070138B94695E7A6EB080841447A
:10074000B81EB1FBFEF808FB0CF7DCE73B467FE781
:10075000504667E70846FBE63444023832E7023F7A
:1007600032441BE7A1EB08013846B1FBFEF808FB59
:100770000CF7C8E7414698E7704700BF80B500AF67
:10078000094B1B780133DAB2074B1A70064B1B7802
:10079000142B07D9044B00221A704FF40051034860
:1007A00005F0F3FA00BF80BD94050024000802584C
:1007B00080B582B000AF0DF023F803467B60064899
:1007C0001CF030FCFFF7DAFF3B1D0A2118460CF045
:1007D00045FE00BFF6E700BF88F0010880B485B091
:1007E00000AF03460A46FB711346BB804FF0FF3350
:1007F000FB60FB79012B08D0FB79022B05D0FB793C
:10080000032B02D0FB79042B10D1B7F90430B43B91
:1008100040F6980202FB03F31B4A82FB03121A44C0
:10082000D211DB179B1A03F56173FB60FB79052B73
:100830000FD1B7F9043040F6F84202FB03F3134A34
:1008400082FB03121A441212DB17D31A03F5BE738C
:10085000FB60FB79062B0FD1B7F9043040F6980204
:1008600002FB03F3084A82FB03121A44D211DB177E
:10087000D31A03F56173FB60FB6818461437BD4655
:100880005DF8047B704700BFB7600BB649D6B9F27C
:1008900080B485B000AF03460A46FB711346BB80A7
:1008A0004FF0FF33FB60B7F90430002B02DAFB682E
:1008B0001BB25EE0FB79012B08D0FB79022B05D03F
:1008C000FB79032B02D0FB79042B18D1B7F9043044
:1008D000A3F5617307EE903AB8EEE76B9FED285BE6
:1008E00086EE057B9FED286B27EE067B9FED286B40
:1008F00037EE067BFDEEC77B17EE903AFB60FB7987
:10090000052B18D1B7F90430A3F5BE7307EE903A62
:10091000B8EEE76B9FED205B86EE057B9FED206BCD
:1009200027EE067BB6EE006B37EE067BFDEEC77B4F
:1009300017EE903AFB60FB79062B18D1B7F904301B
:10094000A3F5617307EE903AB8EEE76B9FED0C5B91
:1009500086EE057B9FED146B27EE067BB6EE006BF3
:1009600037EE067BFDEEC77B17EE903AFB60FB6827
:100970001BB218461437BD465DF8047B704700BFB4
:10098000000000000030A14000000000008066C0B0
:1009900000000000009066400000000000F0A94048
:1009A0000000000000E07040000000000080664091
:1009B00090B484B000AF0446084611461A46234658
:1009C000FB800346BB800B467B8013463B801D4A61
:1009D000FB8813801B4ABB8853801A4A7B8893800C
:1009E000184A3B88D380174A3B8B1381154ABB8B2F
:1009F00053810023FB601CE0124AFB6832F813307D
:100A0000B3F57A6F06D90F4AFB684FF4FA6122F802
:100A100013100BE00B4AFB6832F813305F2B05D83C
:100A2000084AFB684FF4FA6122F81310FB6801339F
:100A3000FB60FB68052BDFDD00BF00BF1037BD4644
:100A400090BC70470000002480B596B000AF03460C
:100A5000FB80FF2387F85530FF2387F85430FE23AF
:100A600087F85330222387F85230832387F8513098
:100A70002A2387F85030042387F84F30864A07F13D
:100A8000440392E8030018600433198007F13C0323
:100A900000221A609A8007F1340300221A609A80BB
:100AA000002387F85730FB881B0A9BB287F84E302B
:100AB000FB8887F84D30002387F8563041E097F8DF
:100AC0005630764A32F813301B0A9AB297F85630ED
:100AD000D2B258333B4403F81C2C97F856306F4A77
:100AE00032F8132097F85630D2B258333B4403F80B
:100AF000242C97F8563058333B4413F8142C97F8AD
:100B000057301344DAB297F8563058333B4413F851
:100B10001C3C1344DAB297F8563058333B4413F870
:100B2000243C1344DAB297F84E301344DAB297F803
:100B30004D30134487F8573097F85630013387F813
:100B4000563097F85630052BB9D997F8532097F8B7
:100B500052301344DAB297F851301344DAB297F8AE
:100B600050301344DAB297F84F301344DAB297F8A2
:100B700057301344DBB2DB4387F84C3097F85530DD
:100B80003B7397F854307B7397F85330BB7397F8E7
:100B90005230FB7397F851303B7497F850307B74A8
:100BA00097F84F30BB7497F84430FB7497F83C309B
:100BB0003B7597F834307B7597F84E30BB7597F8D6
:100BC0004D30FB7597F845303B7697F83D307B7696
:100BD00097F83530BB7697F84E30FB7697F84D3066
:100BE0003B7797F846307B7797F83E30BB7797F89E
:100BF0003630FB7797F84E3087F8203097F84D3035
:100C000087F8213097F8473087F8223097F83F303F
:100C100087F8233097F8373087F8243097F84E302C
:100C200087F8253097F84D3087F8263097F8483008
:100C300087F8273097F8403087F8283097F8383011
:100C400087F8293097F84E3087F82A3097F84D30DA
:100C500087F82B3097F8493087F82C3097F84130D7
:100C600087F82D3097F8393087F82E3097F84E30C6
:100C700087F82F3097F84D3087F8303097F84C30A0
:100C800087F8313007F10C032621184600F0B2F83E
:100C900000BF5837BD4680BD9CF00108000000240D
:100CA00080B584B000AF0346FB710B46BB80134692
:100CB0007B80B7F90420FB7911461846FFF78EFDBB
:100CC0000346FB81B7F90E30002B06DBF9897A88E1
:100CD000FB79184600F0A0F800E000BF1037BD46D1
:100CE00080BDB0B588B002AF0446084611461A462A
:100CF0002346FB800346BB800B467B8013463B802C
:100D0000B7F9063019460120FFF768FD0346FB825C
:100D1000B7F9043019460220FFF760FD0346BB8295
:100D2000B7F9023019460320FFF758FD03467B82CE
:100D3000B7F9003019460420FFF750FD03463B8207
:100D4000B7F9283019460520FFF748FD0346FB8117
:100D5000B7F92C3019460620FFF740FD0346BB814A
:100D6000F88AB98A7C8A3D8AFB89BA890192009304
:100D70002B462246FFF71CFE3B8E1846FFF764FE0B
:100D800000BF1837BD46B0BD80B582B000AF034686
:100D9000FB71FB79002B02D0FB79062B02D94FF0B7
:100DA000FF3304E0FB79184600F0B4F90346184617
:100DB0000837BD4680BD000080B500AF0C4808F084
:100DC00063FC0B4B1B6808221A62094B1B689A696B
:100DD000074B1B6842F008029A61054B1B689A6931
:100DE000034B1B6842F010029A6100BF80BD00BF38
:100DF0006808002480B582B000AF78600B467B8025
:100E00007A88FF237968034808F086F900BF08371D
:100E1000BD4680BD6808002480B588B000AF034699
:100E2000FB710B46BB8013467B80FF23FB77FF23C0
:100E3000BB77FB797B7707233B770323FB762A235A
:100E4000BB76BB88B3F57A6F03D94FF47A63BB8066
:100E500004E0BB885F2B01D86023BB80BB881B0AE2
:100E60009BB27B76BB883B767B881B0A9BB2FB756B
:100E70007B88BB757A7F3B7F1344DAB2FB7E1344D9
:100E8000DAB2BB7E1344DAB27B7E1344DAB23B7E25
:100E90001344DAB2FB7D1344DAB2BB7D1344DBB2F8
:100EA000DB437B75FB7F3B72BB7F7B727B7FBB72BF
:100EB0003B7FFB72FB7E3B73BB7E7B737B7EBB7396
:100EC0003B7EFB73FB7D3B74BB7D7B747B7DBB7486
:100ED00007F108030B211846FFF78CFF00BF2037EE
:100EE000BD4680BD80B586B000AF0346FB71FB797F
:100EF000002B14BF01230023DBB2FB75FF23BB755E
:100F0000FF237B75FE233B750423FB740323BB7413
:100F100028237B743A7DFB7C1344DAB2BB7C1344F8
:100F2000DAB27B7C1344DAB2FB7D1344DBB2DB43E1
:100F30003B74BB7D3B727B7D7B723B7DBB72FB7CDC
:100F4000FB72BB7C3B737B7C7B73FB7DBB733B7C0D
:100F5000FB7307F1080308211846FFF74BFF00BF9A
:100F60001837BD4680BD80B485B000AF78607B681F
:100F700002331A787B6803331B781344DAB27B6838
:100F800004331B781344DAB27B6805331B781344AF
:100F9000DAB27B6806331B781344DBB2DB43FB73A6
:100FA0007B6807331B78FA7B9A420CBF012300232E
:100FB000DBB218461437BD465DF8047B704700006D
:100FC00080B58AB000AF0346FB7107F10C03002225
:100FD0001A605A600023FB72002387F82730002331
:100FE00087F8263001F034FD03461933FB6181E0B8
:100FF00001F02EFD0246FB699B1ABB61BB69032B06
:1010000028BF03233B623B6A002B01D101233B62D3
:1010100007F10B013B6A01223D4808F00BF903463A
:10102000FB75FB7D032B60D0FB7D002B02D04FF0C6
:10103000FF3369E097F82730002B08D1FB7AFF2BAC
:1010400055D1FB7A3B73012387F827304FE097F89F
:101050002730012B15D1FB7AF52B08D1FB7A7B7356
:10106000022387F82730022387F8263042E0FB7AF4
:10107000FF2B02D1FB7A3B733CE0002387F827303B
:1010800038E097F826305A1C87F82620FA7A283359
:101090003B4403F81C2C97F82630072B29D9BB7B3F
:1010A000FA799A421AD107F10C031846FFF75BFF51
:1010B0000346002B12D07B7C1BB21B021AB2BB7CF6
:1010C0001BB213431BB2BB82BB8A5F2B06D9BB8A00
:1010D000B3F57A6F02D8B7F9143015E0002387F81A
:1010E0002730002387F8263004E000BF02E000BF6D
:1010F00000E000BF01F0ACFC0246FB699B1A002B2C
:101100003FF776AF4FF0FF3318462837BD4680BD16
:101110006808002480B588B000AF0346FB71FB79F6
:10112000002B02D0FB79FA2B02D94FF0FF334FE0AE
:10113000FF23BB77FF237B77FB793B770423FB7689
:101140000223BB7638237B7602233B763A7FFB7EF5
:101150001344DAB2BB7E1344DAB27B7E1344DAB2B4
:101160003B7E1344DBB2DB43FB75BB7F3B737B7F72
:101170007B733B7FBB73FB7EFB73BB7E3B747B7ED1
:101180007B743B7EBB74FB7DFB740023FB771AE012
:10119000FFF712FE07F10C0308211846FFF72AFE9D
:1011A0003B7F1846FFF70CFF0346BB82B7F91430AC
:1011B000002B02DBB7F914300AE002200BF01EF915
:1011C000FB7F0133FB77FB7F012BE1D94FF0FF332E
:1011D00018462037BD4680BDB0B500AF01F038FCE1
:1011E000034600221C46154622462B461046194649
:1011F000B0BD0000B0B588B000AFFFF7EDFFC7E9A4
:1012000004010023FB770DE04FF47A7014F07AF8B4
:10121000FB7F0133FB7714F04FF80346002B01D01E
:101220000523FB77FB7F042BEED914F045F803462A
:1012300083F00103DBB2002B12D04FF47A7014F06C
:1012400061F8F860FB68002B0AD0FA6886210F4825
:101250001BF080FE0E4B05221A6000200CF08AF86D
:1012600014F034F8C7E90001FFF7B6FFC7E904013D
:10127000D7E90001D7E90423841A61EB0305054B84
:10128000C3E9004500BF2037BD46B0BDA4F001084A
:1012900098050024C806002480B586B000AF3B1D29
:1012A000184612F0E9F80F4B7B600F4BBB600F4BF9
:1012B000FB600F4B3B613B1D184612F0EBF80346F9
:1012C00083F00103DBB2002B06D0AB2109481BF0F1
:1012D00041FE4FF0FF3300E0002318461837BD46AB
:1012E00080BD00BF45BD000889BD0008C1BD000824
:1012F0002DBE0008C8F0010880B588B004AF786042
:101300000023FB607B680293074B0193074B00931C
:10131000074B084A0849012012F00EFDF860FB68EF
:1013200018461037BD4680BD69BB00080DBB0008DC
:10133000EDBA0008C1BA0008D407002480B500AF98
:101340000A4B1B680133094A1360084B1B68642B66
:1013500008DD064B00221A600121642012F004FD12
:10136000034600E00023184680BD00BFE0060024CD
:1013700080B483B000AF03460A46FB711346BB80BE
:10138000FB79002B11D0FB79042B0ED8B7F9043070
:10139000002B05DBB7F90430B42B01DC012300E09E
:1013A000002303F00103DBB225E0FB79052B0FD10D
:1013B000B7F90430002B06DBB7F90430B3F5877FAB
:1013C00001DC012300E0002303F00103DBB212E0A3
:1013D000FB79062B0ED1B7F904301D2B05DDB7F9CB
:1013E0000430B42B01DC012300E0002303F00103EF
:1013F000DBB200E0002318460C37BD465DF8047BE5
:10140000704780B483B000AF0346FB80B7F9063065
:10141000632B01DC64230AE0B7F9063041F288321D
:10142000934202DD41F2883301E0B7F906301846F5
:101430000C37BD465DF8047B70470000B0B584B042
:1014400000AF78607B68FB60FB681A78FB68B3F9D3
:10145000023019461046FFF78BFF034683F0010365
:10146000DBB2002B0AD0FB681B781946FB68B3F986
:1014700002301A460B481BF06DFD10E0FB681C782B
:10148000FB68B3F90250FB68B3F904301846FFF764
:10149000B8FF03461A4629462046FFF701FC1037DD
:1014A000BD46B0BDF0F001082DE9F04788B004AFAB
:1014B00078607B68FB60FB68B3F900301946012057
:1014C000FFF756FF034683F00103DBB2002B40D148
:1014D000FB68B3F9023019460220FFF749FF0346C3
:1014E00083F00103DBB2002B33D1FB68B3F9043086
:1014F00019460320FFF73CFF034683F00103DBB2EC
:10150000002B26D1FB68B3F9063019460420FFF7FB
:101510002FFF034683F00103DBB2002B19D1FB68D8
:10152000B3F9083019460520FFF722FF034683F080
:101530000103DBB2002B0CD1FB68B3F90A3019466A
:101540000620FFF715FF034683F00103DBB2002BF3
:1015500003D015481BF066FD21E0FB68B3F900607D
:10156000FB68B3F90280FB68B3F90490FB68B3F938
:1015700006A0FB68B3F90840FB68B3F90A50FB68A2
:10158000B3F90C301846FFF73CFF03460293019570
:10159000009453464A4641463046FFF7A2FB1037B7
:1015A000BD46BDE8F08700BF14F1010880B584B0E6
:1015B00000AF78607B68FB60FB681B68002B03D181
:1015C0000020FFF78FFC06E0FB681B68012B02D1AF
:1015D0000120FFF787FC00BF1037BD4680BD00002B
:1015E000B0B5C0B002AF0023C7F8EC303D4C07F1F6
:1015F0008803184611F06CFF254607F188040FCCCC
:101600000FC523682B600FF0C5FF0346C7F8A43051
:10161000344B07F1A4046D4603F10C0292E8030079
:1016200085E803000ECB20460FF0B6FFC7F8E800B0
:10163000D7F8E830002B0CD0D7F8E82040F20F1193
:1016400029481BF087FC294B05221A6000200BF06B
:1016500091FE274B1B781A4607F1A4031146184642
:1016600010F098F8C7F8E400D7F8E430002B0CD05D
:10167000D7F8E4204FF488711B481BF06BFC1B4B20
:1016800005221A6000200BF075FE07F1A40318462E
:1016900010F088F8C7F8E00032200AF0AFFE144BD3
:1016A0001B78194613481BF055FCD7F8E000FFF7EC
:1016B00023FEFFF7F1FD4FF4FA700AF09FFE07F1E9
:1016C000A403084A0092002200210B480FF070FC8E
:1016D000C7F8EC00D7F8EC30002B11D007481BF00E
:1016E000A1FCE8E7EC050024A4F00108980500241B
:1016F0000C00002440F101080006002454F1010808
:1017000000BFBE481BF08EFCFFF774FDBC4C07F118
:101710008803184610F06EF8224607F1880393E814
:10172000030082E80300B74BB74AB849B4480FF04A
:1017300005FDC7F8DC00D7F8DC30002B0CD0D7F85B
:10174000DC2040F22311B2481BF004FCB14B05220F
:101750001A6000200BF00EFEAF4B1B780333DAB299
:10176000AD4B1A700DF050FC0246AC4BA449AC488E
:101770000FF0D0FDC7F8D800D7F8D830002B0CD028
:10178000D7F8D82040F22711A1481BF0E3FBA14B6A
:1017900005221A6000200BF0EDFD0DF01DFC024645
:1017A000A04B9749A0480FF0B5FDC7F8D400D7F873
:1017B000D430002B0CD0D7F8D42040F22D1194480F
:1017C0001BF0C8FB934B05221A6000200BF0D2FDE2
:1017D00014F054FB0246954B894995480FF09AFD49
:1017E000C7F8D000D7F8D030002B0CD0D7F8D020D5
:1017F00040F2331186481BF0ADFB864B05221A6080
:1018000000200BF0B7FD0DF0E7FB0246894B7C4949
:1018100089480FF045FDC7F8CC00D7F8CC30002B35
:101820000CD0D7F8CC2040F23B1179481BF092FB4A
:10183000784B05221A6000200BF09CFD0DF0CCFBCC
:1018400002467E4B6E497E480FF02AFDC7F8C8005D
:10185000D7F8C830002B0CD0D7F8C82040F241117F
:101860006B481BF077FB6B4B05221A6000200BF0D6
:1018700081FD744B4FF6FF721A80724B4FF6FF7268
:101880005A80704B4FF6FF729A806E4B4FF6FF7284
:10189000DA806C4B4FF6FF721A816A4B4FF6FF727B
:1018A0005A81684B00229A81674B4FF6FF721A806B
:1018B000654B4FF6FF725A80634B4FF6FF729A806A
:1018C000614B4FF6FF72DA805F4B4FF6FF721A8161
:1018D0005D4B4FF6FF725A815B4B00229A814E4B53
:1018E0001B78194659481BF035FB594C3B461846A6
:1018F0000FF072F820463B46882219461BF0A8FCE0
:10190000454B1B781A46534B3E4951480FF070F82F
:10191000C7F8C400D7F8C430002B0CD0D7F8C420C7
:1019200040F259113A481BF015FB3A4B05221A6058
:1019300000200BF01FFD00230093474B474A384916
:1019400043480FF0D1F8C7F8C000D7F8C030002BDB
:101950000CD0D7F8C0204FF4AE712D481BF0FAFA26
:101960002C4B05221A6000200BF004FD002300938D
:101970003B4B3C4A2C4936480FF0B6F8C7F8BC0040
:10198000D7F8BC30002B0CD0D7F8BC2040F2631144
:101990001F481BF0DFFA1F4B05221A6000200BF0D6
:1019A000E9FC00230093304B304A214928480FF0CE
:1019B0009BF8C7F8B800D7F8B830002B0CD0D7F890
:1019C000B8204FF4B57112481BF0C4FA114B052230
:1019D0001A6000200BF0CEFC01224FF48041244815
:1019E00004F0BAF90BF00CFF0346C7F8A03001F081
:1019F0002FF8C7F8F40001233CE000BF6CF10108A8
:101A0000C006002400060024D406002484F1010846
:101A1000A4F0010898050024D006002494F10108E0
:101A20009C050024A0F10108A8050024ACF10108E0
:101A3000BC050024B8F10108C4050024C8F1010860
:101A4000D8050024C8050024DC050024D4F10108D1
:101A500038060024EC0500243D140008A0050024ED
:101A6000A9140008AC050024AD150008C005002429
:101A70000008025887F8F330D7E07A4A4FF00003A5
:101A800079480FF05BFAFFF759FC0346002B40F052
:101A9000D28000F0DDFF0246D7F8F430D31A3B2B9A
:101AA00040F2BD8097F8F3301846FFF76DF9034612
:101AB000A7F8B630B7F9B630002B09DBB7F9B62076
:101AC00097F8F33011461846FEF7E2FE034601E0B0
:101AD0004FF0FF33A7F8B43097F8F330012B08D15B
:101AE000624AB7F8B4301380614AB7F8B630138051
:101AF0003FE097F8F330022B08D15C4AB7F8B430D6
:101B000053805B4AB7F8B630538032E097F8F33031
:101B1000032B08D1554AB7F8B4309380544AB7F82C
:101B2000B630938025E097F8F330042B08D14F4A64
:101B3000B7F8B430D3804E4AB7F8B630D38018E047
:101B400097F8F330052B08D1484AB7F8B430138121
:101B5000474AB7F8B63013810BE097F8F330062BFD
:101B600007D1424AB7F8B4305381414AB7F8B6308A
:101B7000538197F8F330013387F8F33097F8F33057
:101B8000062B48D9012387F8F33000F061FF0346A4
:101B90001BB2C3F30E03A7F8B230344AB7F8B23021
:101BA0009381334AB7F8B230938100222F493148EC
:101BB00010F06EF9C7F8AC00D7F8AC30002B0CD0A1
:101BC0002D4B1B6801332C4A1360D7F8AC204FF41F
:101BD000C9712A481BF0BEF902E0274B00221A60A7
:101BE00000222349264810F053F9C7F8A800D7F877
:101BF000A830002B0CD0204B1B6801331E4A136009
:101C0000D7F8A82040F293111C481BF0A3F902E07A
:101C1000194B00221A6000F01BFFC7F8F40007F10F
:101C2000A0030A2118460BF019FC134B1B68022B6A
:101C30007FF723AF00E000BF00224FF4804111483E
:101C400004F08AF810481BF0EDF910481BF0EAF98F
:101C50000A200BF083FC01F00AF800BFF837BD46FC
:101C6000B0BD00BF8096980038060024C805002447
:101C7000DC050024C405002498050024E8F10108CF
:101C8000D8050024000802580CF201081CF20108D3
:101C900080B582B000AF114BD3F8D8300F4A43F073
:101CA0000103C2F8D8300D4BD3F8D83003F001034C
:101CB0007B607B68002205210B2000F0B0FF0B2029
:101CC00000F0C7FF002205210C2000F0A8FF0C2027
:101CD00000F0BFFF00BF0837BD4680BD004402587A
:101CE00080B500AF084A002108480AF0F5FA03461B
:101CF000074A1360074A002107480AF0EDFA034635
:101D0000064A136000BF80BD28F30108211D0008AA
:101D1000E40600244CF30108371D0008E8060024FF
:101D200080B582B000AF7860FEF742FD4FF47A7064
:101D30000AF064FBFAE780B582B000AF78606420F7
:101D40000AF05CFBFFF74CFC4FF47A700AF056FB8C
:101D5000FAE7000080B58AB000AF07F11403002253
:101D60001A605A609A60DA601A61324BD3F8E03038
:101D7000304A43F00403C2F8E0302E4BD3F8E03091
:101D800003F004033B613B692A4BD3F8E030294A56
:101D900043F08003C2F8E030264BD3F8E03003F084
:101DA0008003FB60FB68234BD3F8E030214A43F00B
:101DB0001003C2F8E0301F4BD3F8E03003F01003FB
:101DC000BB60BB681B4BD3F8E0301A4A43F00803F2
:101DD000C2F8E030174BD3F8E03003F008037B6023
:101DE0007B68144BD3F8E030124A43F00103C2F889
:101DF000E030104BD3F8E03003F001033B603B6868
:101E000000224FF4C0410C4803F0A6FF4FF4C0433A
:101E10007B610123BB610023FB6100233B6207F16F
:101E200014031946044803F0E7FD00BF2837BD46F8
:101E300080BD00BF004402580008025880B500AFC2
:101E400000F0D8F800F0B4FD00F012F8FFF782FFC0
:101E5000FFF71EFF00F068FB00F0B4FB00F018FB7A
:101E60000AF0F0F9FFF73CFF0AF010FA00BFFDE7B7
:101E700080B59EB000AF07F12C034C22002118461C
:101E80001BF001F907F10C032022002118461BF07A
:101E9000FAF8022003F094FF0023BB60484BDB6A92
:101EA000474A23F00103D362454BDB6A03F0010389
:101EB000BB60444B9B69434A43F440439361414BAD
:101EC0009B6903F44043BB60BB6800BF3D4B9B690B
:101ED00003F40053B3F5005FF8D13B4BD3F8F43073
:101EE000394A43F00203C2F8F430374BD3F8F430E8
:101EF00003F002037B607B6800233B60314B9B69EE
:101F0000304A43F4404393612E4B9B6903F44043B2
:101F10003B602B4BDB6A2A4A43F00103D362284B18
:101F2000DB6A03F001033B603B6800BF254B9B6904
:101F300003F40053B3F5005FF8D10123FB624FF4C3
:101F400080333B6302233B6502237B650523BB652E
:101F5000C023FB6502233B6608237B660223BB6626
:101F60000823FB6600233B6700237B6707F12C03F4
:101F7000184603F05FFF0346002B01D000F078F80D
:101F80003F23FB6003233B6100237B610823BB618C
:101F90004023FB6140233B624FF480637B6240231C
:101FA000BB6207F10C030421184604F09DFB0346B5
:101FB000002B01D000F05CF800BF7837BD4680BD33
:101FC00000040058004802580044025880B584B00C
:101FD00000AFF860B9607A607B689AB2FF23B96895
:101FE000034807F099F87B6818461037BD4680BD56
:101FF0004007002480B584B000AF3B4600221A6041
:102000005A609A60DA6000F037FE01233B700023CB
:102010007B7000237B601F233B7287237B7200232E
:10202000BB720023FB7201233B7301237B730023EC
:10203000BB730023FB733B46184600F055FE04209B
:1020400000F032FE00BF1037BD4680BD80B582B0C3
:1020500000AF78607B681B68044A934201D100F0AE
:10206000E3FC00BF0837BD4680BD00BF0014004040
:1020700080B400AF72B600BF00BFFDE780B582B08C
:1020800000AF0C4BD3F8F4300A4A43F00203C2F815
:10209000F430084BD3F8F43003F002037B607B6824
:1020A00000220F216FF0010000F0B9FD00BF0837DA
:1020B000BD4680BD0044025880B590B000AF786046
:1020C0007B680F2B27D800227968372000F0A7FD06
:1020D000372000F0BEFD294A7B681360284BD3F8F7
:1020E000E830274A43F02003C2F8E830244BD3F805
:1020F000E83003F02003FB60FB6807F1100207F1F2
:1021000014031146184604F07BFEBB6ABB63BB6B2D
:10211000002B06D101E001232BE004F045FEF8631B
:1021200004E004F041FE03465B00FB63FB6B154AD1
:10213000A2FB03239B0C013B7B63134B134A1A60E6
:10214000114B40F2E732DA600F4A7B6B53600E4B63
:1021500000221A610C4B00229A600B4806F0BEFC6C
:102160000346002B04D1084806F01AFD034600E0A0
:10217000012318464037BD4680BD00BF1C00002427
:102180000044025883DE1B43EC0600240014004088
:1021900080B400AF00BFFDE780B400AF00BFFDE733
:1021A00080B400AF00BFFDE780B400AF00BFFDE723
:1021B00080B400AF00BFFDE780B400AF00BFBD46F4
:1021C0005DF8047B7047000080B500AF024802F064
:1021D000F5F800BF80BD00BFFC08002480B500AF4B
:1021E000024802F0EBF800BF80BD00BF7409002474
:1021F00080B500AF024807F0FDFA00BF80BD00BF08
:10220000D407002480B500AF024807F0F3FA00BFFE
:1022100080BD00BF6808002480B500AF024806F00A
:1022200037FD00BF80BD00BFEC06002480B400AFC6
:1022300001231846BD465DF8047B704780B582B027
:1022400000AF786039601AF06BFF034616221A60FF
:102250004FF0FF3318460837BD4680BD80B582B0C9
:1022600000AF78604FF0FF317868FFF7E7FF00BFFD
:10227000FDE780B586B000AFF860B9607A600023F2
:102280007B610AE0AFF300800146BB685A1CBA606C
:10229000CAB21A707B6901337B617A697B689A42A2
:1022A000F0DB7B6818461837BD4680BD80B483B02C
:1022B00000AF78604FF0FF3318460C37BD465DF82D
:1022C000047B704780B483B000AF786039603B68AE
:1022D0004FF400525A60002318460C37BD465DF893
:1022E000047B704780B483B000AF78600123184648
:1022F0000C37BD465DF8047B704780B485B000AFF5
:10230000F860B9607A60002318461437BD465DF85E
:10231000047B704780B586B000AF7860144A154BD7
:10232000D31A7B617B693B61134B1B68002B02D185
:10233000114B124A1A60104B1A687B6813443A69B1
:102340009A4207D21AF0ECFE03460C221A604FF0B4
:10235000FF3309E0084B1B68FB60074B1A687B687A
:102360001344054A1360FB6818461837BD4680BD04
:1023700000000824000400003C0700240801022497
:1023800080B400AF374BD3F88830364A43F470033B
:10239000C2F88830344B1B6803F00F03062B07D8B4
:1023A000314B1B6823F00F032F4A43F007031360E0
:1023B0002E4B1B682D4A43F0010313602B4B002268
:1023C0001A612A4B1A682949294B13400B60264B86
:1023D0001B6803F00803002B07D0234B1B6823F076
:1023E0000F03214A43F007031360204B00229A6138
:1023F0001E4B0022DA611D4B00221A621B4B1D4A44
:102400009A621A4B1C4ADA62184B1C4A1A63174B21
:1024100000225A63154B194A9A63144B0022DA635F
:10242000124B164A1A64114B00225A640F4B1B6858
:102430000E4A23F4802313600C4B00221A66104BC3
:102440001A68104B1340B3F1005F02D20E4B012209
:102450001A600E4B43F2D2021A6000BFBD465DF80F
:10246000047B704700ED00E0002000520044025859
:102470007FEDF6EA000202020000FF018002010186
:102480000010005C0000FFFF088100510040005276
:1024900080B500AF224B234A1A60214B4FF4E13242
:1024A0005A601F4B00229A601D4B0022DA601C4BC1
:1024B00000221A611A4B0C225A61194B00229A61B0
:1024C000174B0022DA61164B00221A62144B0022CD
:1024D0005A62134B00229A62114806F0CDFD034662
:1024E000002B01D0FFF7C4FD00210D4808F0CEFFFE
:1024F0000346002B01D0FFF7BBFD0021084809F07F
:1025000003F80346002B01D0FFF7B2FD044808F0A2
:1025100084FF0346002B01D0FFF7AAFD00BF80BD5A
:10252000400700240078004080B500AF224B234ACA
:102530001A60214B224A5A601F4B00229A601E4BA0
:102540000022DA601C4B00221A611B4B0C225A61DC
:10255000194B00229A61184B0022DA61164B0022B7
:102560001A62154B00225A62134B00229A621248DB
:1025700006F082FD0346002B01D0FFF779FD002114
:102580000D4808F083FF0346002B01D0FFF770FDD4
:102590000021094808F0B8FF0346002B01D0FFF7DF
:1025A00067FD054808F039FF0346002B01D0FFF70F
:1025B0005FFD00BF80BD00BFD407002400100140B4
:1025C00080841E0080B500AF224B234A1A60214B45
:1025D0004FF4E1325A601F4B00229A601D4B0022DB
:1025E000DA601C4B00221A611A4B0C225A61194BFB
:1025F00000229A61174B0022DA61164B00221A6200
:10260000144B00225A62134B00229A62114806F0C2
:1026100033FD0346002B01D0FFF72AFD00210D48B2
:1026200008F034FF0346002B01D0FFF721FD002105
:10263000084808F069FF0346002B01D0FFF718FD9A
:10264000044808F0EAFE0346002B01D0FFF710FD16
:1026500000BF80BD680800240048004080B5BEB0BF
:1026600000AF786007F1E40300221A605A609A60B4
:10267000DA601A6107F12003C022002118461AF01F
:1026800002FD7B681B68AA4A934247D14FF00202C1
:102690004FF00003C7E908230023C7F8983007F17B
:1026A0002003184604F0EEFB0346002B01D0FFF791
:1026B000DFFCA04BD3F8E8309E4A43F08043C2F8D9
:1026C000E8309C4BD3F8E83003F08043FB61FB69B2
:1026D000984BD3F8E030974A43F01003C2F8E0304B
:1026E000944BD3F8E03003F01003BB61BB694FF4A7
:1026F000C073C7F8E4300223C7F8E8300023C7F8F6
:10270000EC300023C7F8F0300723C7F8F43007F1A6
:10271000E4031946884803F06FF905E17B681B68FC
:10272000864A934240F0AC804FF001024FF0000324
:10273000C7E908230023C7F89C3007F12003184697
:1027400004F0A0FB0346002B01D0FFF791FC794B6E
:10275000D3F8F030774A43F01003C2F8F030754BED
:10276000D3F8F03003F010037B617B69714BD3F831
:10277000E030704A43F00103C2F8E0306D4BD3F80B
:10278000E03003F001033B613B694FF4C063C7F8DD
:10279000E4300223C7F8E8300023C7F8EC30002308
:1027A000C7F8F0300723C7F8F43007F1E4031946FF
:1027B000634803F021F9634B634A1A60614B292295
:1027C0005A60604B00229A605E4B0022DA605D4BDB
:1027D0004FF480621A615B4B00225A61594B002210
:1027E0009A61584B4FF48072DA61564B00221A629C
:1027F000544B00225A62534800F0B6FA0346002BAD
:1028000001D0FFF735FC7B684E4AC3F880204D4A63
:102810007B6893634D4B4E4A1A604C4B2A225A6098
:102820004A4B40229A60494B0022DA60474B4FF4F2
:1028300080621A61454B00225A61444B00229A6122
:10284000424B0022DA61414B00221A623F4B0022C8
:102850005A623E4800F088FA0346002B01D0FFF789
:1028600007FC7B68394ADA67384A7B689363002241
:102870000521252000F0D3F9252000F0EAF953E0E6
:102880007B681B68334A93424ED14FF002024FF0EF
:102890000003C7E908230023C7F8983007F1200395
:1028A000184604F0EFFA0346002B01D0FFF7E0FBD7
:1028B000204BD3F8E8301F4A43F48023C2F8E830B5
:1028C0001C4BD3F8E83003F48023FB60FB68194B02
:1028D000D3F8E030174A43F00803C2F8E030154B54
:1028E000D3F8E03003F00803BB60BB684FF44073DB
:1028F000C7F8E4300223C7F8E8300023C7F8EC300B
:102900000023C7F8F0300723C7F8F43007F1E403D9
:102910001946114803F070F800220521272000F025
:102920007EF9272000F095F900BFF837BD4680BD3D
:102930000078004000440258001002580010014086
:1029400000000258FC080024100002407409002412
:102950002800024000480040000C0258DFF834D044
:10296000FFF70EFD0C480D490D4A002302E0D45834
:10297000C4500433C4188C42F9D30A4A0A4C0023C9
:1029800001E013600432A242FBD31AF0CFFBFFF741
:1029900055FA704700000824000000247805002440
:1029A000DC0402087805002404010224FEE700008C
:1029B00080B582B000AF032000F026F904F04AF899
:1029C0000246154B9B691B0A03F00F031349CB5CAE
:1029D00003F01F0322FA03F37B600F4B9B6903F0A4
:1029E0000F030E4AD35C03F01F037A6822FA03F345
:1029F0000B4A13600B4A7B6813600F20FFF75CFBE8
:102A00000346002B01D0012302E0FFF737FB002330
:102A100018460837BD4680BD0044025870F30108CF
:102A2000180000241400002480B400AF064B1B786B
:102A30001A46064B1B681344044A136000BFBD4688
:102A40005DF8047B704700BF20000024EC090024DF
:102A500080B400AF034B1B681846BD465DF8047B8D
:102A6000704700BFEC09002480B400AF034B1B6823
:102A70001B0C1846BD465DF8047B70470010005CD7
:102A800080B485B000AF78607B6803F00703FB601B
:102A90000B4BDB68BB60BA684FF6FF031340BB60AB
:102AA000FB681A02BB681A43064B1343BB60044A17
:102AB000BB68D36000BF1437BD465DF8047B704728
:102AC00000ED00E00000FA0580B400AF044BDB68C5
:102AD0001B0A03F007031846BD465DF8047B7047E8
:102AE00000ED00E080B483B000AF0346FB80B7F98F
:102AF0000630002B0BDBFB8803F01F020749B7F9F8
:102B000006305B09012000FA02F241F8232000BFE1
:102B10000C37BD465DF8047B704700BF00E100E064
:102B200080B483B000AF03463960FB80B7F906304C
:102B3000002B0ADB3B68DAB20C49B7F90630120108
:102B4000D2B20B4483F800230AE03B68DAB20849AA
:102B5000FB8803F00F03043B1201D2B20B441A7638
:102B600000BF0C37BD465DF8047B704700E100E014
:102B700000ED00E080B489B000AFF860B9607A6021
:102B8000FB6803F00703FB61FB69C3F10703042B38
:102B900028BF0423BB61FB690433062B02D9FB6900
:102BA000033B00E000237B614FF0FF32BB6902FA78
:102BB00003F3DA43BB681A407B699A404FF0FF3158
:102BC0007B6901FA03F3D9437B680B401343184632
:102BD0002437BD465DF8047B7047000080B400AF29
:102BE000BFF34F8F00BF064BDB6803F4E06204497C
:102BF000044B1343CB60BFF34F8F00BF00BFFDE713
:102C000000ED00E00400FA0580B582B000AF786006
:102C10007868FFF735FF00BF0837BD4680BD80B537
:102C200086B000AF0346B9607A60FB81FFF74CFFC6
:102C300078617A68B9687869FFF79CFF0246B7F94E
:102C40000E3011461846FFF76BFF00BF1837BD4620
:102C500080BD80B582B000AF0346FB80B7F9063077
:102C60001846FFF73FFF00BF0837BD4680BD80B55F
:102C700000AFFFF7B3FF000080B400AFBFF35F8F7A
:102C800000BF074B5B6A064A23F480335362054B4F
:102C900000225A6000BFBD465DF8047B704700BF4C
:102CA00000ED00E090ED00E080B483B000AF78600C
:102CB0000B4A7B6843F0010353600A4B5B6A094A85
:102CC00043F480335362BFF34F8F00BFBFF36F8F66
:102CD00000BF00BF0C37BD465DF8047B704700BFE6
:102CE00090ED00E000ED00E080B483B000AF7860CC
:102CF0007B685A781B4B9A601A4B1B69194A23F060
:102D000001031361174A7B685B68D3607B681B7B98
:102D10001A077B68DB7A1B061A437B689B7ADB0405
:102D20001A437B685B7B9B041A437B689B7B5B0439
:102D30001A437B68DB7B1B041A437B685B7A1B02AC
:102D40001A437B681B7A5B0013437A68127811463A
:102D5000044A0B43136100BF0C37BD465DF8047B8A
:102D6000704700BF90ED00E080B586B000AF78609E
:102D7000FFF76EFE38617B68002B01D1012316E35B
:102D80007B681B68664A93424AD07B681B68654A29
:102D9000934245D07B681B68634A934240D07B686E
:102DA0001B68624A93423BD07B681B68604A93422F
:102DB00036D07B681B685F4A934231D07B681B68C2
:102DC0005D4A93422CD07B681B685C4A934227D0B3
:102DD0007B681B685A4A934222D07B681B68594A19
:102DE00093421DD07B681B68574A934218D07B687A
:102DF0001B68564A934213D07B681B68544A93421F
:102E00000ED07B681B68534A934209D07B681B68CD
:102E1000514A934204D07B681B68504A934201D1C7
:102E2000012300E00023002B00F03B817B6802229D
:102E300083F835207B68002283F834207B681B6888
:102E4000374A93424AD07B681B68364A934245D042
:102E50007B681B68344A934240D07B681B68334AC6
:102E600093423BD07B681B68314A934236D07B68E3
:102E70001B68304A934231D07B681B682E4A9342CC
:102E80002CD07B681B682D4A934227D07B681B6837
:102E90002B4A934222D07B681B682A4A93421DD05A
:102EA0007B681B68284A934218D07B681B68274AB6
:102EB000934213D07B681B68254A93420ED07B68EF
:102EC0001B68244A934209D07B681B68224A9342BC
:102ED00004D07B681B68214A934208D17B681B6839
:102EE0001A687B681B6822F001021A6007E07B68A1
:102EF0001B681A687B681B6822F001021A602FE0C9
:102F0000FFF7A6FD02463B69D31A052B28D97B683B
:102F100020225A657B68032283F83520012346E28C
:102F200010000240280002404000024058000240C9
:102F30007000024088000240A0000240B800024039
:102F40001004024028040240400402405804024099
:102F50007004024088040240A0040240B804024009
:102F60007B681B681B6803F00103002BC8D17B68DA
:102F70001B681B687B617A69834B13407B617B68AC
:102F80009A687B68DB681A437B681B691A437B6815
:102F90005B691A437B689B691A437B68DB691A4348
:102FA0007B681B6A13437A6913437B617B685B6AA6
:102FB000042B07D17B68DA6A7B681B6B13437A6941
:102FC00013437B61714B1A68714B1340B3F1005F7F
:102FD00028D37B685B68282B03D97B685B682E2B22
:102FE00017D97B685B683E2B03D97B685B68422BF3
:102FF0000FD97B685B68462B03D97B685B68482BDD
:1030000007D97B685B684E2B05D97B685B68522BC0
:1030100001D8012300E00023002B03D07B6943F497
:1030200080137B617B681B687A691A607B681B6808
:103030005B697B617B6923F007037B617B685B6A6B
:103040007A6913437B617B685B6A042B17D17B68C9
:103050009B6A7A6913437B617B68DB6A002B0ED025
:10306000786802F03FFB0346002B08D07B684022C3
:103070005A657B68012283F83520012397E17B683C
:103080001B687A695A61786802F07AFA0346BB6075
:103090007B68DB6D03F01F033F229A40BB689A6098
:1030A000CDE07B681B683B4A934222D07B681B685B
:1030B000394A93421DD07B681B68384A934218D026
:1030C0007B681B68364A934213D07B681B68354A7D
:1030D00093420ED07B681B68334A934209D07B68C9
:1030E0001B68324A934204D07B681B68304A934283
:1030F00001D1012300E00023002B00F097807B68C2
:103100001B68244A934221D07B681B68224A934261
:103110001CD07B681B68214A934217D07B681B68D0
:103120001F4A934212D07B681B681E4A93420DD0FF
:103130007B681B681C4A934208D07B681B681B4A4B
:10314000934203D07B681B68194A93427B68022232
:1031500083F835207B68002283F834207B681B6865
:103160001B687B617A69134B13407B617B689B68AA
:10317000402B21D07B689B68802B02D14FF4804389
:103180001BE0002319E000BF3F8010FE0010005C30
:103190000000FFFF085402581C54025830540258D3
:1031A00044540258585402586C54025880540258DF
:1031B000945402580F00FEFF10237A68D268D20898
:1031C0001A437B681B69DB081A437B685B69DB0871
:1031D0001A437B689B69DB081A437B68DB69DB0861
:1031E0001A437B681B6A1B0913437A6913437B618B
:1031F0007B681B687A691A607B681B681A466E4B8D
:1032000013446E4AA2FB03231B099A007B68DA650C
:10321000786802F0B5F90346FB607B68DB6D03F06C
:103220001F0301229A40FB685A6008E07B68402235
:103230005A657B68032283F835200123B7E07B6859
:103240001B685F4A934272D07B681B685D4A934259
:103250006DD07B681B685C4A934268D07B681B68B2
:103260005A4A934263D07B681B68594A93425ED0A6
:103270007B681B68574A934259D07B681B68564A43
:10328000934254D07B681B68544A93424FD07B686A
:103290001B68534A93424AD07B681B68514A934249
:1032A00045D07B681B68504A934240D07B681B68BE
:1032B0004E4A93423BD07B681B684D4A934236D0BE
:1032C0007B681B684B4A934231D07B681B684A4A33
:1032D00093422CD07B681B68484A934227D07B6876
:1032E0001B68474A934222D07B681B68454A934239
:1032F0001DD07B681B68444A934218D07B681B68CA
:10330000424A934213D07B681B68414A93420ED0D5
:103310007B681B683F4A934209D07B681B683E4A22
:10332000934204D07B681B683C4A934201D101233D
:1033300000E00023002B32D0786802F04FFA7B685F
:103340009B68802B02D17B6800225A607B685A6898
:103350007B681B6ED2B21A607B685B6E7A68926E75
:103360005A607B685B68002B10D07B685B68082B19
:103370000CD8786802F0CCFA7B68DB6E00221A6009
:103380007B681B6F7A68526F5A6008E07B68002286
:10339000DA667B6800221A677B6800225A677B68BE
:1033A00000225A657B68012283F8352000231846E5
:1033B0001837BD4680BD00BFF8ABFDA7CDCCCCCC47
:1033C0001000024028000240400002405800024025
:1033D0007000024088000240A0000240B800024095
:1033E00010040240280402404004024058040240F5
:1033F0007004024088040240A0040240B804024065
:10340000085402581C54025830540258445402586C
:10341000585402586C54025880540258945402581C
:1034200080B586B000AFF860B9607A603B60002379
:10343000FB75FB68002B01D1012326E2FB6893F8A2
:103440003430012B01D102231FE2FB68012283F8F3
:103450003420FB6893F83530DBB2012B40F00A8250
:10346000FB68022283F83520FB6800225A65FB685E
:103470001B68684A93424AD0FB681B68664A9342BD
:1034800045D0FB681B68654A934240D0FB681B68C7
:10349000634A93423BD0FB681B68624A934236D032
:1034A000FB681B68604A934231D0FB681B685F4A27
:1034B00093422CD0FB681B685D4A934227D0FB687F
:1034C0001B685C4A934222D0FB681B685A4A9342AD
:1034D0001DD0FB681B68594A934218D0FB681B68D3
:1034E000574A934213D0FB681B68564A93420ED04A
:1034F000FB681B68544A934209D0FB681B68534A17
:10350000934204D0FB681B68514A934208D1FB6880
:103510001B681A68FB681B6822F001021A6007E04A
:10352000FB681B681A68FB681B6822F001021A60BE
:103530003B687A68B968F86801F076FEFB681B683A
:10354000344A93424AD0FB681B68334A934245D0C1
:10355000FB681B68314A934240D0FB681B68304AC5
:1035600093423BD0FB681B682E4A934236D0FB68DF
:103570001B682D4A934231D0FB681B682B4A93424B
:103580002CD0FB681B682A4A934227D0FB681B6833
:10359000284A934222D0FB681B68274A93421DD0D9
:1035A000FB681B68254A934218D0FB681B68244AB5
:1035B000934213D0FB681B68224A93420ED0FB68EB
:1035C0001B68214A934209D0FB681B681F4A93423B
:1035D00004D0FB681B681E4A934201D1012300E01E
:1035E0000023002B36D0FB681B681B6823F01E02EB
:1035F000FB681B6842F016021A60FB681B6C002B0C
:103600003ED0FB681B681A68FB681B6842F0080222
:103610001A6035E0100002402800024040000240DD
:10362000580002407000024088000240A0000240A2
:10363000B800024010040240280402404004024046
:10364000580402407004024088040240A004024072
:10365000B8040240FB681B681B6823F00E02FB687D
:103660001B6842F00A021A60FB681B6C002B07D033
:10367000FB681B681A68FB681B6842F004021A604A
:10368000FB681B68834A934272D0FB681B68824ABE
:1036900093426DD0FB681B68804A934268D0FB68F8
:1036A0001B687F4A934263D0FB681B687D4A934244
:1036B0005ED0FB681B687C4A934259D0FB681B684C
:1036C0007A4A934254D0FB681B68794A93424FD0A0
:1036D000FB681B68774A93424AD0FB681B68764AAE
:1036E000934245D0FB681B68744A934240D0FB6804
:1036F0001B68734A93423BD0FB681B68714A934234
:1037000036D0FB681B68704A934231D0FB681B6857
:103710006E4A93422CD0FB681B686D4A934227D0B7
:10372000FB681B686B4A934222D0FB681B686A4A9D
:1037300093421DD0FB681B68684A934218D0FB680F
:103740001B68674A934213D0FB681B68654A934223
:103750000ED0FB681B68644A934209D0FB681B6863
:10376000624A934204D0FB681B68614A934201D1CC
:10377000012300E00023002B1AD0FB681B6E1B689E
:1037800003F48033002B07D0FB681B6E1A68FB68BC
:103790001B6E42F480721A60FB68DB6E002B07D050
:1037A000FB68DB6E1A68FB68DB6E42F480721A609D
:1037B000FB681B68374A93424AD0FB681B68364A4D
:1037C000934245D0FB681B68344A934240D0FB6863
:1037D0001B68334A93423BD0FB681B68314A9342D3
:1037E00036D0FB681B68304A934231D0FB681B68B7
:1037F0002E4A93422CD0FB681B682D4A934227D057
:10380000FB681B682B4A934222D0FB681B682A4A3C
:1038100093421DD0FB681B68284A934218D0FB686E
:103820001B68274A934213D0FB681B68254A9342C2
:103830000ED0FB681B68244A934209D0FB681B68C2
:10384000224A934204D0FB681B68214A934208D164
:10385000FB681B681A68FB681B6842F001021A606B
:1038600012E0FB681B681A68FB681B6842F00102E3
:103870001A6009E0FB684FF400625A65FB68002299
:1038800083F834200123FB75FB7D18461837BD46AD
:1038900080BD00BF100002402800024040000240EE
:1038A000580002407000024088000240A000024020
:1038B000B8000240100402402804024040040240C4
:1038C000580402407004024088040240A0040240F0
:1038D000B8040240085402581C540258305402588C
:1038E00044540258585402586C5402588054025898
:1038F0009454025880B586B000AF7860FFF7A8F8FE
:1039000038617B68002B01D10123DCE27B6893F8EE
:103910003530DBB2022B08D07B6880225A657B6889
:10392000002283F834200123CDE27B681B68764AAD
:1039300093424AD07B681B68744A934245D07B68A7
:103940001B68734A934240D07B681B68714A93425C
:103950003BD07B681B68704A934236D07B681B68FB
:103960006E4A934231D07B681B686D4A93422CD0DB
:103970007B681B686B4A934227D07B681B686A4A46
:10398000934222D07B681B68684A93421DD07B68B3
:103990001B68674A934218D07B681B68654A93424C
:1039A00013D07B681B68644A93420ED07B681B6807
:1039B000624A934209D07B681B68614A934204D0F3
:1039C0007B681B685F4A934201D1012300E000231A
:1039D000002B13D07B681B681A687B681B6822F079
:1039E0001E021A607B681B685A697B681B6822F09C
:1039F00080025A617B681B687B610AE07B681B68F8
:103A00001A687B681B6822F00E021A607B681B68CC
:103A10007B617B681B683C4A934272D07B681B6861
:103A20003A4A93426DD07B681B68394A934268D00A
:103A30007B681B68374A934263D07B681B68364AB1
:103A400093425ED07B681B68344A934259D07B68AE
:103A50001B68334A934254D07B681B68314A9342B7
:103A60004FD07B681B68304A93424AD07B681B6802
:103A70002E4A934245D07B681B682D4A934240D022
:103A80007B681B682B4A93423BD07B681B682A4AA1
:103A9000934236D07B681B68284A934231D07B68BA
:103AA0001B68274A93422CD07B681B68254A9342A7
:103AB00027D07B681B68244A934222D07B681B680E
:103AC000224A93421DD07B681B68214A934218D03A
:103AD0007B681B681F4A934213D07B681B681E4A91
:103AE00093420ED07B681B681C4A934209D07B68C6
:103AF0001B681B4A934204D07B681B68194A934297
:103B000032D1012331E000BF100002402800024002
:103B1000400002405800024070000240880002400D
:103B2000A0000240B80002401004024028040240F5
:103B300040040240580402407004024088040240DD
:103B4000A0040240B8040240085402581C54025811
:103B50003054025844540258585402586C54025875
:103B600080540258945402580023002B07D07B68DD
:103B70001B6E1A687B681B6E22F480721A607B6869
:103B80001B686D4A93424AD07B681B686B4A93421C
:103B900045D07B681B686A4A934240D07B681B68AB
:103BA000684A93423BD07B681B68674A934236D091
:103BB0007B681B68654A934231D07B681B68644A06
:103BC00093422CD07B681B68624A934227D07B6863
:103BD0001B68614A934222D07B681B685F4A93420C
:103BE0001DD07B681B685E4A934218D07B681B68B7
:103BF0005C4A934213D07B681B685B4A93420ED0A9
:103C00007B681B68594A934209D07B681B68584AF5
:103C1000934204D07B681B68564A934208D17B6864
:103C20001B681A687B681B6822F001021A6007E0B3
:103C30007B681B681A687B681B6822F001021A60A7
:103C400013E0FEF705FF02463B69D31A052B0CD99A
:103C50007B6820225A657B68032283F835207B68C5
:103C6000002283F8342001232DE17B691B6803F0D7
:103C70000103002BE5D17B681B682F4A93424AD091
:103C80007B681B682D4A934245D07B681B682C4A91
:103C9000934240D07B681B682A4A93423BD07B68A2
:103CA0001B68294A934236D07B681B68274A934297
:103CB00031D07B681B68264A93422CD07B681B68F6
:103CC000244A934227D07B681B68234A934222D020
:103CD0007B681B68214A93421DD07B681B68204A81
:103CE000934218D07B681B681E4A934213D07B68AE
:103CF0001B681D4A93420ED07B681B681B4A934287
:103D000009D07B681B681A4A934204D07B681B6801
:103D1000184A934201D1012300E00023002B2BD04D
:103D20007B689B6DBB607B68DB6D03F01F033F22EC
:103D30009A40BB689A602AE01000024028000240C6
:103D400040000240580002407000024088000240DB
:103D5000A0000240B80002401004024028040240C3
:103D600040040240580402407004024088040240AB
:103D7000A0040240B80402407B689B6DFB607B6836
:103D8000DB6D03F01F0301229A40FB685A607B68D9
:103D90001B684F4A934272D07B681B684D4A93421E
:103DA0006DD07B681B684C4A934268D07B681B6867
:103DB0004A4A934263D07B681B68494A93425ED06B
:103DC0007B681B68474A934259D07B681B68464A08
:103DD000934254D07B681B68444A93424FD07B681F
:103DE0001B68434A93424AD07B681B68414A93420E
:103DF00045D07B681B68404A934240D07B681B6873
:103E00003E4A93423BD07B681B683D4A934236D082
:103E10007B681B683B4A934231D07B681B683A4AF7
:103E200093422CD07B681B68384A934227D07B682A
:103E30001B68374A934222D07B681B68354A9342FD
:103E40001DD07B681B68344A934218D07B681B687E
:103E5000324A934213D07B681B68314A93420ED09A
:103E60007B681B682F4A934209D07B681B682E4AE7
:103E7000934204D07B681B682C4A934201D10123F2
:103E800000E00023002B15D07B685B6E7A68926E91
:103E90005A607B68DB6E002B0CD07B68DB6E1A6887
:103EA0007B68DB6E22F480721A607B681B6F7A6815
:103EB000526F5A607B68012283F835207B680022AC
:103EC00083F83420002318461837BD4680BD00BF54
:103ED000100002402800024040000240580002400A
:103EE0007000024088000240A0000240B80002407A
:103EF00010040240280402404004024058040240DA
:103F00007004024088040240A0040240B804024049
:103F1000085402581C540258305402584454025851
:103F2000585402586C540258805402589454025801
:103F300080B584B000AF78607B68002B01D101238D
:103F400037E27B6893F83530DBB2022B04D07B6814
:103F500080225A6501232CE27B681B685C4A9342ED
:103F60004AD07B681B685B4A934245D07B681B68DC
:103F7000594A934240D07B681B68584A93423BD0D1
:103F80007B681B68564A934236D07B681B68554A4B
:103F9000934231D07B681B68534A93422CD07B6894
:103FA0001B68524A934227D07B681B68504A934251
:103FB00022D07B681B684F4A93421DD07B681B68E8
:103FC0004D4A934218D07B681B684C4A934213D0E9
:103FD0007B681B684A4A93420ED07B681B68494A3B
:103FE000934209D07B681B68474A934204D07B68A0
:103FF0001B68464A934201D1012300E00023002BB5
:1040000000F086807B68042283F835207B681B687B
:104010002F4A93424AD07B681B682E4A934245D070
:104020007B681B682C4A934240D07B681B682B4AF4
:1040300093423BD07B681B68294A934236D07B6809
:104040001B68284A934231D07B681B68264A9342FA
:104050002CD07B681B68254A934227D07B681B685D
:10406000234A934222D07B681B68224A93421DD088
:104070007B681B68204A934218D07B681B681F4AE4
:10408000934213D07B681B681D4A93420ED07B6815
:104090001B681C4A934209D07B681B681A4A9342EA
:1040A00004D07B681B68194A934208D17B681B685F
:1040B0001A687B681B6822F001021A6078E17B684D
:1040C0001B681A687B681B6822F001021A606FE1A6
:1040D0001000024028000240400002405800024008
:1040E0007000024088000240A0000240B800024078
:1040F00010040240280402404004024058040240D8
:104100007004024088040240A0040240B804024047
:104110007B681B681A687B681B6822F00E021A60B5
:104120007B681B686C4A93424AD07B681B686B4A69
:10413000934245D07B681B68694A934240D07B68B4
:104140001B68684A93423BD07B681B68664A93426F
:1041500036D07B681B68654A934231D07B681B6808
:10416000634A93422CD07B681B68624A934227D0F3
:104170007B681B68604A934222D07B681B685F4A59
:1041800093421DD07B681B685D4A934218D07B68C0
:104190001B685C4A934213D07B681B685A4A93425F
:1041A0000ED07B681B68594A934209D07B681B6814
:1041B000574A934204D07B681B68564A934208D101
:1041C0007B681B681A687B681B6822F001021A6012
:1041D00007E07B681B681A687B681B6822F0010295
:1041E0001A607B681B683C4A934272D07B681B68EC
:1041F0003A4A93426DD07B681B68394A934268D033
:104200007B681B68374A934263D07B681B68364AD9
:1042100093425ED07B681B68344A934259D07B68D6
:104220001B68334A934254D07B681B68314A9342DF
:104230004FD07B681B68304A93424AD07B681B682A
:104240002E4A934245D07B681B682D4A934240D04A
:104250007B681B682B4A93423BD07B681B682A4AC9
:10426000934236D07B681B68284A934231D07B68E2
:104270001B68274A93422CD07B681B68254A9342CF
:1042800027D07B681B68244A934222D07B681B6836
:10429000224A93421DD07B681B68214A934218D062
:1042A0007B681B681F4A934213D07B681B681E4AB9
:1042B00093420ED07B681B681C4A934209D07B68EE
:1042C0001B681B4A934204D07B681B68194A9342BF
:1042D00032D1012331E000BF10000240280002402B
:1042E0004000024058000240700002408800024036
:1042F000A0000240B800024010040240280402401E
:104300004004024058040240700402408804024005
:10431000A0040240B8040240085402581C54025839
:104320003054025844540258585402586C5402589D
:1043300080540258945402580023002B28D07B68E4
:104340001B6E1A687B681B6E22F480721A607B6891
:104350009B6DFB607B68DB6D03F01F0301229A40BD
:10436000FB685A607B685B6E7A68926E5A607B6805
:10437000DB6E002B0CD07B68DB6E1A687B68DB6E13
:1043800022F480721A607B681B6F7A68526F5A60E1
:104390007B68012283F835207B68002283F8342073
:1043A0007B681B6D002B03D07B681B6D786898477A
:1043B000002318461037BD4680BD00BF80B58AB0C7
:1043C00000AF78600023FB60674B1B68674AA2FB65
:1043D00003239B0A7B627B689B6D3B627B689B6DC2
:1043E000FB613B6A1B68BB61FB691B687B617B6887
:1043F0001B685F4A93424AD07B681B685D4A9342C0
:1044000045D07B681B685C4A934240D07B681B6840
:104410005A4A93423BD07B681B68594A934236D034
:104420007B681B68574A934231D07B681B68564AA9
:1044300093422CD07B681B68544A934227D07B68F8
:104440001B68534A934222D07B681B68514A9342AF
:104450001DD07B681B68504A934218D07B681B684C
:104460004E4A934213D07B681B684D4A93420ED04C
:104470007B681B684B4A934209D07B681B684A4A99
:10448000934204D07B681B68484A934201D10123C0
:1044900000E00023002B00F02B847B68DB6D03F031
:1044A0001F0308229A40BB691340002B00F0A28032
:1044B0007B681B682E4A93424AD07B681B682D4A52
:1044C000934245D07B681B682B4A934240D07B685F
:1044D0001B682A4A93423BD07B681B68284A934258
:1044E00036D07B681B68274A934231D07B681B68B3
:1044F000254A93422CD07B681B68244A934227D0DC
:104500007B681B68224A934222D07B681B68214A41
:1045100093421DD07B681B681F4A934218D07B686A
:104520001B681E4A934213D07B681B681C4A934247
:104530000ED07B681B681B4A934209D07B681B68BE
:10454000194A934204D07B681B68184A93422FD1C2
:104550007B681B681B6803F00403002B14BF012356
:104560000023DBB22EE000BF14000024B5814E1BF7
:104570001000024028000240400002405800024063
:104580007000024088000240A0000240B8000240D3
:104590001004024028040240400402405804024033
:1045A0007004024088040240A0040240B8040240A3
:1045B0007B681B681B6803F00803002B14BF0123F2
:1045C0000023DBB2002B15D07B681B681A687B6860
:1045D0001B6822F004021A607B68DB6D03F01F0386
:1045E00008229A403B6A9A607B685B6D43F0010247
:1045F0007B685A657B68DB6D03F01F03BA6922FA9A
:1046000003F303F00103002B6ED07B681B68694A3B
:1046100093424AD07B681B68674A934245D07B68C7
:104620001B68664A934240D07B681B68644A934289
:104630003BD07B681B68634A934236D07B681B681B
:10464000614A934231D07B681B68604A93422CD008
:104650007B681B685E4A934227D07B681B685D4A73
:10466000934222D07B681B685B4A93421DD07B68D3
:104670001B685A4A934218D07B681B68584A934279
:1046800013D07B681B68574A93420ED07B681B6827
:10469000554A934209D07B681B68544A934204D020
:1046A0007B681B68524A93420AD17B681B685B692E
:1046B00003F08003002B14BF01230023DBB203E0CF
:1046C0007B681B681B680023002B0DD07B68DB6DAB
:1046D00003F01F0301229A403B6A9A607B685B6D7E
:1046E00043F002027B685A657B68DB6D03F01F03B1
:1046F00004229A40BB691340002B00F08F807B6836
:104700001B682C4A93424AD07B681B682A4A934212
:1047100045D07B681B68294A934240D07B681B6860
:10472000274A93423BD07B681B68264A934236D087
:104730007B681B68244A934231D07B681B68234AFC
:1047400093422CD07B681B68214A934227D07B6818
:104750001B68204A934222D07B681B681E4A934202
:104760001DD07B681B681D4A934218D07B681B686C
:104770001B4A934213D07B681B681A4A93420ED09F
:104780007B681B68184A934209D07B681B68174AEC
:10479000934204D07B681B68154A93422AD17B68F8
:1047A0001B681B6803F00203002B14BF01230023C6
:1047B000DBB223E01000024028000240400002402B
:1047C000580002407000024088000240A0000240F1
:1047D000B800024010040240280402404004024095
:1047E000580402407004024088040240A0040240C1
:1047F000B80402407B681B681B680023002B0DD0A7
:104800007B68DB6D03F01F0304229A403B6A9A60C9
:104810007B685B6D43F004027B685A657B68DB6DE7
:1048200003F01F0310229A40BB691340002B00F0D5
:10483000A6807B681B68854A93424AD07B681B68C8
:10484000834A934245D07B681B68824A934240D09A
:104850007B681B68804A93423BD07B681B687F4A19
:10486000934236D07B681B687D4A934231D07B6887
:104870001B687C4A93422CD07B681B687A4A93421F
:1048800027D07B681B68794A934222D07B681B68DB
:10489000774A93421DD07B681B68764A934218D0B2
:1048A0007B681B68744A934213D07B681B68734A09
:1048B00093420ED07B681B68714A934209D07B6893
:1048C0001B68704A934204D07B681B686E4A93420F
:1048D0000AD17B681B681B6803F00803002B14BF18
:1048E00001230023DBB209E07B681B681B6803F02F
:1048F0000403002B14BF01230023DBB2002B3ED0A6
:104900007B68DB6D03F01F0310229A403B6A9A60BC
:104910007B681B681B6803F48023002B18D07B681E
:104920001B681B6803F40023002B08D17B681B6CF9
:10493000002B24D07B681B6C786898471FE07B684D
:104940009B6C002B1BD07B689B6C7868984716E0AB
:104950007B681B681B6803F48073002B07D17B689E
:104960001B681A687B681B6822F008021A607B6863
:104970001B6C002B03D07B681B6C786898477B68A6
:10498000DB6D03F01F0320229A40BB691340002B0C
:1049900000F010817B681B682C4A93424AD07B68E8
:1049A0001B682B4A934245D07B681B68294A934277
:1049B00040D07B681B68284A93423BD07B681B68C9
:1049C000264A934236D07B681B68254A934231D0F1
:1049D0007B681B68234A93422CD07B681B68224A61
:1049E000934227D07B681B68204A934222D07B6881
:1049F0001B681F4A93421DD07B681B681D4A934267
:104A000018D07B681B681C4A934213D07B681B68D4
:104A10001A4A93420ED07B681B68194A934209D008
:104A20007B681B68174A934204D07B681B68164A50
:104A300093422BD17B681B681B6803F01003002B8B
:104A400014BF01230023DBB22AE000BF10000240A4
:104A5000280002404000024058000240700002401E
:104A600088000240A0000240B8000240100402404A
:104A700028040240400402405804024070040240EE
:104A800088040240A0040240B80402407B681B680E
:104A90001B6803F00203002B14BF01230023DBB2C9
:104AA000002B00F087807B68DB6D03F01F03202262
:104AB0009A403B6A9A607B6893F83530DBB2042BEE
:104AC00039D17B681B681A687B681B6822F0160264
:104AD0001A607B681B685A697B681B6822F0800239
:104AE0005A617B681B6C002B03D17B689B6C002B8D
:104AF00007D07B681B681A687B681B6822F0080275
:104B00001A607B68DB6D03F01F033F229A403B6A0B
:104B10009A607B68012283F835207B68002283F845
:104B200034207B681B6D002B00F04A837B681B6D73
:104B30007868984744E37B681B681B6803F480230C
:104B4000002B18D07B681B681B6803F40023002B24
:104B500008D17B685B6C002B2CD07B685B6C786821
:104B6000984727E07B68DB6B002B23D07B68DB6BEF
:104B7000786898471EE07B681B681B6803F48073A5
:104B8000002B0FD17B681B681A687B681B6822F0BA
:104B900010021A607B68012283F835207B680022AE
:104BA00083F834207B68DB6B002B03D07B68DB6BE6
:104BB000786898477B685B6D002B00F006837B6804
:104BC0005B6D03F00103002B00F088807B680422FA
:104BD00083F835207B681B687A4A93424AD07B6809
:104BE0001B68794A934245D07B681B68774A934299
:104BF00040D07B681B68764A93423BD07B681B6839
:104C0000744A934236D07B681B68734A934231D012
:104C10007B681B68714A93422CD07B681B68704A82
:104C2000934227D07B681B686E4A934222D07B68F0
:104C30001B686D4A93421DD07B681B686B4A934288
:104C400018D07B681B686A4A934213D07B681B6844
:104C5000684A93420ED07B681B68674A934209D02A
:104C60007B681B68654A934204D07B681B68644A72
:104C7000934208D17B681B681A687B681B6822F026
:104C800001021A6007E07B681B681A687B681B6872
:104C900022F001021A60FB680133FB607A6A9A42D3
:104CA00007D37B681B681B6803F00103002BF2D15C
:104CB00000E000BF7B681B681B6803F00103002B4A
:104CC00004D07B68032283F8352003E07B6801224F
:104CD00083F835207B68002283F834207B68DB6C06
:104CE000002B00F072827B68DB6C786898476CE27E
:104CF0007B681B68434A934222D07B681B68424A08
:104D000093421DD07B681B68404A934218D07B6851
:104D10001B683F4A934213D07B681B683D4A93420D
:104D20000ED07B681B683C4A934209D07B681B68A5
:104D30003A4A934204D07B681B68394A934201D1B6
:104D4000012300E00023002B00F03F827B681B68FA
:104D50001B683B617B68DB6D03F01F0304229A40F4
:104D60007B691340002B00F0CD803B6903F0040306
:104D7000002B00F0C7807B68DB6D03F01F0304226B
:104D80009A40FB695A603B6903F40043002B49D009
:104D90003B6903F48033002B09D17B689B6C002BAB
:104DA00000F010827B689B6C786898470AE27B6809
:104DB0001B6C002B00F006827B681B6C78689847A0
:104DC00000E200BF10000240280002404000024004
:104DD000580002407000024088000240A0000240DB
:104DE000B80002401004024028040240400402407F
:104DF000580402407004024088040240A0040240AB
:104E0000B8040240085402581C5402583054025846
:104E100044540258585402586C5402588054025852
:104E2000945402583B6903F02003002B60D17B6847
:104E30001B687F4A93424AD07B681B687D4A934235
:104E400045D07B681B687C4A934240D07B681B68D6
:104E50007A4A93423BD07B681B68794A934236D0AA
:104E60007B681B68774A934231D07B681B68764A1F
:104E700093422CD07B681B68744A934227D07B688E
:104E80001B68734A934222D07B681B68714A934225
:104E90001DD07B681B68704A934218D07B681B68E2
:104EA0006E4A934213D07B681B686D4A93420ED0C2
:104EB0007B681B686B4A934209D07B681B686A4A0F
:104EC000934204D07B681B68684A934208D17B6890
:104ED0001B681A687B681B6822F008021A6007E0EA
:104EE0007B681B681A687B681B6822F004021A60E2
:104EF0007B681B6C002B00F065817B681B6C7868FD
:104F000098475FE17B68DB6D03F01F0302229A4044
:104F10007B691340002B00F0C5803B6903F002035E
:104F2000002B00F0BF807B68DB6D03F01F030222C3
:104F30009A40FB695A603B6903F40043002B18D088
:104F40003B6903F48033002B09D17B685B6C002B39
:104F500000F03A817B685B6C7868984734E17B6845
:104F6000DB6B002B00F030817B68DB6B7868984747
:104F70002AE13B6903F02003002B40F089807B6825
:104F80001B682B4A93424AD07B681B68294A93428C
:104F900045D07B681B68284A934240D07B681B68D9
:104FA000264A93423BD07B681B68254A934236D001
:104FB0007B681B68234A934231D07B681B68224A76
:104FC00093422CD07B681B68204A934227D07B6891
:104FD0001B681F4A934222D07B681B681D4A93427C
:104FE0001DD07B681B681C4A934218D07B681B68E5
:104FF0001A4A934213D07B681B68194A93420ED019
:105000007B681B68174A934209D07B681B68164A65
:10501000934204D07B681B68144A934228D17B6872
:105020001B681A687B681B6822F014021A6027E06C
:105030001000024028000240400002405800024098
:105040007000024088000240A0000240B800024008
:105050001004024028040240400402405804024068
:105060007004024088040240A0040240B8040240D8
:105070007B681B681A687B681B6822F00A021A604A
:105080007B68012283F835207B68002283F8342076
:105090007B68DB6B002B00F097807B68DB6B7868AC
:1050A000984791E07B68DB6D03F01F0308229A406C
:1050B0007B691340002B00F088803B6903F00803F4
:1050C000002B00F082807B681B68414A93424AD0E3
:1050D0007B681B683F4A934245D07B681B683E4A09
:1050E000934240D07B681B683C4A93423BD07B682C
:1050F0001B683B4A934236D07B681B68394A93420F
:1051000031D07B681B68384A93422CD07B681B687F
:10511000364A934227D07B681B68354A934222D097
:105120007B681B68334A93421DD07B681B68324AF8
:10513000934218D07B681B68304A934213D07B6837
:105140001B682F4A93420ED07B681B682D4A9342FE
:1051500009D07B681B682C4A934204D07B681B688B
:105160002A4A934208D17B681B681A687B681B68CF
:1051700022F01C021A6007E07B681B681A687B68D3
:105180001B6822F00E021A607B68DB6D03F01F03C0
:1051900001229A40FB695A607B6801225A657B684C
:1051A000012283F835207B68002283F834207B6855
:1051B000DB6C002B09D07B68DB6C7868984704E0D7
:1051C00000BF02E000BF00E000BF2837BD4680BD41
:1051D00010000240280002404000024058000240F7
:1051E0007000024088000240A0000240B800024067
:1051F00010040240280402404004024058040240C7
:105200007004024088040240A0040240B804024036
:1052100080B483B000AF78607B685B6D18460C3754
:10522000BD465DF8047B704780B487B000AFF8607E
:10523000B9607A603B60FB689B6D7B61FB689B6D2E
:105240003B61FB681B687F4A934272D0FB681B6816
:105250007D4A93426DD0FB681B687C4A934268D0BC
:10526000FB681B687A4A934263D0FB681B68794AE3
:1052700093425ED0FB681B68774A934259D0FB6823
:105280001B68764A934254D0FB681B68744A934269
:105290004FD0FB681B68734A93424AD0FB681B6877
:1052A000714A934245D0FB681B68704A934240D0D4
:1052B000FB681B686E4A93423BD0FB681B686D4AD3
:1052C000934236D0FB681B686B4A934231D0FB682F
:1052D0001B686A4A93422CD0FB681B68684A934259
:1052E00027D0FB681B68674A934222D0FB681B6883
:1052F000654A93421DD0FB681B68644A934218D0EC
:10530000FB681B68624A934213D0FB681B68614AC2
:1053100093420ED0FB681B685F4A934209D0FB683A
:105320001B685E4A934204D0FB681B685C4A934248
:1053300001D1012300E00023002B0DD0FB685B6E40
:10534000FA68926E5A60FB68DB6E002B04D0FB6833
:105350001B6FFA68526F5A60FB681B68394A9342A8
:105360004AD0FB681B68384A934245D0FB681B68EB
:10537000364A934240D0FB681B68354A93423BD083
:10538000FB681B68334A934236D0FB681B68324A7D
:10539000934231D0FB681B68304A93422CD0FB68A3
:1053A0001B682F4A934227D0FB681B682D4A934203
:1053B00022D0FB681B682C4A93421DD0FB681B68F7
:1053C0002A4A934218D0FB681B68294A934213D09B
:1053D000FB681B68274A93420ED0FB681B68264A6D
:1053E000934209D0FB681B68244A934204D0FB68AF
:1053F0001B68234A934201D1012300E00023002BC4
:1054000059D0FB68DB6D03F01F033F229A407B6994
:105410009A60FB681B681A68FB681B6822F480228C
:105420001A60FB681B683A685A60FB689B68402BEF
:1054300038D1FB681B687A689A60FB681B68BA6899
:10544000DA6086E01000024028000240400002407E
:10545000580002407000024088000240A000024054
:10546000B8000240100402402804024040040240F8
:10547000580402407004024088040240A004024024
:10548000B8040240085402581C54025830540258C0
:1054900044540258585402586C54025880540258CC
:1054A00094540258FB681B68BA689A60FB681B68D2
:1054B0007A68DA604DE0FB681B68294A934222D083
:1054C000FB681B68274A93421DD0FB681B68264A6D
:1054D000934218D0FB681B68244A934213D0FB68A0
:1054E0001B68234A93420ED0FB681B68214A9342F3
:1054F00009D0FB681B68204A934204D0FB681B68F4
:105500001E4A934201D1012300E00023002B20D04A
:10551000FB68DB6D03F01F0301229A403B695A6070
:10552000FB681B683A685A60FB689B68402B08D18F
:10553000FB681B687A689A60FB681B68BA68DA6067
:1055400007E0FB681B68BA689A60FB681B687A68AA
:10555000DA6000BF1C37BD465DF8047B704700BFB2
:10556000085402581C5402583054025844540258EB
:10557000585402586C54025880540258945402589B
:1055800080B485B000AF78607B681B68424A934264
:105590004AD07B681B68414A934245D07B681B68B0
:1055A0003F4A934240D07B681B683E4A93423BD0BF
:1055B0007B681B683C4A934236D07B681B683B4A39
:1055C000934231D07B681B68394A93422CD07B6868
:1055D0001B68384A934227D07B681B68364A93423F
:1055E00022D07B681B68354A93421DD07B681B68BC
:1055F000334A934218D07B681B68324A934213D0D7
:105600007B681B68304A93420ED07B681B682F4A28
:10561000934209D07B681B682D4A934204D07B6873
:105620001B682C4A934201D1012300E00023002B88
:1056300024D07B681B68DBB2103B274AA2FB032304
:105640001B09FB60FB6803F00703244AD35C1A467E
:105650007B68DA65FB68032B08D97B681B681A46F0
:105660001F4B13401A1D7B689A650DE07B681B6811
:105670001A461B4B13407A68936505E07B681B68EC
:1056800023F0FF027B689A657B689B6D1846143790
:10569000BD465DF8047B70471000024028000240C0
:1056A0004000024058000240700002408800024062
:1056B000A0000240B800024010040240280402404A
:1056C0004004024058040240700402408804024032
:1056D000A0040240B8040240ABAAAAAA80F30108C1
:1056E00000FCFFFF80B485B000AF78600023FB733F
:1056F0007B689B69002B20D17B689B6A032B58D861
:1057000001A252F823F000BF195700082B570008D8
:1057100019570008B35700087B68DB6A03F08073F1
:10572000002B48D00123FB7345E07B68DB6AB3F1B3
:10573000C07F42D10123FB733FE07B689B69B3F5D7
:10574000005F23D17B689B6A032B38D801A252F8F3
:1057500023F000BF655700086B5700086557000825
:105760007D5700080123FB7330E07B68DB6A03F0A0
:105770008073002B25D00123FB7322E07B68DB6A5A
:10578000B3F1C07F1FD10123FB731CE07B689B6AD0
:10579000022B02D9032B03D018E00123FB7315E081
:1057A0007B68DB6A03F08073002B0ED00123FB7350
:1057B0000BE000BF0AE000BF08E000BF06E000BF4A
:1057C00004E000BF02E000BF00E000BFFB7B184622
:1057D0001437BD465DF8047B704700BF80B485B0C8
:1057E00000AF78607B681B68BB607B681B68384AC9
:1057F000934222D07B681B68364A93421DD07B6857
:105800001B68354A934218D07B681B68334A934221
:1058100013D07B681B68324A93420ED07B681B68AA
:10582000304A934209D07B681B682F4A934204D0C8
:105830007B681B682D4A934201D1012300E00023BD
:10584000002B1AD07B681B68DBB2083B284AA2FBFE
:1058500003231B09FB60FA68264B13449B001A467E
:105860007B681A667B68244A5A66FB6803F01F034C
:1058700001229A407B689A6624E07B681B68DBB251
:10588000103B1E4AA2FB03231B09FB60BB681C4A9A
:10589000934206D8BB681B4A934202D9FB6808337F
:1058A000FB60FA68184B13449B001A467B681A6623
:1058B0007B68164A5A66FB6803F01F0301229A4070
:1058C0007B689A6600BF1437BD465DF8047B70475D
:1058D000085402581C540258305402584454025878
:1058E000585402586C540258805402589454025828
:1058F000CDCCCCCC0096001680580258ABAAAAAAF0
:10590000B80402400F0402400082001080080240E8
:1059100080B485B000AF78607B685B68DBB2FB6009
:10592000FB68002B4AD0FB68082B47D87B681B68B4
:10593000254A934222D07B681B68244A93421DD09B
:105940007B681B68224A934218D07B681B68214AF7
:10595000934213D07B681B681F4A93420ED07B682A
:105960001B681E4A934209D07B681B681C4A9342FD
:1059700004D07B681B681B4A934201D1012300E0DD
:105980000023002B0AD0FA68174B13449B001A46D9
:105990007B68DA667B68154A1A6709E0FA68144B77
:1059A00013449B001A467B68DA667B68114A1A67C3
:1059B000FB68013B01229A407B685A6700BF14379D
:1059C000BD465DF8047B7047085402581C540258C9
:1059D0003054025844540258585402586C540258D7
:1059E00080540258945402583F9600164059025869
:1059F0003F8200104009024080B489B000AF786057
:105A000039600023FB61894B7B6194E13B681A6834
:105A10000121FB6901FA03F313403B613B69002B51
:105A200000F086813B685B6803F00303012B05D01F
:105A30003B685B6803F00303022B30D17B689B68F3
:105A4000BB61FB695B00032202FA03F3DB43BA6923
:105A50001340BB613B68DA68FB695B0002FA03F341
:105A6000BA691343BB617B68BA699A607B685B68FB
:105A7000BB610122FB6902FA03F3DB43BA691340FD
:105A8000BB613B685B681B0903F00102FB6902FA1A
:105A900003F3BA691343BB617B68BA695A603B6818
:105AA0005B6803F00303032B17D07B68DB68BB61E3
:105AB000FB695B00032202FA03F3DB43BA6913407C
:105AC000BB613B689A68FB695B0002FA03F3BA6941
:105AD0001343BB617B68BA69DA603B685B6803F0BB
:105AE0000303022B23D1FB69DA087B68083253F8E1
:105AF0002230BB61FB6903F007039B000F2202FA0F
:105B000003F3DB43BA691340BB613B681A69FB6965
:105B100003F007039B0002FA03F3BA691343BB6166
:105B2000FB69DA087B680832B96943F822107B68A0
:105B30001B68BB61FB695B00032202FA03F3DB43D2
:105B4000BA691340BB613B685B6803F00302FB6901
:105B50005B0002FA03F3BA691343BB617B68BA695D
:105B60001A603B685B6803F44033002B00F0E08070
:105B70002F4BD3F8F4302E4A43F00203C2F8F4302E
:105B80002B4BD3F8F43003F00203FB60FB68294A87
:105B9000FB699B08023352F82330BB61FB6903F0B9
:105BA00003039B000F2202FA03F3DB43BA6913409D
:105BB000BB617B68204A934252D07B681F4A934264
:105BC00031D07B681E4A93422BD07B681D4A93429A
:105BD00025D07B681C4A93421FD07B681B4A9342A6
:105BE00019D07B681A4A934213D07B68194A9342B2
:105BF0000DD07B68184A934207D07B68174A9342BE
:105C000001D109232DE00A232BE0082329E00723F3
:105C100027E0062325E0052323E0042321E00323D6
:105C20001FE002231DE001231BE000BF800000589D
:105C300000440258000400580000025800040258B2
:105C400000080258000C02580010025800140258B4
:105C500000180258001C0258002002580024025864
:105C60000023FA6902F0030292009340BA691343D9
:105C7000BB613849FB699B080233BA6941F82320AC
:105C80004FF0B0431B68BB613B69DB43BA6913400B
:105C9000BB613B685B6803F48013002B03D0BA69D7
:105CA0003B691343BB614FF0B042BB6913604FF0D7
:105CB000B0435B68BB613B69DB43BA691340BB61BE
:105CC0003B685B6803F40013002B03D0BA693B699F
:105CD0001343BB614FF0B042BB6953607B695B68A3
:105CE000BB613B69DB43BA691340BB613B685B68DE
:105CF00003F40033002B03D0BA693B691343BB6143
:105D00007B69BA695A607B691B68BB613B69DB438D
:105D1000BA691340BB613B685B6803F48033002BB6
:105D200003D0BA693B691343BB617B69BA691A60E6
:105D3000FB690133FB613B681A68FB6922FA03F3D4
:105D4000002B7FF463AE00BF00BF2437BD465DF873
:105D5000047B70470004005880B483B000AF7860C3
:105D60000B467B8013467B707B78002B03D07A88B0
:105D70007B689A6103E07B881A047B689A6100BFA4
:105D80000C37BD465DF8047B704780B485B000AF2A
:105D900078600B467B807B685B69FB607A88FB6878
:105DA00013401A04FB68D9437B880B401A437B6875
:105DB0009A6100BF1437BD465DF8047B7047000050
:105DC00080B584B000AF7860194BDB6803F0040342
:105DD000042B0AD0164BDB6803F007037A689A425B
:105DE00001D001231FE000231DE0114BDB6823F0ED
:105DF00007020F497B681343CB60FCF729FEF8606C
:105E000009E0FCF725FE0246FB68D31AB3F57A7F5A
:105E100001D9012307E0064B5B6803F40053B3F597
:105E2000005FEED1002318461037BD4680BD00BF8D
:105E30000048025880B58CB000AF78607B68002BBA
:105E400002D1012300F048BC7B681B6803F001030A
:105E5000002B00F08880994B1B6903F03803FB622C
:105E6000964B9B6ABB62FB6A102B07D0FB6A182B10
:105E700011D1BB6A03F00303022B0CD18F4B1B68BB
:105E800003F40033002B6DD07B685B68002B69D175
:105E9000012300F021BC7B685B68B3F5803F06D12D
:105EA000864B1B68854A43F4803313602EE07B6881
:105EB0005B68002B0CD1814B1B68804A23F4803334
:105EC00013607E4B1B687D4A23F4802313601DE022
:105ED0007B685B68B3F5A02F0CD1784B1B68774AC1
:105EE00043F480231360754B1B68744A43F480337A
:105EF00013600BE0714B1B68704A23F4803313600E
:105F00006E4B1B686D4A23F4802313607B685B68CB
:105F1000002B13D0FCF79CFD786208E0FCF798FD9D
:105F200002467B6AD31A642B01D90323D4E3634B63
:105F30001B6803F40033002BF0D014E0FCF788FD5D
:105F4000786208E0FCF784FD02467B6AD31A642B72
:105F500001D90323C0E3594B1B6803F40033002B22
:105F6000F0D100E000BF7B681B6803F00203002B48
:105F700000F0CA80514B1B6903F038033B624F4B62
:105F80009B6AFB613B6A002B07D03B6A182B56D1FA
:105F9000FB6903F00303002B51D1484B1B6803F04E
:105FA0000403002B05D07B68DB68002B01D10123A3
:105FB00092E3424B1B6823F019027B68DB683F4980
:105FC00013430B60FCF744FD786208E0FCF740FDEA
:105FD00002467B6AD31A022B01D903237CE3374B99
:105FE0001B6803F00403002BF0D0FCF73DFD0346D3
:105FF00041F20302934217D87B681B69402B08D1FA
:106000002E4B5B6823F47C332C4A43F400335360FB
:106010007AE02A4B5B6823F47C327B681B691B03A4
:10602000264913434B606FE0244B5B6823F0FE422C
:106030007B681B691B06214913434B6064E07B6846
:10604000DB68002B47D01D4B1B6823F019027B68CF
:10605000DB681A4913430B60FCF7FAFC786208E02E
:10606000FCF7F6FC02467B6AD31A022B01D9032304
:1060700032E3124B1B6803F00403002BF0D0FCF753
:10608000F3FC034641F20302934219D87B681B6973
:10609000402B08D1094B5B6823F47C33074A43F457
:1060A0000033536030E0054B5B6823F47C327B683F
:1060B0001B691B03014913434B6025E00044025850
:1060C0009A4B5B6823F0FE427B681B691B0697496D
:1060D00013434B6018E0954B1B68944A23F001036F
:1060E0001360FCF7B5FC786208E0FCF7B1FC0246EF
:1060F0007B6AD31A022B01D90323EDE28B4B1B6879
:1061000003F00403002BF0D17B681B6803F010033D
:10611000002B00F0A980854B1B6903F03803BB619D
:10612000824B9B6A7B61BB69082B07D0BB69182B2C
:106130003AD17B6903F00303012B35D17B4B1B68FC
:1061400003F48073002B05D07B68DB69802B01D0C2
:106150000123C1E2FCF788FC034641F203029342AB
:1061600017D87B681B6A202B08D1704B5B6823F023
:10617000F8436E4A43F08043536075E06B4B5B68B5
:1061800023F0F8427B681B6A9B06684913434B6007
:106190006AE0664BDB6823F07C527B681B6A1B0657
:1061A00062491343CB605FE07B68DB69002B42D020
:1061B0005E4B1B685D4A43F080031360FCF748FCAC
:1061C000786208E0FCF744FC02467B6AD31A022B93
:1061D00001D9032380E2554B1B6803F48073002B25
:1061E000F0D0FCF741FC034641F20302934217D87A
:1061F0007B681B6A202B08D14C4B5B6823F0F8436B
:106200004A4A43F0804353602EE0484B5B6823F0DA
:10621000F8427B681B6A9B06444913434B6023E0AA
:10622000424BDB6823F07C527B681B6A1B063F49AC
:106230001343CB6018E03D4B1B683C4A23F08003BE
:106240001360FCF705FC786208E0FCF701FC0246ED
:106250007B6AD31A022B01D903233DE2334B1B681F
:1062600003F48073002BF0D17B681B6803F00803F4
:10627000002B36D07B685B69002B19D02B4B5B6FF2
:106280002A4A43F001035367FCF7E2FB786208E017
:10629000FCF7DEFB02467B6AD31A022B01D90323EB
:1062A0001AE2224B5B6F03F00203002BF0D018E0E0
:1062B0001E4B5B6F1D4A23F001035367FCF7C8FBBD
:1062C000786208E0FCF7C4FB02467B6AD31A022B13
:1062D00001D9032300E2154B5B6F03F00203002B8F
:1062E000F0D17B681B6803F02003002B39D07B685A
:1062F0009B69002B1CD00D4B1B680C4A43F4805348
:106300001360FCF7A5FB786208E0FCF7A1FB0246EE
:106310007B6AD31A022B01D90323DDE1034B1B68EF
:1063200003F40053002BF0D01BE000BF00440258E0
:106330009B4B1B689A4A23F480531360FCF788FB3D
:10634000786208E0FCF784FB02467B6AD31A022BD2
:1063500001D90323C0E1924B1B6803F40053002BC7
:10636000F0D17B681B6803F00403002B00F08180F0
:106370008C4B1B688B4A43F480731360FCF768FBFB
:10638000786208E0FCF764FB02467B6AD31A642B50
:1063900001D90323A0E1834B1B6803F48073002B16
:1063A000F0D07B689B68012B06D17D4B1B6F7C4A2C
:1063B00043F0010313672DE07B689B68002B0CD131
:1063C000774B1B6F764A23F001031367744B1B6FE7
:1063D000734A23F0040313671CE07B689B68052B5A
:1063E0000CD16F4B1B6F6E4A43F0040313676C4B69
:1063F0001B6F6B4A43F0010313670BE0684B1B6F85
:10640000674A23F001031367654B1B6F644A23F04F
:10641000040313677B689B68002B15D0FCF718FBFF
:1064200078620AE0FCF714FB02467B6AD31A41F259
:106430008832934201D903234EE1594B1B6F03F07D
:106440000203002BEED014E0FCF702FB78620AE0B6
:10645000FCF7FEFA02467B6AD31A41F28832934275
:1064600001D9032338E14E4B1B6F03F00203002BCD
:10647000EED17B685B6A002B00F02D81484B1B69D5
:1064800003F03803182B00F0BD807B685B6A022B99
:1064900040F09E80424B1B68414A23F0807313609A
:1064A000FCF7D6FA786208E0FCF7D2FA02467B6A7B
:1064B000D31A022B01D903230EE1394B1B6803F0D9
:1064C0000073002BF0D1364B9A6A374B13407A6831
:1064D000916A7A68D26A12010A43314913438B6286
:1064E0007B681B6B013BC3F308027B685B6B013B62
:1064F0005B029BB21A437B689B6B013B1B0403F45A
:10650000FE031A437B68DB6B013B1B0603F0FE4373
:10651000234913430B63224BDB6A214A23F0010317
:10652000D3621F4B5A6B214B13407A68926CD20096
:106530001B4913434B631A4BDB6A23F00C027B6845
:106540001B6C17491343CB62154BDB6A23F0020225
:106550007B685B6C12491343CB62114BDB6A104AB8
:1065600043F48033D3620E4BDB6A0D4A43F40033AD
:10657000D3620B4BDB6A0A4A43F48023D362084B95
:10658000DB6A074A43F00103D362054B1B68044AE8
:1065900043F080731360FCF75BFA786211E000BF90
:1065A00000440258004802580CFCFFFF0700FFFFA0
:1065B000FCF74EFA02467B6AD31A022B01D9032359
:1065C0008AE0474B1B6803F00073002BF0D082E099
:1065D000434B1B68424A23F080731360FCF738FA80
:1065E000786208E0FCF734FA02467B6AD31A022B81
:1065F00001D9032370E03A4B1B6803F00073002BB2
:10660000F0D168E0364B9B6A3B61354B1B6BFB60FE
:106610007B685B6A012B31D03B6903F003027B6826
:106620009B6A9A422AD13B691B0903F03F027B68AF
:10663000DB6A9A4222D1FB68C3F308027B681B6BBA
:10664000013B9A421AD1FB685B0A03F07F027B6828
:106650005B6B013B9A4211D1FB681B0C03F07F027C
:106660007B689B6B013B9A4208D1FB681B0E03F0D1
:106670007F027B68DB6B013B9A4201D001232BE058
:10668000174B5B6BDB08C3F30C033B617B689B6CB4
:106690003A699A421FD0124BDB6A114A23F0010378
:1066A000D362FCF7D5F9786200BFFCF7D1F9024656
:1066B0007B6A9342F9D00A4B5A6B0A4B13407A68B3
:1066C000926CD200064913434B63054BDB6A044AC4
:1066D00043F00103D362002318463037BD4680BD26
:1066E000004402580700FFFF80B586B000AF786015
:1066F00039607B68002B01D101239CE18A4B1B6828
:1067000003F00F033A689A4210D9874B1B6823F0B5
:106710000F0285493B6813430B60834B1B6803F0F2
:106720000F033A689A4201D0012384E17B681B6819
:1067300003F00403002B10D07B681A697B4B9B6924
:1067400003F070039A4208D9784B9B6923F07002DA
:106750007B681B69754913438B617B681B6803F079
:106760000803002B10D07B685A69704BDB6903F07B
:1067700070039A4208D96D4BDB6923F070027B6885
:106780005B696A491343CB617B681B6803F01003A4
:10679000002B10D07B689A69644BDB6903F4E063DB
:1067A0009A4208D9614BDB6923F4E0627B689B69FC
:1067B0005E491343CB617B681B6803F02003002B09
:1067C00010D07B68DA69594B1B6A03F070039A4258
:1067D00008D9564B1B6A23F070027B68DB6953496A
:1067E00013430B627B681B6803F00203002B10D07D
:1067F0007B68DA684D4B9B6903F00F039A4208D916
:106800004A4B9B6923F00F027B68DB6847491343BF
:106810008B617B681B6803F00103002B55D0434B51
:106820009B6923F470627B689B68404913438B61CA
:106830007B685B68022B07D13C4B1B6803F4003379
:10684000002B21D10123F6E07B685B68032B07D185
:10685000364B1B6803F00073002B15D10123EAE0CF
:106860007B685B68012B07D1304B1B6803F4807396
:10687000002B09D10123DEE02C4B1B6803F004033D
:10688000002B01D10123D6E0284B1B6923F007021E
:106890007B685B68254913430B61FCF7D9F8786185
:1068A0000AE0FCF7D5F802467B69D31A41F2883238
:1068B000934201D90323BEE01C4B1B6903F038024D
:1068C0007B685B68DB009A42EBD17B681B6803F056
:1068D0000203002B10D07B68DA68144B9B6903F02D
:1068E0000F039A4208D2114B9B6923F00F027B6879
:1068F000DB680E4913438B610B4B1B6803F00F03DE
:106900003A689A4214D2084B1B6823F00F020649DA
:106910003B6813430B60044B1B6803F00F033A689A
:106920009A4205D0012386E000200052004402581C
:106930007B681B6803F00403002B10D07B681A6986
:106940003F4B9B6903F070039A4208D23C4B9B6912
:1069500023F070027B681B69394913438B617B68A4
:106960001B6803F00803002B10D07B685A69344B76
:10697000DB6903F070039A4208D2314BDB6923F0E4
:1069800070027B685B692E491343CB617B681B688F
:1069900003F01003002B10D07B689A69284BDB6949
:1069A00003F4E0639A4208D2254BDB6923F4E062EA
:1069B0007B689B6922491343CB617B681B6803F0AA
:1069C0002003002B10D07B68DA691D4B1B6A03F093
:1069D00070039A4208D21A4B1B6A23F070027B683C
:1069E000DB69174913430B6200F034F80246144B7D
:1069F0009B691B0A03F00F031249CB5C03F01F03D2
:106A000022FA03F33B610E4B9B6903F00F030D4A1F
:106A1000D35C03F01F033A6922FA03F30A4A1360B6
:106A20000A4A3B6913600A4B1B681846FBF744FB94
:106A30000346FB73FB7B18461837BD4680BD00BF7D
:106A40000044025870F301081800002414000024C8
:106A50001C00002480B489B000AFB34B1B6903F065
:106A60003803182B00F2558101A252F823F000BF21
:106A7000D56A0008136D0008136D0008136D000837
:106A8000136D0008136D0008136D0008136D0008E6
:106A9000FB6A0008136D0008136D0008136D0008F1
:106AA000136D0008136D0008136D0008136D0008C6
:106AB000016B0008136D0008136D0008136D0008CA
:106AC000136D0008136D0008136D0008136D0008A6
:106AD000076B0008944B1B6803F02003002B09D0C0
:106AE000914B1B68DB0803F00303904A22FA03F37F
:106AF000BB6111E18D4BBB610EE18D4BBB610BE1C5
:106B00008C4BBB6108E1884B9B6A03F003037B61FC
:106B1000854B9B6A1B0903F03F033B61824BDB6A99
:106B200003F00103FB60804B5B6BDB08C3F30C03DA
:106B3000FA6802FB03F307EE903AF8EE677AC7EDC6
:106B4000027A3B69002B00F0E1807B69022B00F0A8
:106B500083807B69022B00F2A1807B69002B03D02C
:106B60007B69012B56D099E06F4B1B6803F0200323
:106B7000002B2DD06C4B1B68DB0803F003036B4A22
:106B800022FA03F37B607B6807EE903AF8EE676ABF
:106B90003B6907EE903AF8EE677A86EEA77A624B89
:106BA0001B6BC3F3080307EE903AF8EE676A97EDA4
:106BB000026ADFED615AC6EE257A76EEA77AF7EE25
:106BC000006A77EEA67A67EE277AC7ED077A87E044
:106BD0003B6907EE903AF8EE677ADFED586A86EE89
:106BE000A77A514B1B6BC3F3080307EE903AF8EEFC
:106BF000676A97ED026ADFED505AC6EE257A76EEA7
:106C0000A77AF7EE006A77EEA67A67EE277AC7EDE5
:106C1000077A65E03B6907EE903AF8EE677ADFEDB8
:106C2000486A86EEA77A404B1B6BC3F3080307EE56
:106C3000903AF8EE676A97ED026ADFED3F5AC6EECA
:106C4000257A76EEA77AF7EE006A77EEA67A67EEF7
:106C5000277AC7ED077A43E03B6907EE903AF8EEF2
:106C6000677ADFED386A86EEA77A2F4B1B6BC3F38A
:106C7000080307EE903AF8EE676A97ED026ADFEDD7
:106C80002E5AC6EE257A76EEA77AF7EE006A77EEF0
:106C9000A67A67EE277AC7ED077A21E03B6907EE0F
:106CA000903AF8EE677ADFED266A86EEA77A1E4BF9
:106CB0001B6BC3F3080307EE903AF8EE676A97ED93
:106CC000026ADFED1D5AC6EE257A76EEA77AF7EE58
:106CD000006A77EEA67A67EE277AC7ED077A00BFDB
:106CE000114B1B6B5B0A03F07F0301333B603B6876
:106CF00007EE903AB8EE677AD7ED076AC6EE877A64
:106D0000FCEEE77A17EE903ABB6105E00023BB6129
:106D100002E0074BBB6100BFBB6918462437BD4684
:106D20005DF8047B704700BF004402580090D00318
:106D300000093D0040787D01000000460024744CAD
:106D40000024744A20BCBE4B80B582B000AFFFF770
:106D500081FE0246104B9B691B0A03F00F030F498B
:106D6000CB5C03F01F0322FA03F37B600A4B9B69A1
:106D700003F00F03094AD35C03F01F037A6822FA79
:106D800003F3074A1360074A7B681360044B1B68D0
:106D900018460837BD4680BD0044025870F301080C
:106DA000180000241400002480B500AFFFF7CCFFCA
:106DB0000246064BDB691B0903F007030449CB5C61
:106DC00003F01F0322FA03F3184680BD0044025863
:106DD00070F3010880B500AFFFF7B6FF0246064B1F
:106DE000DB691B0A03F007030449CB5C03F01F03B4
:106DF00022FA03F3184680BD0044025870F30108DC
:106E000080B483B000AF786039607B683F221A603D
:106E10001A4B1B6903F007027B685A60174B9B698A
:106E200003F470627B689A60144B9B6903F00F0255
:106E30007B68DA60114B9B6903F070027B681A6112
:106E40000E4BDB6903F070027B685A610B4BDB6908
:106E500003F4E0627B689A61084B1B6A03F07002DE
:106E60007B68DA61064B1B6803F00F023B681A600F
:106E700000BF0C37BD465DF8047B704700440258E4
:106E8000002000522DE9B04FCAB000AFC7F814017E
:106E9000002387F82731002387F82631D7F81431EB
:106EA000D3E9002302F00064002554EA050349D029
:106EB000D7F814319B6EB3F5401F2FD0B3F5401FA8
:106EC00028D8B3F5001F1AD0B3F5001F22D8002B25
:106ED00003D0B3F5801F07D01CE0B84BDB6AB74A7C
:106EE00043F40033D3621AE0D7F814310833022197
:106EF000184601F08FFC034687F827310FE0D7F8DA
:106F0000143128330221184601F036FD034687F874
:106F1000273104E0012387F8273100E000BF97F80C
:106F20002731002B0AD1A54B1B6D23F44011D7F854
:106F300014319B6EA14A0B43136503E097F8273188
:106F400087F82631D7F81431D3E9002302F480788A
:106F50004FF0000958EA090347D0D7F814319B6D68
:106F6000042B2AD801A252F823F000BF816F000839
:106F70008F6F0008A56F0008C36F0008C36F00087B
:106F80008E4BDB6A8D4A43F40033D3621AE0D7F8A4
:106F9000143108330021184601F03CFC034687F801
:106FA00027310FE0D7F8143128330021184601F0BB
:106FB000E3FC034687F8273104E0012387F82731F3
:106FC00000E000BF97F82731002B0AD17B4B1B6DE7
:106FD00023F00701D7F814319B6D784A0B431365F2
:106FE00003E097F8273187F82631D7F81431D3E931
:106FF000002302F4007A4FF0000B5AEA0B034CD046
:10700000D7F81431DB6DB3F5807F30D0B3F5807FD6
:1070100029D8C02B2DD0C02B25D8802B18D0802B61
:1070200021D8002B02D0402B07D01CE0634BDB6A39
:10703000624A43F40033D3621CE0D7F814310833BA
:107040000021184601F0E6FB034687F8273111E0DE
:10705000D7F8143128330021184601F08DFC03467F
:1070600087F8273106E0012387F8273102E000BFC7
:1070700000E000BF97F82731002B0AD14F4B1B6D62
:1070800023F4E071D7F81431DB6D4C4A0B431365E0
:1070900003E097F8273187F82631D7F81431D3E980
:1070A000002302F48063C7F808310023C7F80C31CD
:1070B000D7E942120B46134353D0D7F81431D3F813
:1070C000A830B3F5000F35D0B3F5000F2ED8B3F5C7
:1070D000C00F31D0B3F5C00F28D8B3F5800F1AD048
:1070E000B3F5800F22D8002B03D0B3F5001F07D0D3
:1070F0001CE0324BDB6A314A43F40033D3621CE0BC
:10710000D7F8143108330021184601F083FB0346F9
:1071100087F8273111E0D7F81431283300211846B9
:1071200001F02AFC034687F8273106E0012387F89F
:10713000273102E000BF00E000BF97F82731002BA5
:107140000BD11E4B9B6D23F46001D7F81431D3F89B
:10715000A8301A4A0B43936503E097F8273187F864
:107160002631D7F81431D3E9002302F40063C7F8BD
:1071700000310023C7F80431D7E940120B4613430E
:1071800056D0D7F81431D3F8AC30B3F1806F38D083
:10719000B3F1806F31D8B3F1407F34D0B3F1407F89
:1071A0002BD8B3F1007F1DD0B3F1007F25D8002B81
:1071B00006D0B3F1807F0AD01FE000BF0044025820
:1071C000A24BDB6AA14A43F40033D3621CE0D7F838
:1071D000143108330021184601F01CFB034687F8E0
:1071E000273111E0D7F8143128330021184601F077
:1071F000C3FB034687F8273106E0012387F82731D0
:1072000002E000BF00E000BF97F82731002B0BD150
:107210008E4B9B6D23F0E061D7F81431D3F8AC307E
:107220008A4A0B43936503E097F8273187F82631A4
:10723000D7F81431D3E9002302F00073C7F8F8300F
:107240000023C7F8FC30D7E93E120B4613433AD06F
:10725000D7F81431DB6C302B1FD0302B19D8202BF2
:107260000CD0202B15D8002B19D0102B11D1774B17
:10727000DB6A764A43F40033D36211E0D7F8143165
:1072800008330221184601F0C5FA034687F8273172
:1072900006E0012387F8273102E000BF00E000BFCD
:1072A00097F82731002B0AD1684BDB6C23F03001B3
:1072B000D7F81431DB6C654A0B43D36403E097F8CD
:1072C000273187F82631D7F81431D3E9002302F4A7
:1072D0008053C7F8F0300023C7F8F430D7E93C12E8
:1072E0000B46134351D0D7F814311B6EB3F5804FC2
:1072F00035D0B3F5804F2ED8B3F5405F31D0B3F51C
:10730000405F28D8B3F5005F1AD0B3F5005F22D8EC
:10731000002B03D0B3F5805F07D01CE04B4BDB6A3A
:107320004A4A43F40033D3621CE0D7F814310833DF
:107330000021184601F06EFA034687F8273111E064
:10734000D7F8143128330021184601F015FB034605
:1073500087F8273106E0012387F8273102E000BFD4
:1073600000E000BF97F82731002B0AD1374B1B6D87
:1073700023F4E041D7F814311B6E344A0B431365F4
:1073800003E097F8273187F82631D7F81431D3E98D
:10739000002302F40053C7F8E8300023C7F8EC30AC
:1073A000D7E93A120B46134356D0D7F814315B6E27
:1073B000B3F5A02F33D0B3F5A02F2CD8B3F5802F81
:1073C0002FD0B3F5802F26D8B3F5403F2BD0B3F59F
:1073D000403F20D8B3F5003F12D0B3F5003F1AD894
:1073E000002B22D0B3F5803F15D1D7F814310833E4
:1073F0000121184601F00EFA034687F8273115E0FF
:10740000D7F8143128330121184601F0B5FA0346A4
:1074100087F827310AE0012387F8273106E000BF0B
:1074200004E000BF02E000BF00E000BF97F8273192
:10743000002B0DD1054B1B6D23F4E021D7F814313F
:107440005B6E024A0B43136506E000BF004402581E
:1074500097F8273187F82631D7F81431D3E900237C
:1074600002F48043C7F8E0300023C7F8E430D7E9DE
:1074700038120B46134355D0D7F81431D3F8B03037
:10748000B3F1A04F33D0B3F1A04F2CD8B3F1804F5C
:107490002FD0B3F1804F26D8B3F1405F2BD0B3F19A
:1074A000405F20D8B3F1005F12D0B3F1005F1AD86B
:1074B000002B22D0B3F1805F15D1D7F814310833F7
:1074C0000121184601F0A6F9034687F8273115E097
:1074D000D7F8143128330121184601F04DFA03463C
:1074E00087F827310AE0012387F8273106E000BF3B
:1074F00004E000BF02E000BF00E000BF97F82731C2
:10750000002B0BD1A34B9B6D23F0E041D7F8143136
:10751000D3F8B0309F4A0B43936503E097F82731C7
:1075200087F82631D7F81431D3E9002302F4004359
:10753000C7F8D8300023C7F8DC30D7E936120B463D
:10754000134337D0D7F814311B6FB3F1005F0ED05F
:10755000B3F1005F16D8002B18D0B3F1805F11D1C2
:107560008C4BDB6A8B4A43F40033D3620FE0D7F8CD
:10757000143108330121184601F04CF9034687F80D
:10758000273104E0012387F8273100E000BF97F896
:107590002731002B0AD17F4B1B6D23F04051D7F8C8
:1075A00014311B6F7B4A0B43136503E097F82731B7
:1075B00087F82631D7F81431D3E9002302F080731D
:1075C000C7F8D0300023C7F8D430D7E934120B46BF
:1075D000134339D0D7F814319B6C032B1CD801A26C
:1075E00052F823F021760008F575000803760008AC
:1075F00021760008674BDB6A664A43F40033D362A6
:107600000FE0D7F8143108330221184601F002F9CF
:10761000034687F8273104E0012387F8273100E08B
:1076200000BF97F82731002B0AD15A4BDB6C23F0AF
:107630000301D7F814319B6C564A0B43D36403E023
:1076400097F8273187F82631D7F81431D3E900238A
:1076500002F48003C7F8C8300023C7F8CC30D7E95C
:1076600032120B46134300F09F804B4B1B684A4A73
:1076700043F480731360FBF7EBF9C7F820010BE0CC
:10768000FBF7E6F90246D7F82031D31A642B03D969
:10769000032387F8273105E03F4B1B6803F4807311
:1076A000002BEDD097F82731002B79D1394B1A6F89
:1076B000D7F81431D3F8B430534003F44073002B9F
:1076C00015D0344B1B6F23F44073C7F81C31314B7A
:1076D0001B6F304A43F4803313672E4B1B6F2D4AC8
:1076E00023F4803313672B4AD7F81C311367D7F87C
:1076F0001431D3F8B430B3F5807F18D1FBF7A8F973
:10770000C7F820010DE0FBF7A3F90246D7F82031B6
:10771000D21A41F288339A4203D9032387F82731DA
:1077200005E01C4B1B6F03F00203002BEBD097F816
:107730002731002B29D1D7F81431D3F8B43003F412
:107740004073B3F5407F0ED1124B1B6923F47C517B
:10775000D7F81431D3F8B4301A09104B13400D4A3E
:107760000B43136105E00B4B1B690A4A23F47C535E
:107770001361084B196FD7F81431D3F8B430C3F341
:107780000B03044A0B4313670EE097F8273187F881
:10779000263109E00044025800480258CFFFFF009C
:1077A00097F8273187F82631D7F81431D3E9002329
:1077B00002F00103C7F8C0300023C7F8C430D7E98E
:1077C00030120B46134300F08980D7F81431DB6F79
:1077D000282B6BD801A252F823F000BFB57800081F
:1077E000AD780008AD780008AD780008AD780008E5
:1077F000AD780008AD780008AD7800088178000801
:10780000AD780008AD780008AD780008AD780008C4
:10781000AD780008AD780008AD78000897780008CA
:10782000AD780008AD780008AD780008AD780008A4
:10783000AD780008AD780008AD780008B57800088C
:10784000AD780008AD780008AD780008AD78000884
:10785000AD780008AD780008AD780008B57800086C
:10786000AD780008AD780008AD780008AD78000864
:10787000AD780008AD780008AD780008B57800084C
:10788000D7F8143108330121184600F0C3FF03462E
:1078900087F827310FE0D7F8143128330121184633
:1078A00001F06AF8034687F8273104E0012387F8DE
:1078B000273100E000BF97F82731002B0AD1BF4BDA
:1078C0005B6D23F03801D7F81431DB6FBB4A0B43F3
:1078D000536503E097F8273187F82631D7F814313C
:1078E000D3E9002302F00203C7F8B8300023C7F839
:1078F000BC30D7E92E120B46134341D0D7F81431D0
:107900009B6F052B24D801A252F823F05979000867
:10791000257900083B790008597900085979000851
:1079200059790008D7F8143108330121184600F0BE
:1079300071FF034687F827310FE0D7F81431283359
:107940000121184601F018F8034687F8273104E0B2
:10795000012387F8273100E000BF97F82731002B7B
:107960000AD1964B5B6D23F00701D7F814319B6F5A
:10797000924A0B43536503E097F8273187F8263185
:10798000D7F81431D3E9002302F00403C7F8B0306C
:107990000023C7F8B430D7E92C120B46134344D068
:1079A000D7F81431D3F89430052B25D801A252F81A
:1079B00023F000BF017A0008CD790008E3790008C0
:1079C000017A0008017A0008017A0008D7F814311A
:1079D00008330121184600F01DFF034687F82731C0
:1079E0000FE0D7F8143128330121184600F0C4FF06
:1079F000034687F8273104E0012387F8273100E0A8
:107A000000BF97F82731002B0BD16C4B9B6D23F0F7
:107A10000701D7F81431D3F89430684A0B439365C3
:107A200003E097F8273187F82631D7F81431D3E9E6
:107A3000002302F02003C7F8A8300023C7F8AC30B9
:107A4000D7E92A120B46134355D0D7F81431D3F88F
:107A50009030B3F1A04F33D0B3F1A04F2CD8B3F195
:107A6000804F2FD0B3F1804F26D8B3F1405F2BD099
:107A7000B3F1405F20D8B3F1005F12D0B3F1005FE3
:107A80001AD8002B22D0B3F1805F15D1D7F814316A
:107A900008330021184600F0BDFE034687F8273161
:107AA00015E0D7F8143128330221184600F064FF9E
:107AB000034687F827310AE0012387F8273106E0DB
:107AC00000BF04E000BF02E000BF00E000BF97F885
:107AD0002731002B0BD1394B5B6D23F0E041D7F8F8
:107AE0001431D3F89030354A0B43536503E097F8CF
:107AF000273187F82631D7F81431D3E9002302F073
:107B00004003C7F8A0300023C7F8A430D7E92812F3
:107B10000B46134358D0D7F81431D3F89C30B3F543
:107B2000A05F33D0B3F5A05F2CD8B3F5805F2FD022
:107B3000B3F5805F26D8B3F5406F2BD0B3F5406F17
:107B400020D8B3F5006F12D0B3F5006F1AD8002B10
:107B500022D0B3F5806F15D1D7F814310833002146
:107B6000184600F057FE034687F8273115E0D7F88E
:107B7000143128330221184600F0FEFE034687F830
:107B800027310AE0012387F8273106E000BF04E02F
:107B900000BF02E000BF00E000BF97F82731002BD4
:107BA0000ED1064B9B6D23F4E051D7F81431D3F876
:107BB0009C30024A0B43936506E000BF0044025824
:107BC00097F8273187F82631D7F81431D3E9002305
:107BD00002F08003C7F898300023C7F89C30D7E93B
:107BE00026120B46134355D0D7F81431D3F8A030E2
:107BF000B3F5204F33D0B3F5204F2CD8B3F5004F59
:107C00002FD0B3F5004F26D8B3F5C04F2BD0B3F526
:107C1000C04F20D8B3F5804F12D0B3F5804F1AD89B
:107C2000002B22D0B3F5005F15D1D7F814310833FB
:107C30000021184600F0EEFD034687F8273115E0D5
:107C4000D7F8143128330221184600F095FE034678
:107C500087F827310AE0012387F8273106E000BFC3
:107C600004E000BF02E000BF00E000BF97F827314A
:107C7000002B0BD1A14B9B6D23F46041D7F814313D
:107C8000D3F8A0309D4A0B43936503E097F8273162
:107C900087F82631D7F81431D3E9002302F008031E
:107CA000C7F890300023C7F89430D7E924120B4668
:107CB00013431ED0D7F81431D3F88430B3F5805F66
:107CC0000CD1D7F8143128330221184600F054FEA5
:107CD0000346002B02D0012387F82631874B5B6DCA
:107CE00023F44051D7F81431D3F88430834A0B433E
:107CF0005365D7F81431D3E9002302F01003C7F815
:107D000088300023C7F88C30D7E922120B46134382
:107D10001ED0D7F81431D3F89830B3F5807F0CD14A
:107D2000D7F8143128330221184600F025FE034607
:107D3000002B02D0012387F82631704B9B6D23F472
:107D40004071D7F81431D3F898306C4A0B439365DF
:107D5000D7F81431D3E9002302F40023C7F88030A8
:107D60000023C7F88430D7E920120B4613433ED0D6
:107D7000D7F81431D3F8A430B3F5003F22D0B3F5CF
:107D8000003F1BD8002B03D0B3F5803F0BD015E08C
:107D9000D7F8143108330021184600F03BFD0346A4
:107DA00087F827310FE0D7F814312833022118461D
:107DB00000F0E2FD034687F8273104E0012387F84D
:107DC000273100E000BF97F82731002B0BD14B4B38
:107DD0009B6D23F44031D7F81431D3F8A430474ACF
:107DE0000B43936503E097F8273187F82631D7F8DE
:107DF0001431D3E9002302F48023BB670023FB671F
:107E0000D7E91E120B4613433BD0D7F81431D3F8F1
:107E10008830B3F5401F1FD0B3F5401F18D8B3F515
:107E2000801F03D0B3F5001F07D011E0334BDB6A8E
:107E3000324A43F40033D3620FE0D7F814312833C9
:107E40000121184600F098FD034687F8273104E029
:107E5000012387F8273100E000BF97F82731002B76
:107E60000BD1264B5B6D23F44011D7F81431D3F8B6
:107E70008830224A0B43536503E097F8273187F88F
:107E80002631D7F81431D3E9002302F480333B675D
:107E900000237B67D7E91C120B46134334D0D7F875
:107EA00014311B6D002B03D0B3F5803F07D011E0D8
:107EB000124BDB6A114A43F40033D3620EE0D7F869
:107EC000143108330221184600F0A4FC034687F859
:107ED000273103E0012387F8273100BF97F82731C6
:107EE000002B0DD1054BDB6C23F48031D7F8143116
:107EF0001B6D024A0B43D36406E000BF00440258E6
:107F000097F8273187F82631D7F81431D3E90023C1
:107F100002F00053BB660023FB66D7E91A120B463A
:107F200013430CD0D7F8143128330221184600F03F
:107F300023FD0346002B02D0012387F82631D7F812
:107F40001431D3E9002302F400333B6600237B663F
:107F5000D7E918120B46134338D0D7F81431D3F8A9
:107F60008030B3F5407F18D0B3F5407F11D8B3F51A
:107F7000007F14D0B3F5007F0BD8002B11D0B3F5E0
:107F8000807F06D1C34BDB6AC24A43F40033D3621D
:107F900008E0012387F8273104E000BF02E000BFBA
:107FA00000E000BF97F82731002B0BD1B94B5B6D78
:107FB00023F44071D7F81431D3F88030B54A0B431D
:107FC000536503E097F8273187F82631D7F8143145
:107FD000D3E9002302F48013BB650023FB65D7E9D6
:107FE00016120B46134309D0AA4B1B6D23F0004118
:107FF000D7F814315B6FA74A0B431365D7F81431D8
:10800000D3E9002302F080533B6500237B65D7E969
:1080100014120B4613430AD09E4B1B6923F4804174
:10802000D7F81431D3F8B8309A4A0B431361D7F814
:108030001431D3E9002302F40013BB640023FB6472
:10804000D7E912120B46134309D0924B1B6D23F054
:108050008071D7F81431DB6E8E4A0B431365D7F865
:108060001431D3E9002302F080433B6400237B6496
:10807000D7E910120B4613430ED0864B1B69854A75
:1080800023F400431361834B1969D7F81431D3F8F3
:10809000BC30804A0B431361D7F81431D3E9002375
:1080A00002F00043BB630023FB63D7E90E120B46CB
:1080B000134309D0774BDB6C23F04051D7F81431D0
:1080C0005B6D744A0B43D364D7F81431D3E90023B2
:1080D00002F400033B6300237B63D7E90C120B46D9
:1080E00013430AD06B4B5B6D23F44001D7F8143176
:1080F000D3F88C30674A0B435365D7F81431D3E972
:1081000000230021B96203F00103FB62D7E90A12E0
:108110000B46134311D0D7F8143108330021184609
:1081200000F078FB034687F8273197F82731002BBA
:1081300003D097F8273187F82631D7F81431D3E9DF
:1081400000230021396203F002037B62D7E90812A1
:108150000B46134311D0D7F81431083301211846C8
:1081600000F058FB034687F8273197F82731002B9A
:1081700003D097F8273187F82631D7F81431D3E99F
:1081800000230021B96103F00403FB61D7E9061263
:108190000B46134311D0D7F8143108330221184687
:1081A00000F038FB034687F8273197F82731002B7A
:1081B00003D097F8273187F82631D7F81431D3E95F
:1081C00000230021396103F008037B61D7E9041221
:1081D0000B46134311D0D7F8143128330021184629
:1081E00000F0CAFB034687F8273197F82731002BA8
:1081F00003D097F8273187F82631D7F81431D3E91F
:1082000000230021B96003F01003FB60D7E90212DC
:108210000B46134311D0D7F81431283301211846E7
:1082200000F0AAFB034687F8273197F82731002B87
:1082300003D097F8273187F82631D7F81431D3E9DE
:1082400000230021396003F020037B60D7E900128E
:108250000B46134311D0D7F81431283302211846A6
:1082600000F08AFB034687F8273197F82731002B67
:1082700003D097F8273187F8263197F82631002B5D
:1082800001D1002300E00123184607F59477BD468D
:10829000BDE8B08F0044025880B500AFFEF754FD32
:1082A0000246064B1B6A1B0903F007030449CB5C1B
:1082B00003F01F0322FA03F3184680BD004402585E
:1082C00070F3010880B489B000AF7860A14B9B6A5D
:1082D00003F00303BB619F4B9B6A1B0B03F03F033F
:1082E0007B619C4BDB6A1B0903F001033B61994BEB
:1082F000DB6BDB08C3F30C033A6902FB03F307EE05
:10830000903AF8EE677AC7ED037A7B69002B00F0AC
:108310001181BB69022B00F08380BB69022B00F244
:10832000A180BB69002B03D0BB69012B56D099E01B
:10833000884B1B6803F02003002B2DD0854B1B6856
:10834000DB0803F00303844A22FA03F3BB60BB6833
:1083500007EE903AF8EE676A7B6907EE903AF8EE1E
:10836000677A86EEA77A7B4B9B6BC3F3080307EE15
:10837000903AF8EE676A97ED036ADFED785AC6EE39
:10838000257A76EEA77AF7EE006A77EEA67A67EEA0
:10839000277AC7ED077A87E07B6907EE903AF8EE17
:1083A000677ADFED6F6A86EEA77A6A4B9B6BC3F341
:1083B000080307EE903AF8EE676A97ED036ADFED7F
:1083C000675AC6EE257A76EEA77AF7EE006A77EE60
:1083D000A67A67EE277AC7ED077A65E07B6907EE34
:1083E000903AF8EE677ADFED5F6A86EEA77A594B2E
:1083F0009B6BC3F3080307EE903AF8EE676A97EDBC
:10840000036ADFED565AC6EE257A76EEA77AF7EEC6
:10841000006A77EEA67A67EE277AC7ED077A43E01F
:108420007B6907EE903AF8EE677ADFED4F6A86EEE9
:10843000A77A484B9B6BC3F3080307EE903AF8EE1C
:10844000676A97ED036ADFED455AC6EE257A76EE48
:10845000A77AF7EE006A77EEA67A67EE277AC7ED7D
:10846000077A21E07B6907EE903AF8EE677ADFED54
:108470003D6A86EEA77A374B9B6BC3F3080307EE82
:10848000903AF8EE676A97ED036ADFED345AC6EE6C
:10849000257A76EEA77AF7EE006A77EEA67A67EE8F
:1084A000277AC7ED077A00BF2A4B9B6B5B0A03F064
:1084B0007F0307EE903AF8EE677AB7EE007A37EE70
:1084C000877AD7ED076AC6EE877AFCEEE77A17EE71
:1084D000902A7B681A601F4B9B6B1B0C03F07F0379
:1084E00007EE903AF8EE677AB7EE007A37EE877AC1
:1084F000D7ED076AC6EE877AFCEEE77A17EE902A88
:108500007B685A60134B9B6B1B0E03F07F0307EED7
:10851000903AF8EE677AB7EE007A37EE877AD7EDC1
:10852000076AC6EE877AFCEEE77A17EE902A7B6838
:108530009A6008E07B6800221A607B6800225A601B
:108540007B6800229A6000BF2437BD465DF8047B3B
:10855000704700BF004402580090D003000000465E
:108560000024744C0024744A20BCBE4B80B489B0F3
:1085700000AF7860A14B9B6A03F00303BB619F4B84
:108580009B6A1B0D03F03F037B619C4BDB6A1B0A5C
:1085900003F001033B61994B5B6CDB08C3F30C03F5
:1085A0003A6902FB03F307EE903AF8EE677AC7EDFB
:1085B000037A7B69002B00F01181BB69022B00F06C
:1085C0008380BB69022B00F2A180BB69002B03D022
:1085D000BB69012B56D099E0884B1B6803F0200340
:1085E000002B2DD0854B1B68DB0803F00303844A66
:1085F00022FA03F3BB60BB6807EE903AF8EE676AB5
:108600007B6907EE903AF8EE677A86EEA77A7B4BA5
:108610001B6CC3F3080307EE903AF8EE676A97ED18
:10862000036ADFED785AC6EE257A76EEA77AF7EE82
:10863000006A77EEA67A67EE277AC7ED077A87E0B9
:108640007B6907EE903AF8EE677ADFED6F6A86EEA7
:10865000A77A6A4B1B6CC3F3080307EE903AF8EE57
:10866000676A97ED036ADFED675AC6EE257A76EE04
:10867000A77AF7EE006A77EEA67A67EE277AC7ED5B
:10868000077A65E07B6907EE903AF8EE677ADFEDEE
:108690005F6A86EEA77A594B1B6CC3F3080307EE9B
:1086A000903AF8EE676A97ED036ADFED565AC6EE28
:1086B000257A76EEA77AF7EE006A77EEA67A67EE6D
:1086C000277AC7ED077A43E07B6907EE903AF8EE28
:1086D000677ADFED4F6A86EEA77A484B1B6CC3F3CF
:1086E000080307EE903AF8EE676A97ED036ADFED4C
:1086F000455AC6EE257A76EEA77AF7EE006A77EE4F
:10870000A67A67EE277AC7ED077A21E07B6907EE44
:10871000903AF8EE677ADFED3D6A86EEA77A374B3E
:108720001B6CC3F3080307EE903AF8EE676A97ED07
:10873000036ADFED345AC6EE257A76EEA77AF7EEB5
:10874000006A77EEA67A67EE277AC7ED077A00BF50
:108750002A4B1B6C5B0A03F07F0307EE903AF8EE9E
:10876000677AB7EE007A37EE877AD7ED076AC6EEFA
:10877000877AFCEEE77A17EE902A7B681A601F4B27
:108780001B6C1B0C03F07F0307EE903AF8EE677A40
:10879000B7EE007A37EE877AD7ED076AC6EE877AAA
:1087A000FCEEE77A17EE902A7B685A60134B1B6C3D
:1087B0001B0E03F07F0307EE903AF8EE677AB7EEF0
:1087C000007A37EE877AD7ED076AC6EE877AFCEE35
:1087D000E77A17EE902A7B689A6008E07B680022AF
:1087E0001A607B6800225A607B6800229A6000BF92
:1087F0002437BD465DF8047B704700BF0044025833
:108800000090D003000000460024744C0024744AF9
:1088100020BCBE4B80B584B000AF786039600023C7
:10882000FB73534B9B6A03F00303032B01D101231A
:1088300099E04F4B1B684E4A23F080631360FAF7B0
:1088400007F9B86008E0FAF703F90246BB68D31AE3
:10885000022B01D9032386E0454B1B6803F000631C
:10886000002BF0D1424B9B6A23F47C327B681B685F
:108870001B033F4913438B627B685B68013BC3F377
:1088800008027B689B68013B5B029BB21A437B68D2
:10889000DB68013B1B0403F4FE031A437B681B697E
:1088A000013B1B0603F0FE43314913438B63304BFE
:1088B000DB6A23F0C0027B685B692D491343CB62FE
:1088C0002B4BDB6A23F020027B689B69284913430A
:1088D000CB62274BDB6A264A23F01003D362244B7A
:1088E000DA6B244B13407A68D269D20020491343D3
:1088F000CB631F4BDB6A1E4A43F01003D3623B6815
:10890000002B06D11A4BDB6A194A43F40023D362C9
:108910000FE03B68012B06D1154BDB6A144A43F488
:108920008013D36205E0124BDB6A114A43F4001353
:10893000D3620F4B1B680E4A43F080631360FAF753
:1089400087F8B86008E0FAF783F80246BB68D31AE4
:10895000022B01D9032306E0054B1B6803F00063DB
:10896000002BF0D0FB7B18461037BD4680BD00BF02
:10897000004402580700FFFF80B584B000AF786064
:1089800039600023FB73534B9B6A03F00303032BF3
:1089900001D1012399E04F4B1B684E4A23F08053CD
:1089A0001360FAF755F8B86008E0FAF751F8024694
:1089B000BB68D31A022B01D9032386E0454B1B6801
:1089C00003F00053002BF0D1424B9B6A23F07C72E2
:1089D0007B681B681B053F4913438B627B685B68A0
:1089E000013BC3F308027B689B68013B5B029BB2BF
:1089F0001A437B68DB68013B1B0403F4FE031A4344
:108A00007B681B69013B1B0603F0FE43314913439E
:108A10000B64304BDB6A23F440627B685B692D4951
:108A20001343CB622B4BDB6A23F400727B689B6998
:108A300028491343CB62274BDB6A264A23F4807311
:108A4000D362244B5A6C244B13407A68D269D2000B
:108A5000204913434B641F4BDB6A1E4A43F4807367
:108A6000D3623B68002B06D11A4BDB6A194A43F4E8
:108A70008003D3620FE03B68012B06D1154BDB6A04
:108A8000144A43F40003D36205E0124BDB6A114A37
:108A900043F08073D3620F4B1B680E4A43F0805340
:108AA0001360F9F7D5FFB86008E0F9F7D1FF024687
:108AB000BB68D31A022B01D9032306E0054B1B68C0
:108AC00003F00053002BF0D0FB7B18461037BD4657
:108AD00080BD00BF004402580700FFFF80B582B090
:108AE00000AF78607B68002B01D1012349E07B68EF
:108AF00093F83D30DBB2002B06D17B68002283F86F
:108B00003C20786800F041F87B68022283F83D2021
:108B10007B681A687B6804331946104600F0E8F950
:108B20007B68012283F848207B68012283F83E207D
:108B30007B68012283F83F207B68012283F8402074
:108B40007B68012283F841207B68012283F8422060
:108B50007B68012283F843207B68012283F844204C
:108B60007B68012283F845207B68012283F8462038
:108B70007B68012283F847207B68012283F83D202F
:108B8000002318460837BD4680BD80B483B000AFCF
:108B9000786000BF0C37BD465DF8047B704700006D
:108BA00080B485B000AF78607B6893F83D30DBB26D
:108BB000012B01D0012354E07B68022283F83D2081
:108BC0007B681B68DA687B681B6842F00102DA6028
:108BD0007B681B68264A934222D07B681B68B3F1EE
:108BE000804F1DD07B681B68224A934218D07B6857
:108BF0001B68214A934213D07B681B681F4A93422B
:108C00000ED07B681B681E4A934209D07B681B68A4
:108C10001C4A934204D07B681B681B4A934215D1BF
:108C20007B681B689A68194B1340FB60FB68062B36
:108C300015D0FB68B3F5803F11D07B681B681A68BC
:108C40007B681B6842F001021A6008E07B681B68C1
:108C50001A687B681B6842F001021A6000E000BFDE
:108C6000002318461437BD465DF8047B704700BFEB
:108C7000000001400004004000080040000C0040DB
:108C800000040140001800400040014007000100BE
:108C900080B584B000AF78607B681B68DB68FB60E0
:108CA0007B681B681B69BB60BB6803F00203002B79
:108CB00020D0FB6803F00203002B1BD07B681B68ED
:108CC0006FF002021A617B6801221A777B681B68C9
:108CD0009B6903F00303002B03D0786800F0E9F8E8
:108CE00005E0786800F0DBF8786800F0ECF87B6865
:108CF00000221A77BB6803F00403002B20D0FB6826
:108D000003F00403002B1BD07B681B686FF0040288
:108D10001A617B6802221A777B681B689B6903F4DF
:108D20004073002B03D0786800F0C3F805E0786842
:108D300000F0B5F8786800F0C6F87B6800221A7772
:108D4000BB6803F00803002B20D0FB6803F0080386
:108D5000002B1BD07B681B686FF008021A617B68D0
:108D600004221A777B681B68DB6903F00303002B7E
:108D700003D0786800F09DF805E0786800F08FF87F
:108D8000786800F0A0F87B6800221A77BB6803F0CF
:108D90001003002B20D0FB6803F01003002B1BD026
:108DA0007B681B686FF010021A617B6808221A77D3
:108DB0007B681B68DB6903F44073002B03D0786881
:108DC00000F077F805E0786800F069F8786800F05E
:108DD0007AF87B6800221A77BB6803F00103002B46
:108DE0000CD0FB6803F00103002B07D07B681B68E5
:108DF0006FF001021A617868F9F728F9BB6803F08F
:108E00008003002B04D1BB6803F40053002B0CD06B
:108E1000FB6803F08003002B07D07B681B686FF4AE
:108E200002521A61786800F013F9BB6803F480738A
:108E3000002B0CD0FB6803F08003002B07D07B686D
:108E40001B686FF480721A61786800F00BF9BB68D8
:108E500003F04003002B0CD0FB6803F04003002B11
:108E600007D07B681B686FF040021A61786800F0D9
:108E700034F8BB6803F02003002B0CD0FB6803F030
:108E80002003002B07D07B681B686FF020021A615B
:108E9000786800F0D3F800BF1037BD4680BD80B4BD
:108EA00083B000AF786000BF0C37BD465DF8047B2F
:108EB000704780B483B000AF786000BF0C37BD4608
:108EC0005DF8047B704780B483B000AF786000BF6A
:108ED0000C37BD465DF8047B704780B483B000AFAB
:108EE000786000BF0C37BD465DF8047B704700001A
:108EF00080B485B000AF786039607B681B68FB6028
:108F00007B68464A934213D07B68B3F1804F0FD001
:108F10007B68434A93420BD07B68424A934207D016
:108F20007B68414A934203D07B68404A934208D110
:108F3000FB6823F07003FB603B685B68FA681343CF
:108F4000FB607B68354A93421FD07B68B3F1804F4A
:108F50001BD07B68324A934217D07B68314A9342D8
:108F600013D07B68304A93420FD07B682F4A9342DC
:108F70000BD07B682E4A934207D07B682D4A9342E0
:108F800003D07B682C4A934208D1FB6823F44073DA
:108F9000FB603B68DB68FA681343FB60FB6823F007
:108FA00080023B685B691343FB607B68FA681A6068
:108FB0003B689A687B68DA623B681A687B689A62E9
:108FC0007B68164A93420FD07B68184A93420BD0B5
:108FD0007B68174A934207D07B68164A934203D0B6
:108FE0007B68154A934203D13B681A697B681A6310
:108FF0007B6801225A617B681B6903F00103012B26
:1090000005D17B681B6923F001027B681A6100BFF0
:109010001437BD465DF8047B704700BF0000014077
:109020000004004000080040000C00400004014023
:1090300000400140004401400048014080B483B03A
:1090400000AF786000BF0C37BD465DF8047B704709
:1090500080B483B000AF786000BF0C37BD465DF8C8
:10906000047B704780B483B000AF786000BF0C37DA
:10907000BD465DF8047B704780B582B000AF786074
:109080007B68002B01D1012342E07B68D3F8883054
:10909000002B06D17B68002283F884207868F9F7DA
:1090A000DDFA7B682422C3F888207B681B681A6875
:1090B0007B681B6822F001021A607B689B6A002BA8
:1090C00002D0786801F0F6FC786800F08BFF034668
:1090D000012B01D101231BE07B681B685A687B6868
:1090E0001B6822F490425A607B681B689A687B6810
:1090F0001B6822F02A029A607B681B681A687B68EA
:109100001B6842F001021A60786801F075FD0346A1
:1091100018460837BD4680BD80B58AB002AFF860FA
:10912000B9603B601346FB80FB68D3F88830202B86
:109130007BD1BB68002B02D0FB88002B01D101231F
:1091400074E0FB680022C3F89020FB682122C3F87A
:109150008820F9F77DFC7861FB68FA88A3F8542031
:10916000FB68FA88A3F85620FB689B68B3F5805F1C
:1091700008D1FB681B69002B04D10023FB61BB688D
:10918000BB6103E0BB68FB610023BB6130E03B686F
:1091900000937B6900228021F86801F0D7FD034627
:1091A000002B05D0FB682022C3F8882003233DE074
:1091B000FB69002B0BD1BB691B881A46FB681B6837
:1091C000C2F308029A62BB690233BB6107E0FB6924
:1091D0001A78FB681B689A62FB690133FB61FB68C4
:1091E000B3F856309BB2013B9AB2FB68A3F8562005
:1091F000FB68B3F856309BB2002BC8D13B68009394
:109200007B6900224021F86801F0A0FD0346002B95
:1092100005D0FB682022C3F88820032306E0FB6802
:109220002022C3F88820002300E0022318462037BC
:10923000BD4680BD80B58AB002AFF860B9603B60C2
:109240001346FB80FB68D3F88C30202B40F0B580B0
:10925000BB68002B02D0FB88002B01D10123ADE0BD
:10926000FB680022C3F89020FB682222C3F88C2000
:10927000FB680022DA66F9F7EBFB7861FB68FA8895
:10928000A3F85C20FB68FA88A3F85E20FB689B6863
:10929000B3F5805F0ED1FB681B69002B05D1FB681D
:1092A00040F2FF12A3F860202DE0FB68FF22A3F834
:1092B000602028E0FB689B68002B0DD1FB681B69D0
:1092C000002B04D1FB68FF22A3F860201BE0FB68A1
:1092D0007F22A3F8602016E0FB689B68B3F1805FF3
:1092E0000DD1FB681B69002B04D1FB687F22A3F81A
:1092F000602008E0FB683F22A3F8602003E0FB68E1
:109300000022A3F86020FB68B3F860307B82FB6822
:109310009B68B3F5805F08D1FB681B69002B04D103
:109320000023FB61BB68BB6103E0BB68FB610023FA
:10933000BB6136E03B6800937B6900222021F8681E
:1093400001F004FD0346002B05D0FB682022C3F882
:109350008C20032332E0FB69002B0CD1FB681B68D7
:109360005B6A9AB27B8A13409AB2BB691A80BB6966
:109370000233BB610CE0FB681B685B6ADAB27B8A74
:10938000DBB21340DAB2FB691A70FB690133FB618F
:10939000FB68B3F85E309BB2013B9AB2FB68A3F85E
:1093A0005E20FB68B3F85E309BB2002BC2D1FB6835
:1093B0002022C3F88C20002300E002231846203727
:1093C000BD4680BD80B58AB000AFF860B960134675
:1093D000FB80FB68D3F88830202B67D1BB68002B5B
:1093E00002D0FB88002B01D1012360E0FB68BA6842
:1093F0001A65FB68FA88A3F85420FB68FA88A3F87A
:109400005620FB680022C3F89020FB682122C3F895
:109410008820FB68DB6F002B28D0FB68DB6F264AB7
:10942000DA63FB68DB6F254A1A64FB68DB6F244A4A
:10943000DA64FB68DB6F00221A65FB68D86FFB6893
:109440001B6D1946FB681B6828331A46FB88F9F721
:10945000E7FF0346002B09D0FB681022C3F89020D9
:10946000FB682022C3F88820012320E0FB681B68EA
:1094700040221A62FB681B6808337B617B6953E8F2
:10948000003F3B613B6943F080037B62FB681B68E4
:1094900008337A6A3A62FB61F9693A6A41E8002363
:1094A000BB61BB69002BE5D1002300E00223184615
:1094B0002837BD4680BD00BFC5B000085BB10008BD
:1094C000DDB2000880B58AB000AFF860B96013461D
:1094D000FB80FB68D3F88C30202B37D1BB68002B86
:1094E00002D0FB88002B01D1012330E0FB68002271
:1094F000DA66FB681B68184A93421FD0FB681B683A
:109500005B6803F40003002B18D0FB681B687B61C9
:109510007B6953E8003F3B613B6943F080637B62BA
:10952000FB681B681A467B6A3B62FA61F9693A6A12
:1095300041E80023BB61BB69002BE6D1FB881A46DA
:10954000B968F86801F070FC034600E00223184691
:109550002837BD4680BD00BF000C005880B590B0D4
:1095600000AF78607B68D3F88830FB637B68D3F802
:109570008C30BB637B681B689B6803F08003802B87
:1095800039D1FB6B212B36D17B681B6808333B62DA
:109590003B6A53E8003FFB61FB6923F080037B6378
:1095A0007B681B6808337A6BFA62BB62B96AFA6A35
:1095B00041E800237B627B6A002BE5D17B68DB6F8F
:1095C000002B15D07B68DB6F1846FAF793F903463A
:1095D000002B0DD07B68DB6F1846FBF719FE0346A6
:1095E000202B05D17B681022C3F89020032347E08D
:1095F000786801F0BFFC7B681B689B6803F0400340
:10960000402B3CD1BB6B222B39D17B681B680833C4
:10961000FB60FB6853E8003FBB60BB6823F040037E
:109620003B637B681B6808333A6BBA617B6179697D
:10963000BA6941E800233B613B69002BE5D17B68B7
:10964000D3F88030002B17D07B68D3F880301846D1
:10965000FAF750F90346002B0ED07B68D3F8803020
:109660001846FBF7D5FD0346202B05D17B68102259
:10967000C3F89020032303E0786801F0BDFC0023C9
:1096800018464037BD4680BD80B59AB000AF7860BF
:109690007B681B68BB64BB6C53E8003F7B647B6CDE
:1096A00023F490737B667B681B681A467B6E7B6530
:1096B0003A65396D7A6D41E80023FB64FB6C002B41
:1096C000E6D17B681B6808337B637B6B53E8003F04
:1096D0003B633A6B464B13403B667B681B68083321
:1096E0003A6E3A64FB63F96B3A6C41E80023BB6362
:1096F000BB6B002BE5D17B68DB6E012B18D17B683F
:109700001B683B623B6A53E8003FFB61FB6923F047
:109710001003FB657B681B681A46FB6DFB62BA622F
:10972000B96AFA6A41E800237B627B6A002BE6D1C2
:109730007B681B689B6803F04003402B3BD17B6830
:109740001B680833FB60FB6853E8003FBB60BB68E5
:1097500023F04003BB657B681B680833BA6DBA61B0
:109760007B617969BA6941E800233B613B69002B61
:10977000E5D17B68D3F88030002B1CD07B68D3F810
:10978000803000221A657B68D3F880301846FAF7DB
:10979000B1F80346002B0ED07B68D3F88030184612
:1097A000FBF736FD0346202B05D17B681022C3F85A
:1097B0009020032317E07B680022A3F85E207B68DB
:1097C0001B680F221A627B681B689A697B681B689A
:1097D00042F008029A617B682022C3F88C207B68E3
:1097E0000022DA66002318466837BD4680BD00BFF8
:1097F000FEFFFFEF80B5BAB000AF78607B681B68F2
:10980000DB69C7F8E4307B681B681B68C7F8E03089
:109810007B681B689B68C7F8DC30D7F8E42040F60B
:109820000F031340C7F8D830D7F8D830002B1BD11E
:10983000D7F8E43003F02003002B15D0D7F8E03040
:1098400003F02003002B05D1D7F8DC3003F0805360
:10985000002B09D07B685B6F002B00F077837B685F
:109860005B6F7868984771E3D7F8D830002B00F029
:109870002381D7F8DC208D4B1340002B06D1D7F87D
:10988000E0208B4B1340002B00F01681D7F8E4301A
:1098900003F00103002B11D0D7F8E03003F48073FC
:1098A000002B0BD07B681B6801221A627B68D3F8FF
:1098B000903043F001027B68C3F89020D7F8E43081
:1098C00003F00203002B11D0D7F8DC3003F00103C2
:1098D000002B0BD07B681B6802221A627B68D3F8CE
:1098E000903043F004027B68C3F89020D7F8E4304E
:1098F00003F00403002B11D0D7F8DC3003F0010390
:10990000002B0BD07B681B6804221A627B68D3F89B
:10991000903043F002027B68C3F89020D7F8E4301F
:1099200003F00803002B17D0D7F8E03003F0200332
:10993000002B05D1D7F8DC205C4B1340002B0BD05B
:109940007B681B6808221A627B68D3F8903043F06A
:1099500008027B68C3F89020D7F8E43003F4006372
:10996000002B12D0D7F8E03003F08063002B0CD02E
:109970007B681B684FF400621A627B68D3F89030F2
:1099800043F020027B68C3F890207B68D3F89030C6
:10999000002B00F0DD82D7F8E43003F02003002B29
:1099A00013D0D7F8E03003F02003002B05D1D7F80F
:1099B000DC3003F08053002B07D07B685B6F002BFB
:1099C00003D07B685B6F786898477B68D3F89030EA
:1099D000C7F8D4307B681B689B6803F04003402BBA
:1099E00005D0D7F8D43003F02803002B54D0786882
:1099F00001F002FB7B681B689B6803F04003402B6F
:109A000046D17B681B680833C7F89C30D7F89C3078
:109A100053E8003FC7F89830D7F8983023F0400358
:109A2000C7F8D0307B681B680833D7F8D020C7F858
:109A3000A820C7F8A430D7F8A410D7F8A82041E888
:109A40000023C7F8A030D7F8A030002BD9D17B680D
:109A5000D3F88030002B17D07B68D3F88030154ABC
:109A60001A657B68D3F880301846FAF761FA034626
:109A7000002B19D07B68D3F880301B6D7A68D2F840
:109A80008020104698470FE0786800F095FA0BE0C8
:109A9000786800F091FA07E0786800F08DFA7B684A
:109AA0000022C3F8902053E200BF51E201000010F1
:109AB000200100045DB300087B68DB6E012B40F0E1
:109AC000E781D7F8E43003F01003002B00F0E081C9
:109AD000D7F8E03003F01003002B00F0D9817B6849
:109AE0001B6810221A627B681B689B6803F04003A6
:109AF000402B40F051817B68D3F880301B68964A38
:109B0000934268D07B68D3F880301B68934A9342B5
:109B100061D07B68D3F880301B68914A93425AD059
:109B20007B68D3F880301B688E4A934253D07B68A1
:109B3000D3F880301B688C4A93424CD07B68D3F8B2
:109B400080301B68894A934245D07B68D3F88030C7
:109B50001B68874A93423ED07B68D3F880301B68ED
:109B6000844A934237D07B68D3F880301B68824A9E
:109B7000934230D07B68D3F880301B687F4A934291
:109B800029D07B68D3F880301B687D4A934222D06D
:109B90007B68D3F880301B687A4A93421BD07B687D
:109BA000D3F880301B68784A934214D07B68D3F88E
:109BB00080301B68754A93420DD07B68D3F88030A3
:109BC0001B68734A934206D07B68D3F880301B68C9
:109BD000704A934206D17B68D3F880301B685B687B
:109BE0009BB205E07B68D3F880301B685B689BB252
:109BF000A7F8BE30B7F8BE30002B00F0AB817B6811
:109C0000B3F85C30B7F8BE209A4280F0A3817B683D
:109C1000B7F8BE20A3F85E207B68D3F88030DB69FC
:109C2000B3F5807F00F087807B681B68C7F88830B9
:109C3000D7F8883053E8003FC7F88430D7F884302D
:109C400023F48073C7F8B8307B681B681A46D7F8CE
:109C5000B830C7F89430C7F89020D7F89010D7F8EC
:109C6000942041E80023C7F88C30D7F88C30002BC3
:109C7000DAD17B681B6808337B677B6F53E8003F52
:109C80003B673B6F23F00103C7F8B4307B681B6868
:109C90000833D7F8B420C7F88020FB67F96FD7F8EE
:109CA000802041E80023BB67BB6F002BE1D17B68BC
:109CB0001B6808333B663B6E53E8003FFB65FB6D5A
:109CC00023F04003C7F8B0307B681B680833D7F82F
:109CD000B020FA66BB66B96EFA6E41E800237B6677
:109CE0007B6E002BE3D17B682022C3F88C207B683D
:109CF0000022DA667B681B68FB64FB6C53E8003F5C
:109D0000BB64BB6C23F01003C7F8AC307B681B68E6
:109D10001A46D7F8AC30BB657A65796DBA6D41E803
:109D200000233B653B6D002BE4D17B68D3F880308A
:109D30001846F9F7DFFD7B6802221A677B68B3F8E3
:109D40005C207B68B3F85E309BB2D31A9BB2194695
:109D5000786800F03BF9FDE0100002402800024066
:109D6000400002405800024070000240880002405B
:109D7000A0000240B8000240100402402804024043
:109D8000400402405804024070040240880402402B
:109D9000A0040240B80402407B68B3F85C207B68F2
:109DA000B3F85E309BB2D31AA7F8CE307B68B3F815
:109DB0005E309BB2002B00F0CF80B7F8CE30002B86
:109DC00000F0CA807B681B68BB63BB6B53E8003F35
:109DD0007B637B6B23F49073C7F8C8307B681B6888
:109DE0001A46D7F8C8307B643A64396C7A6C41E81B
:109DF0000023FB63FB6B002BE4D17B681B680833FB
:109E00007B627B6A53E8003F3B623A6A554B1340E2
:109E1000C7F8C4307B681B680833D7F8C4203A639E
:109E2000FB62F96A3A6B41E80023BB62BB6A002B14
:109E3000E3D17B682022C3F88C207B680022DA669D
:109E40007B6800225A677B681B683B613B6953E86B
:109E5000003FFB60FB6823F01003C7F8C0307B684D
:109E60001B681A46D7F8C030FB61BA61B969FA6954
:109E700041E800237B617B69002BE4D17B680222EF
:109E80001A67B7F8CE301946786800F09FF863E09B
:109E9000D7F8E43003F48013002B0ED0D7F8DC3071
:109EA00003F48003002B08D07B681B684FF48012FA
:109EB0001A62786801F093FA51E0D7F8E43003F0C1
:109EC0008003002B14D0D7F8E03003F08003002B80
:109ED00005D1D7F8DC3003F40003002B08D07B68F1
:109EE0009B6F002B3AD07B689B6F7868984735E072
:109EF000D7F8E43003F04003002B09D0D7F8E03066
:109F000003F04003002B03D0786801F03DFA26E00F
:109F1000D7F8E43003F40003002B09D0D7F8E03081
:109F200003F08043002B03D0786801F06CFA16E050
:109F3000D7F8E43003F08073002B10D0D7F8E0306E
:109F4000002B0CDA786801F054FA08E000BF06E054
:109F500000BF04E000BF02E000BF00E000BFE83740
:109F6000BD4680BDFEFFFFEF80B483B000AF7860D8
:109F700000BF0C37BD465DF8047B704780B483B0EA
:109F800000AF786000BF0C37BD465DF8047B7047BA
:109F900080B483B000AF786000BF0C37BD465DF879
:109FA000047B704780B483B000AF786000BF0C378B
:109FB000BD465DF8047B704780B483B000AF786025
:109FC00000BF0C37BD465DF8047B704780B483B09A
:109FD00000AF78600B467B8000BF0C37BD465DF854
:109FE000047B70472DE9B04F92B000AF7861002339
:109FF00087F842307B699A687B691B691A437B69E1
:10A000005B691A437B69DB6913437B647B691B686B
:10A010001A68BE4B13407A691268796C0B4313605F
:10A020007B691B685B6823F440517B69DA687B6954
:10A030001B680A435A607B699B697B647B691B6868
:10A04000B34A934204D07B691B6A7A6C13437B64E6
:10A050007B691B689A68AF4B13407A691268796C08
:10A060000B4393607B691B68DB6A23F00F017B69FC
:10A070005A6A7B691B680A43DA627B691B68A64AD5
:10A08000934277D1A54B5B6D03F03803282B6DD835
:10A0900001A252F823F000BF3DA100086DA1000805
:10A0A0006DA100086DA100086DA100086DA1000858
:10A0B0006DA100086DA1000845A100086DA1000870
:10A0C0006DA100086DA100086DA100086DA1000838
:10A0D0006DA100086DA100084DA100086DA1000848
:10A0E0006DA100086DA100086DA100086DA1000818
:10A0F0006DA100086DA1000855A100086DA1000820
:10A100006DA100086DA100086DA100086DA10008F7
:10A110006DA100086DA100085DA100086DA10008F7
:10A120006DA100086DA100086DA100086DA10008D7
:10A130006DA100086DA1000865A10008012387F842
:10A14000433022E2042387F843301EE2082387F8D5
:10A1500043301AE2102387F8433016E2202387F8B1
:10A16000433012E2402387F843300EE2802387F821
:10A1700043300AE27B691B68694A934230D1674BDE
:10A180005B6D03F00703052B26D801A252F823F0DC
:10A19000A9A10008B1A10008B9A10008C1A1000847
:10A1A000C9A10008D1A10008002387F84330ECE1E1
:10A1B000042387F84330E8E1082387F84330E4E1DB
:10A1C000102387F84330E0E1202387F84330DCE1B7
:10A1D000402387F84330D8E1802387F84330D4E127
:10A1E0007B691B684F4A934230D14C4B5B6D03F047
:10A1F0000703052B26D801A252F823F015A2000868
:10A200001DA2000825A200082DA2000835A2000802
:10A210003DA20008002387F84330B6E1042387F805
:10A220004330B2E1082387F84330AEE1102387F8CA
:10A230004330AAE1202387F84330A6E1402387F882
:10A240004330A2E1802387F843309EE17B691B689D
:10A25000354A934230D1314B5B6D03F00703052B38
:10A2600026D801A252F823F081A2000889A2000892
:10A2700091A2000899A20008A1A20008A9A20008C2
:10A28000002387F8433080E1042387F843307CE1E2
:10A29000082387F8433078E1102387F8433074E1CE
:10A2A000202387F8433070E1402387F843306CE186
:10A2B000802387F8433068E17B691B681B4A93421F
:10A2C00042D1164B5B6D03F00703052B38D801A272
:10A2D00052F823F0EDA20008F5A20008FDA2000844
:10A2E00005A3000831A3000839A30008002387F85C
:10A2F00043304AE1042387F8433046E1082387F8D6
:10A30000433042E1102387F843303EE1F369FFCF49
:10A31000000C0058FFF4FF110010014000440258E7
:10A320000044004000480040004C00400050004005
:10A33000202387F8433028E1402387F8433024E185
:10A34000802387F8433020E17B691B68CB4A934226
:10A3500076D1CB4B5B6D03F03803282B6CD801A270
:10A3600052F823F009A4000839A4000839A4000811
:10A3700039A4000839A4000839A4000839A4000849
:10A3800039A4000811A4000839A4000839A4000861
:10A3900039A4000839A4000839A4000839A4000829
:10A3A00039A4000819A4000839A4000839A4000839
:10A3B00039A4000839A4000839A4000839A4000809
:10A3C00039A4000821A4000839A4000839A4000811
:10A3D00039A4000839A4000839A4000839A40008E9
:10A3E00039A4000829A4000839A4000839A40008E9
:10A3F00039A4000839A4000839A4000839A40008C9
:10A4000039A4000831A40008012387F84330BCE0D8
:10A41000042387F84330B8E0082387F84330B4E0DA
:10A42000102387F84330B0E0202387F84330ACE0B6
:10A43000402387F84330A8E0802387F84330A4E026
:10A440007B691B688F4A934230D18D4B5B6D03F063
:10A450000703052B26D801A252F823F075A40008A3
:10A460007DA4000885A400088DA4000895A4000818
:10A470009DA40008002387F8433086E0042387F872
:10A48000433082E0082387F843307EE0102387F8CA
:10A4900043307AE0202387F8433076E0402387F882
:10A4A000433072E0802387F843306EE07B691B689D
:10A4B000754A934230D1724B5B6D03F00703052B55
:10A4C00026D801A252F823F0E1A40008E9A400086C
:10A4D000F1A40008F9A4000801A5000809A50008D6
:10A4E000002387F8433050E0042387F843304CE0E2
:10A4F000082387F8433048E0102387F8433044E0CE
:10A50000202387F8433040E0402387F843303CE085
:10A51000802387F8433038E07B691B685B4A9342AD
:10A5200030D1574B9B6D03F00703052B26D801A2B2
:10A5300052F823F04DA5000855A500085DA50008B8
:10A5400065A500086DA5000875A50008022387F819
:10A5500043301AE0042387F8433016E0082387F8D5
:10A56000433012E0102387F843300EE0202387F8B1
:10A5700043300AE0402387F8433006E0802387F821
:10A58000433002E0802387F843307B691B683F4AF1
:10A59000934240F0F88097F84330202B46DC022BA2
:10A5A000C0F28280023B1E2B7ED801A252F823F01B
:10A5B00033A60008A9A600083BA60008A9A6000823
:10A5C000A9A60008A9A600084BA60008A9A600088D
:10A5D000A9A60008A9A60008A9A60008A9A600081F
:10A5E000A9A60008A9A600085BA60008A9A600085D
:10A5F000A9A60008A9A60008A9A60008A9A60008FF
:10A60000A9A60008A9A60008A9A60008A9A60008EE
:10A61000A9A60008A9A60008A9A60008A9A60008DE
:10A62000A9A60008A9A600089BA60008402B37D0C1
:10A630003AE0FDF731FEF8633CE007F124031846E9
:10A64000FDF740FEBB6AFB6334E007F118031846D0
:10A65000FDF78CFFFB69FB632CE0094B1B6803F0E3
:10A660002003002B16D0064B1B68DB0803F0030306
:10A67000074A22FA03F3FB631CE000BF0014014009
:10A680000044025800780040007C0040000C005854
:10A690000090D0039D4BFB630CE09D4BFB6309E0F6
:10A6A0004FF40043FB6305E00023FB63012387F8BD
:10A6B000423000BFFB6B002B00F0DE817B695B6AE0
:10A6C000944A32F813301A46FB6BB3FBF2F33B6348
:10A6D0007B695A6813465B0013443A6B9A4205D370
:10A6E0007B695B681B033A6B9A4203D9012387F8A5
:10A6F0004230C1E1FB6B0022BB60FA607B695B6AA0
:10A70000844A32F813309BB200223B607A60D7E96A
:10A710000023D7E90201F5F79BFE02460B461046DF
:10A7200019464FF000024FF000030B0243EA10639A
:10A73000020279694968490800200C46054612EB77
:10A74000040843EB05097B695B6800229A4693463F
:10A7500052465B4640464946F5F77AFE02460B46AE
:10A760001346BB63BB6BB3F5407F08D3BB6BB3F53C
:10A77000801F04D27B691B68BA6BDA607CE101231D
:10A7800087F8423078E17B69DB69B3F5004F40F030
:10A79000C58097F84330202B48DC002B7BDB202B37
:10A7A00079D801A252F823F033A800083BA800088A
:10A7B00097A8000897A8000843A8000897A80008D1
:10A7C00097A8000897A8000853A8000897A80008B1
:10A7D00097A8000897A8000897A8000897A800085D
:10A7E00097A8000897A8000863A8000897A8000881
:10A7F00097A8000897A8000897A8000897A800083D
:10A8000097A8000897A8000897A8000897A800082C
:10A8100097A8000897A8000897A8000897A800081C
:10A8200097A8000897A8000889A80008402B2ED0F8
:10A8300031E0FCF7B9FAF86333E0FCF7CBFAF863E0
:10A840002FE007F124031846FDF73CFDBB6AFB63CC
:10A8500027E007F118031846FDF788FEFB69FB6344
:10A860001FE02D4B1B6803F02003002B09D02A4B5F
:10A870001B68DB0803F00303244A22FA03F3FB639B
:10A880000FE0224BFB630CE0214BFB6309E04FF42C
:10A890000043FB6305E00023FB63012387F842309C
:10A8A00000BFFB6B002B00F0E7807B695B6A194AF5
:10A8B00032F813301A46FB6BB3FBF2F35A007B6994
:10A8C0005B685B081A447B695B68B2FBF3F3BB63AC
:10A8D000BB6B0F2B16D9BB6BB3F5803F12D2BB6B92
:10A8E0009BB223F00F03FB86BB6B5B089BB203F0AC
:10A8F00007039AB2FB8E1343FB867B691B68FA8EB3
:10A90000DA60B9E0012387F84230B5E00090D00367
:10A9100000093D0088F301080044025897F84330CD
:10A92000202B49DC002B7CDB202B7AD801A252F8AB
:10A9300023F000BFBFA90008C7A9000823AA000888
:10A9400023AA0008CFA9000823AA000823AA000808
:10A9500023AA0008DFA9000823AA000823AA0008E8
:10A9600023AA000823AA000823AA000823AA000893
:10A9700023AA0008EFA9000823AA000823AA0008B8
:10A9800023AA000823AA000823AA000823AA000873
:10A9900023AA000823AA000823AA000823AA000863
:10A9A00023AA000823AA000823AA000823AA000853
:10A9B00023AA000815AA0008402B2ED031E0FCF78E
:10A9C000F3F9F86333E0FCF705FAF8632FE007F1D9
:10A9D00024031846FDF776FCBB6AFB6327E007F10A
:10A9E00018031846FDF7C2FDFB69FB631FE02D4B02
:10A9F0001B6803F02003002B09D02A4B1B68DB08DF
:10AA000003F00303284A22FA03F3FB630FE0264B0B
:10AA1000FB630CE0254BFB6309E04FF40043FB6351
:10AA200005E00023FB63012387F8423000BFFB6B86
:10AA3000002B21D07B695B6A1D4A32F813301A461D
:10AA4000FB6BB3FBF2F27B695B685B081A447B69C2
:10AA50005B68B2FBF3F3BB63BB6B0F2B09D9BB6B1A
:10AA6000B3F5803F05D2BB6B9AB27B691B68DA6095
:10AA700002E0012387F842307B690122A3F86A20B3
:10AA80007B690122A3F868207B6900225A677B69F1
:10AA900000229A6797F8423018464837BD46BDE80D
:10AAA000B08F00BF004402580090D00300093D0061
:10AAB00088F3010880B483B000AF78607B689B6A3C
:10AAC00003F00803002B0AD07B681B685B6823F443
:10AAD00000417B689A6B7B681B680A435A607B68FD
:10AAE0009B6A03F00103002B0AD07B681B685B683C
:10AAF00023F400317B68DA6A7B681B680A435A607A
:10AB00007B689B6A03F00203002B0AD07B681B68FA
:10AB10005B6823F480317B681A6B7B681B680A438F
:10AB20005A607B689B6A03F00403002B0AD07B68A1
:10AB30001B685B6823F480217B685A6B7B681B6809
:10AB40000A435A607B689B6A03F01003002B0AD00B
:10AB50007B681B689B6823F480517B68DA6B7B6899
:10AB60001B680A439A607B689B6A03F02003002BF2
:10AB70000AD07B681B689B6823F400517B681A6CC1
:10AB80007B681B680A439A607B689B6A03F04003FA
:10AB9000002B1AD07B681B685B6823F480117B68EC
:10ABA0005A6C7B681B680A435A607B685B6CB3F520
:10ABB000801F0AD17B681B685B6823F4C0017B6837
:10ABC0009A6C7B681B680A435A607B689B6A03F037
:10ABD0008003002B0AD07B681B685B6823F400218C
:10ABE0007B68DA6C7B681B680A435A6000BF0C37CD
:10ABF000BD465DF8047B704780B598B002AF7860C1
:10AC00007B680022C3F89020F7F722FF78657B6805
:10AC10001B681B6803F00803082B2FD16FF07E43DD
:10AC200000937B6D00224FF40011786800F08EF8DD
:10AC30000346002B22D07B681B68BB63BB6B53E8C9
:10AC4000003F7B637B6B23F080033B657B681B6865
:10AC50001A463B6D7B643A64396C7A6C41E8002398
:10AC6000FB63FB6B002BE6D17B682022C3F88820B6
:10AC70007B68002283F88420032363E07B681B68E1
:10AC80001B6803F00403042B49D16FF07E4300934B
:10AC90007B6D00224FF48001786800F057F803467E
:10ACA000002B3CD07B681B687B627B6A53E8003FCB
:10ACB0003B623B6A23F49073FB647B681B681A4613
:10ACC000FB6C3B63FA62F96A3A6B41E80023BB62B2
:10ACD000BB6A002BE6D17B681B6808333B613B698C
:10ACE00053E8003FFB60FB6823F00103BB647B6813
:10ACF0001B680833BA6CFA61BB61B969FA6941E84B
:10AD000000237B617B69002BE5D17B682022C3F89F
:10AD10008C207B68002283F88420032312E07B6868
:10AD20002022C3F888207B682022C3F88C207B680F
:10AD30000022DA667B6800221A677B68002283F8AB
:10AD40008420002318465837BD4680BD80B584B0A6
:10AD500000AFF860B9603B601346FB714FE0BB6920
:10AD6000B3F1FF3F4BD0F7F773FE02463B68D31AAF
:10AD7000BA699A4202D3BB69002B01D103234EE08A
:10AD8000FB681B681B6803F00403002B37D0BB680B
:10AD9000802B34D0BB68402B31D0FB681B68DB694B
:10ADA00003F00803082B10D1FB681B6808221A6205
:10ADB000F86800F021F9FB680822C3F89020FB68CE
:10ADC000002283F88420012329E0FB681B68DB69EB
:10ADD00003F40063B3F5006F11D1FB681B684FF4F7
:10ADE00000621A62F86800F007F9FB682022C3F8D5
:10ADF0009020FB68002283F8842003230FE0FB6887
:10AE00001B68DA69BB681340BA689A420CBF012319
:10AE10000023DBB21A46FB799A42A0D000231846E1
:10AE20001037BD4680BD000080B596B000AFF86019
:10AE3000B9601346FB80FB68BA689A65FB68FA88BC
:10AE4000A3F85C20FB680022C3F89020FB68222254
:10AE5000C3F88C20FB68D3F88030002B2DD0FB6822
:10AE6000D3F88030404ADA63FB68D3F880303F4A39
:10AE70001A64FB68D3F880303D4ADA64FB68D3F883
:10AE8000803000221A65FB68D3F88000FB681B68DD
:10AE900024331946FB689B6D1A46FB88F8F7C0FA05
:10AEA0000346002B09D0FB681022C3F89020FB68F2
:10AEB0002022C3F88C20012351E0FB681B69002B82
:10AEC00018D0FB681B68FB63FB6B53E8003FBB6358
:10AED000BB6B43F480737B65FB681B681A467B6D14
:10AEE000BB647A64796CBA6C41E800233B643B6CC8
:10AEF000002BE6D1FB681B680833BB62BB6A53E8D2
:10AF0000003F7B627B6A43F001033B65FB681B6883
:10AF100008333A6D7A633B63396B7A6B41E80023FF
:10AF2000FB62FB6A002BE5D1FB681B6808337B6181
:10AF30007B6953E8003F3B613B6943F04003FB649E
:10AF4000FB681B680833FA6C3A62FB61F9693A6A7C
:10AF500041E80023BB61BB69002BE5D10023184603
:10AF60005837BD4680BD00BF77B100089FB20008CA
:10AF7000DDB2000880B48FB000AF78607B681B68DA
:10AF80003B623B6A53E8003FFB61FB6923F0C0036F
:10AF90007B637B681B681A467B6BFB62BA62B96A8B
:10AFA000FA6A41E800237B627B6A002BE6D17B686A
:10AFB0001B680833FB60FB6853E8003FBB60BB685D
:10AFC00023F400033B637B681B6808333A6BBA6168
:10AFD0007B617969BA6941E800233B613B69002BD9
:10AFE000E5D17B682022C3F8882000BF3C37BD46EE
:10AFF0005DF8047B7047000080B495B000AF7860C6
:10B000007B681B687B637B6B53E8003F3B633B6B58
:10B0100023F49073FB647B681B681A46FB6C3B64EB
:10B02000FA63F96B3A6C41E80023BB63BB6B002BFE
:10B03000E6D17B681B6808333B623B6A53E8003FFC
:10B04000FB61FA691E4B1340BB647B681B680833C5
:10B05000BA6CFA62BB62B96AFA6A41E800237B62A1
:10B060007B6A002BE5D17B68DB6E012B18D17B68F6
:10B070001B68FB60FB6853E8003FBB60BB6823F0C4
:10B0800010037B647B681B681A467B6CBB617A612A
:10B090007969BA6941E800233B613B69002BE6D13D
:10B0A0007B682022C3F88C207B680022DA667B68EC
:10B0B00000225A6700BF5437BD465DF8047B7047D5
:10B0C000FEFFFFEF80B590B000AF78607B689B6BB0
:10B0D000FB637B68DB69B3F5807F37D0FB6B0022B5
:10B0E000A3F85620FB6B1B6808337B627B6A53E82E
:10B0F000003F3B623B6A23F08003BB63FB6B1B6832
:10B100000833BA6B3A63FB62F96A3A6B41E8002391
:10B11000BB62BB6A002BE5D1FB6B1B683B613B69E3
:10B1200053E8003FFB60FB6843F040037B63FB6B2D
:10B130001B681A467B6BFB61BA61B969FA6941E821
:10B1400000237B617B69002BE6D102E0F86BFEF700
:10B150000BFF00BF4037BD4680BD80B584B000AF57
:10B1600078607B689B6BFB60F868FEF707FF00BFA9
:10B170001037BD4680BD80B59CB000AF78607B685D
:10B180009B6BFB667B68DB69B3F5807F71D0FB6EE0
:10B190000022A3F85E20FB6E1B68FB64FB6C53E887
:10B1A000003FBB64BB6C23F48073BB66FB6E1B6803
:10B1B0001A46BB6EBB657A65796DBA6D41E80023AE
:10B1C0003B653B6D002BE6D1FB6E1B680833BB6310
:10B1D000BB6B53E8003F7B637B6B23F001037B6613
:10B1E000FB6E1B6808337A6E7A643B64396C7A6C48
:10B1F00041E80023FB63FB6B002BE5D1FB6E1B6872
:10B2000008337B627B6A53E8003F3B623B6A23F072
:10B2100040033B66FB6E1B6808333A6E3A63FB6281
:10B22000F96A3A6B41E80023BB62BB6A002BE5D1A7
:10B23000FB6E2022C3F88C20FB6EDB6E012B18D135
:10B24000FB6E1B683B613B6953E8003FFB60FB689A
:10B2500023F01003FB65FB6E1B681A46FB6DFB6158
:10B26000BA61B969FA6941E800237B617B69002B07
:10B27000E6D1FB6E00221A67FB6EDB6E012B07D155
:10B28000FB6EB3F85C301946F86EFEF79FFE02E0E5
:10B29000F86EFEF77DFE00BF7037BD4680BD80B5FD
:10B2A00084B000AF78607B689B6BFB60FB68012219
:10B2B0001A67FB68DB6E012B09D1FB68B3F85C30C1
:10B2C0005B089BB21946F868FEF780FE02E0F8685A
:10B2D000FEF768FE00BF1037BD4680BD80B586B062
:10B2E00000AF78607B689B6B7B617B69D3F88830AB
:10B2F0003B617B69D3F88C30FB607B691B689B6882
:10B3000003F08003802B09D13B69212B06D17B6997
:10B310000022A3F856207869FFF72CFE7B691B6892
:10B320009B6803F04003402B09D1FB68222B06D118
:10B330007B690022A3F85E207869FFF75DFE7B69D8
:10B34000D3F8903043F010027B69C3F890207869FD
:10B35000FEF732FE00BF1837BD4680BD80B584B011
:10B3600000AF78607B689B6BFB60FB680022A3F8F2
:10B370005E20FB680022A3F85620F868FEF71CFE4A
:10B3800000BF1037BD4680BD80B588B000AF786083
:10B390007B681B68FB60FB6853E8003FBB60BB68D1
:10B3A00023F04003FB617B681B681A46FB69BB61A5
:10B3B0007A617969BA6941E800233B613B69002BF6
:10B3C000E6D17B682022C3F888207B6800229A6738
:10B3D0007868FEF7C9FD00BF2037BD4680BD80B448
:10B3E00083B000AF786000BF0C37BD465DF8047BCA
:10B3F000704780B483B000AF786000BF0C37BD46A3
:10B400005DF8047B704780B483B000AF786000BF04
:10B410000C37BD465DF8047B704780B485B000AF43
:10B4200078607B6893F88430012B01D1022327E0F8
:10B430007B68012283F884207B682422C3F888205B
:10B440007B681B681B68FB607B681B681A687B68ED
:10B450001B6822F001021A60FB6823F00053FB60B6
:10B460007B6800225A667B681B68FA681A607B68F2
:10B470002022C3F888207B68002283F884200023E0
:10B4800018461437BD465DF8047B704780B584B01C
:10B4900000AF786039607B6893F88430012B01D16C
:10B4A00002232DE07B68012283F884207B6824221C
:10B4B000C3F888207B681B681B68FB607B681B687F
:10B4C0001A687B681B6822F001021A607B681B689F
:10B4D0009B6823F060417B681B683A680A439A6066
:10B4E000786800F04FF87B681B68FA681A607B6820
:10B4F0002022C3F888207B68002283F88420002360
:10B5000018461037BD4680BD80B584B000AF786066
:10B5100039607B6893F88430012B01D102232DE040
:10B520007B68012283F884207B682422C3F888206A
:10B530007B681B681B68FB607B681B681A687B68FC
:10B540001B6822F001021A607B681B689B6823F06D
:10B5500060617B681B683A680A439A60786800F00B
:10B5600011F87B681B68FA681A607B682022C3F8B0
:10B5700088207B68002283F8842000231846103737
:10B58000BD4680BD80B485B000AF78607B685B6EDF
:10B59000002B08D17B680122A3F86A207B68012276
:10B5A000A3F8682031E01023FB731023BB737B6882
:10B5B0001B689B685B0EDBB203F007037B737B6841
:10B5C0001B689B685B0FDBB203F007033B73BB7B1D
:10B5D0003A7B11498A5C02FB03F33A7B0F498A5C90
:10B5E00093FBF2F39AB27B68A3F86A20FB7B7A7B29
:10B5F00009498A5C02FB03F37A7B08498A5C93FB66
:10B60000F2F39AB27B68A3F8682000BF1437BD46F6
:10B610005DF8047B704700BFA0F30108A8F30108A0
:10B6200080B58AB000AF78600023FB6102F03CF87F
:10B630005A4B1B68002B01D100F086F9584B1A6851
:10B640007B681340002B40F090807B68002B1ED05D
:10B6500008227B6813447B607B6803F00703002BA0
:10B6600015D07B6823F0070308337B607B6803F009
:10B670000703002B0BD04FF0500383F31188BFF367
:10B680006F8FBFF34F8F7B6100BF00BFFDE77B680B
:10B69000002B6AD0434B1B687A689A4265D8424BAC
:10B6A0003B62414B1B687B6204E07B6A3B627B6AC6
:10B6B0001B687B627B6A5B687A689A4203D97B6A03
:10B6C0001B68002BF1D1354B1B687A6A9A424CD02B
:10B6D0003B6A1B6808221344FB617B6A1A683B6A59
:10B6E0001A607B6A5A687B68D21A08235B009A4208
:10B6F00020D97A6A7B681344BB61BB6903F00703F6
:10B70000002B0BD04FF0500383F31188BFF36F8FE2
:10B71000BFF34F8F3B6100BF00BFFDE77B6A5A68F4
:10B720007B68D21ABB695A607B6A7A685A60B869CA
:10B7300000F06CF91B4B1A687B6A5B68D31A194AD4
:10B740001360184B1A68194B1B689A4203D2154BA9
:10B750001B68164A13607B6A5A68114B1B681A43B0
:10B760007B6A5A607B6A00221A6001F0ABFFFB69BA
:10B7700003F00703002B0BD04FF0500383F3118825
:10B78000BFF36F8FBFF34F8FFB6000BF00BFFDE7BC
:10B79000FB6918462837BD4680BD00BF48CD002450
:10B7A00054CD00244CCD002440CD002450CD0024A5
:10B7B00080B586B000AF78607B687B617B68002BCA
:10B7C0004AD008235B427A6913447B617B693B6101
:10B7D0003B695A68224B1B681340002B0BD14FF07A
:10B7E000500383F31188BFF36F8FBFF34F8FFB605C
:10B7F00000BF00BFFDE73B691B68002B0BD04FF07B
:10B80000500383F31188BFF36F8FBFF34F8FBB607B
:10B8100000BF00BFFDE73B695A68114B1B6813402E
:10B82000002B19D03B691B68002B15D13B695A6866
:10B830000B4B1B68DB431A403B695A6001F034FF35
:10B840003B695A68074B1B681344064A1360386902
:10B8500000F0DCF801F036FF00BF1837BD4680BDB0
:10B8600054CD00244CCD002480B487B000AF786064
:10B870007B687B6108235B427A6913447B617B6947
:10B880003B613B695A68064B1B68DB431340FB6016
:10B89000FB6818461C37BD465DF8047B704700BF47
:10B8A00054CD002480B584B000AF7860396001F0D9
:10B8B000FBFE3868FFF7B4FEB860BB68002B17D0FA
:10B8C0007B68002B14D07868FFF7CEFF0346082270
:10B8D0009B1AFB603A68FB689A4201D23B68FB60A6
:10B8E000FA687968B86811F0B3FC7868FFF760FF10
:10B8F00001F0E8FEBB6818461037BD4680BD80B534
:10B9000086B000AF7860396001F0CEFE3B687A689F
:10B9100002FB03F37B617869FFF782FEF860FB6846
:10B920003B6104E03B695A1C3A6100221A707B6952
:10B930005A1E7A61002BF5D101F0C4FEFB6818464F
:10B940001837BD4680BD000080B485B000AF4CF212
:10B950005033BB60274BFB60FB6803F00703002BF1
:10B960000CD0FB680733FB60FB6823F00703FB6028
:10B97000BA68FB68D31A1F4A1344BB60FB687B603C
:10B980001D4A7B6813601C4B00225A607B68BA68B2
:10B990001344FB600822FB689B1AFB60FB6823F0E2
:10B9A0000703FB60FB68154A1360144B1B680022F9
:10B9B0005A60124B1B6800221A607B683B603B6830
:10B9C000FA68D21A3B685A600C4B1A683B681A60D6
:10B9D0003B685B680A4A13603B685B68094A13600E
:10B9E000094B4FF000421A6000BF1437BD465DF8A6
:10B9F000047B7047F009002440CD002448CD00248A
:10BA000050CD00244CCD002454CD002480B485B00A
:10BA100000AF7860284BFB6002E0FB681B68FB60AE
:10BA2000FB681B687A689A42F7D8FB68BB60FB68C2
:10BA30005B68BA6813447A689A4208D1FB685A680E
:10BA40007B685B681A44FB685A60FB687B607B68B4
:10BA5000BB607B685B68BA681A44FB681B689A42E3
:10BA600018D1FB681A68154B1B689A420DD07B6889
:10BA70005A68FB681B685B681A447B685A60FB68FD
:10BA80001B681A687B681A6008E00C4B1A687B68B0
:10BA90001A6003E0FB681A687B681A60FA687B68C2
:10BAA0009A4202D0FB687A681A6000BF1437BD461C
:10BAB0005DF8047B704700BF40CD002448CD0024D2
:10BAC00080B584B000AF78607B68D3F88C32FB60BF
:10BAD0004FF400620449F868FDF7F4FC01231846AE
:10BAE0001037BD4680BD00BF58CD002480B584B05E
:10BAF00000AF78607B68D3F88C32FB60F868FDF7A4
:10BB00002DFD012318461037BD4680BD80B586B097
:10BB100000AFF860B9607A603B60FB68D3F88C32A4
:10BB20007B617B69D3F88830202B18D17B689BB26E
:10BB30001A46B9687869FDF745FC0346FB7400BFF7
:10BB4000FB7C002B04D17B69D3F88830202BF7D104
:10BB5000FB7C002B01D17B6802E0002300E0002386
:10BB600018461837BD4680BD80B588B000AFF86074
:10BB7000B9607A603B60FB68D3F88C327B6100234C
:10BB8000FB610023BB6172B600BF7B69D3F88030D4
:10BB90001B68594A934268D07B69D3F880301B6890
:10BBA000564A934261D07B69D3F880301B68544A6F
:10BBB00093425AD07B69D3F880301B68514A934234
:10BBC00053D07B69D3F880301B684F4A93424CD0E6
:10BBD0007B69D3F880301B684C4A934245D07B691F
:10BBE000D3F880301B684A4A93423ED07B69D3F831
:10BBF00080301B68474A934237D07B69D3F8803046
:10BC00001B68454A934230D07B69D3F880301B686B
:10BC1000424A934229D07B69D3F880301B68404A5E
:10BC2000934222D07B69D3F880301B683D4A93420F
:10BC30001BD07B69D3F880301B683B4A934214D0F9
:10BC40007B69D3F880301B68384A93420DD07B69FA
:10BC5000D3F880301B68364A934206D07B69D3F80C
:10BC600080301B68334A934207D17B69D3F8803018
:10BC70001B685B68C3F5006306E07B69D3F880301E
:10BC80001B685B68C3F500632B4A136062B600BF94
:10BC9000FB690133FB61012000F0B0FB274B1A6800
:10BCA000254B1B689A4217D1FA693B689A42FFF606
:10BCB0006AAF11E0214B1A68B968BB690B4420498F
:10BCC0008A5C1A701D4B1B680133C3F30A031B4ABD
:10BCD0001360BB690133BB61184B1A68164B1B68B4
:10BCE0009A4203D0BA697B689A42E3D3BB6918468B
:10BCF0002037BD4680BD00BF100002402800024032
:10BD0000400002405800024070000240880002409B
:10BD1000A0000240B8000240100402402804024083
:10BD2000400402405804024070040240880402406B
:10BD3000A0040240B80402405CD5002458D5002479
:10BD400058CD002480B582B000AF786039600C4BCC
:10BD50001B681A467B6813441A46094B1A60094B44
:10BD60001B681A467B6813441A46064B1A607868AB
:10BD7000FFF756FC034618460837BD4680BD00BF96
:10BD800060D5002464D5002480B582B000AF78600F
:10BD900039607B68002B0CD07868FFF765FD03469F
:10BDA000064A1268D31A1A46044B1A607868FFF7DD
:10BDB000FFFC00BF0837BD4680BD00BF64D500242E
:10BDC00080B584B000AFF860B9607A60154B1B682D
:10BDD0001A46BB6813441A46124B1A60124B1B6872
:10BDE0001A46BB6813441A460F4B1A60FB68002BB7
:10BDF00004D1B868FFF714FC03460EE0F868FFF7BB
:10BE000033FD0346084A1268D31A1A46064B1A60D5
:10BE1000B968F868FFF746FD034618461037BD4677
:10BE200080BD00BF60D5002464D5002480B584B0F7
:10BE300000AFF860B9607A60FB68BA6802FB03F390
:10BE40000C4A126813441A460A4B1A60FB68BA6817
:10BE500002FB03F3084A126813441A46064B1A60A1
:10BE6000B968F868FFF74BFD034618461037BD4622
:10BE700080BD00BF60D5002464D500240000000010
:10BE80002DE9B04386B000AFC7E902017A60002314
:10BE90007B61D7E9020120A3D3E90023F4F788FAF4
:10BEA00002460B467968C1E90023D7E902011AA3CB
:10BEB000D3E90023F4F77CFA7B689A607B689B687F
:10BEC000002B20DA7B689B68114A82FB0312121751
:10BED000DB17D31A01337B617B68D3E900237969CF
:10BEE000C8170C460546B2EB040863EB05097B68EE
:10BEF000C3E900897B689A687B69064901FB03F303
:10BF00001A447B689A6000BF1837BD46BDE8B0830D
:10BF1000A12FB84400CA9A3B00CA9A3B0000000017
:10BF20002DE9B04F8EB000AF7862396207F1280278
:10BF30000023136053604FF000024FF00003C7E985
:10BF40000C2307F12803184601F040FEBB6ADA17FC
:10BF5000BB61FA614FF000024FF00003B9690B00BA
:10BF60000022C7E90C23FB6A00221C461546D7E9CC
:10BF70000C231119B9606B41FB60D7E90234C7E9A2
:10BF80000C34D7E90C0102460B464FF000044FF089
:10BF900000055D0145EAD265540122462B46B2EB0D
:10BFA000000863EB01094FF000024FF000034FEA75
:10BFB000492343EAD8534FEA48229046994618EB62
:10BFC000000A49EB010B4FF000024FF000034FEA6B
:10BFD0008B1343EA9A634FEA8A12B2EB0A043C607D
:10BFE00063EB0B037B60D7E9004523461B183B61DD
:10BFF0002B4641EB03037B613A6AD7E90401FFF763
:10C000003FFF002318463837BD46BDE8B08F80B4E7
:10C0100083B000AF78607B68002B01D1002300E083
:10C02000012318460C37BD465DF8047B704780B489
:10C0300083B000AF78607B68002B0C37BD465DF89D
:10C04000047B704780B582B000AF78600B46FB7010
:10C050007868FFF7DCFF00BF0837BD4680BD80B5BC
:10C0600082B000AF78607868FFF7E1FF00BF083763
:10C07000BD4680BD80B400AF064B1B68002B03D1CA
:10C08000054B1B68034A1360024B1846BD465DF81A
:10C09000047B7047D80000247003002480B483B070
:10C0A00000AF78607B68002B01D1002300E0012302
:10C0B00018460C37BD465DF8047B704780B483B0EA
:10C0C00000AF78607B68002B0C37BD465DF8047BC1
:10C0D000704780B582B000AF78600B46FB7078681F
:10C0E000FFF7DCFF00BF0837BD4680BD80B582B0DA
:10C0F00000AF78607868FFF7E1FF00BF0837BD4602
:10C1000080BD000080B400AF064B1B68002B03D13C
:10C11000054B1B68034A1360024B1846BD465DF889
:10C12000047B7047880200247003002480B483B02D
:10C1300000AF78607B68002B01D1002300E0012371
:10C1400018460C37BD465DF8047B704780B483B059
:10C1500000AF78607B68002B0C37BD465DF8047B30
:10C16000704780B582B000AF78600B46FB7078688E
:10C17000FFF7DCFF00BF0837BD4680BD80B582B049
:10C1800000AF78607868FFF7E1FF00BF0837BD4671
:10C1900080BD000080B400AF064B1B68002B03D1AC
:10C1A000054B1B68034A1360024B1846BD465DF8F9
:10C1B000047B7047D00200247003002480B483B055
:10C1C00000AF03463960FB80B7F90630002B0ADB6D
:10C1D0003B68DAB20C49B7F906301201D2B20B440F
:10C1E00083F800230AE03B68DAB20849FB8803F0D1
:10C1F0000F03043B1201D2B20B441A7600BF0C3776
:10C20000BD465DF8047B704700E100E000ED00E012
:10C2100080B500AF054B1B6801F062FE0346012BA1
:10C2200001D002F059FC00BF80BD00BF10E000E06B
:10C2300080B500AF00216FF00400FFF7BFFF00BF23
:10C2400080BD000080B483B000AFEFF305833B6096
:10C250003B68002B03D06FF005037B600CE00A4BBA
:10C260001B68002B05D1084B01221A6000237B605C
:10C2700002E04FF0FF337B607B6818460C37BD4609
:10C280005DF8047B704700BF68D5002480B582B09C
:10C2900000AFEFF305833B603B68002B03D06FF0EA
:10C2A00005037B6010E00B4B1B68012B09D1FFF7E6
:10C2B000BFFF084B02221A6001F086F900237B6061
:10C2C00002E04FF0FF337B607B6818460837BD46BD
:10C2D00080BD00BF68D5002480B58EB004AFF86083
:10C2E000B9607A6000233B61EFF305837B617B6972
:10C2F000002B7ED1FB68002B7BD080233B62182370
:10C30000FB6100237B624FF0FF33BB617B68002B36
:10C3100045D07B681B68002B02D07B681B687B6262
:10C320007B689B69002B02D07B689B69FB61FB6982
:10C33000002B08D0FB69382B05D87B685B6803F0BD
:10C340000103002B01D0002354E07B685B69002BC4
:10C3500003D07B685B699B083B627B689B68002B12
:10C360000ED07B68DB68A72B0AD97B681B69002B82
:10C3700006D07B685B69002B02D00123BB6110E013
:10C380007B689B68002B0CD17B68DB68002B08D195
:10C390007B681B69002B04D10023BB6101E00023F3
:10C3A000BB61BB69012B10D17B681B697A689268FD
:10C3B00002920193FB690093BB683A6A796AF86854
:10C3C00000F01AFE03463B6113E0BB69002B10D15D
:10C3D0003B6A9AB207F110030193FB690093BB68B3
:10C3E000796AF86800F068FE0346012B01D000234B
:10C3F0003B613B6918462837BD4680BD80B584B097
:10C4000000AF7860EFF30583BB60BB68002B03D0FF
:10C410006FF00503FB6007E00023FB607B68002BE7
:10C4200002D0786801F09AF8FB6818461037BD46CC
:10C4300080BD000080B485B000AFF860B9607A605C
:10C44000FB68074A1A60BB68064A1A607B6880224C
:10C450001A6000BF1437BD465DF8047B704700BF0B
:10C460006CD5002414D6002480B485B000AFF860E9
:10C47000B9607A60FB68074A1A60BB68064A1A60AE
:10C480007B684FF480721A6000BF1437BD465DF8B8
:10C49000047B704714D80024BCD8002480B483B037
:10C4A00000AF78607B6803F108027B685A607B68A4
:10C4B0004FF0FF329A607B6803F108027B68DA6014
:10C4C0007B6803F108027B681A617B6800221A60AE
:10C4D00000BF0C37BD465DF8047B704780B483B065
:10C4E00000AF78607B6800221A6100BF0C37BD4640
:10C4F0005DF8047B704780B485B000AF7860396028
:10C500007B685B68FB603B68FA685A60FB689A6806
:10C510003B689A60FB689B683A685A60FB683A68B7
:10C520009A603B687A681A617B681B685A1C7B6852
:10C530001A6000BF1437BD465DF8047B704780B4B5
:10C5400085B000AF786039603B681B68BB60BB6832
:10C55000B3F1FF3F03D17B681B69FB600CE07B6894
:10C560000833FB6002E0FB685B68FB60FB685B68AC
:10C570001B68BA689A42F6D2FB685A683B685A60F0
:10C580003B685B683A689A603B68FA689A60FB6847
:10C590003A685A603B687A681A617B681B685A1C63
:10C5A0007B681A6000BF1437BD465DF8047B704796
:10C5B00080B485B000AF78607B681B69FB607B68E6
:10C5C0005B687A6892689A607B689B687A68526850
:10C5D0005A60FB685B687A689A4203D17B689A6804
:10C5E000FB685A607B6800221A61FB681B685A1E50
:10C5F000FB681A60FB681B6818461437BD465DF877
:10C60000047B704780B584B000AF786039607B6888
:10C61000FB60FB68002B0BD14FF0500383F31188B4
:10C62000BFF36F8FBFF34F8FBB6000BF00BFFDE74D
:10C6300002F0C2F9FB681A68FB68DB6BF968096CE9
:10C6400001FB03F31A44FB689A60FB6800229A63BB
:10C65000FB681A68FB685A60FB681A68FB68DB6B4A
:10C66000013BF968096C01FB03F31A44FB68DA60CB
:10C67000FB68FF2283F84420FB68FF2283F84520F3
:10C680003B68002B14D1FB681B69002B1AD0FB6898
:10C690001033184601F036FA0346002B12D00D4B2A
:10C6A0004FF080521A60BFF34F8FBFF36F8F09E0D6
:10C6B000FB6810331846FFF7F1FEFB682433184679
:10C6C000FFF7ECFE02F0AAF9012318461037BD4629
:10C6D00080BD00BF04ED00E080B58EB002AFF86011
:10C6E000B9607A603B60FB68002B0BD14FF05003C0
:10C6F00083F31188BFF36F8FBFF34F8FBB6200BF0F
:10C7000000BFFDE73B68002B0BD14FF0500383F3D4
:10C710001188BFF36F8FBFF34F8F7B6200BF00BFE5
:10C72000FDE77B68002B02D0BB68002B01D0012302
:10C7300000E00023002B0BD14FF0500383F311884E
:10C74000BFF36F8FBFF34F8F3B6200BF00BFFDE7AA
:10C750007B68002B02D1BB68002B01D1012300E0D4
:10C760000023002B0BD14FF0500383F31188BFF34C
:10C770006F8FBFF34F8FFB6100BF00BFFDE75023FA
:10C780007B617B69502B0BD04FF0500383F31188F2
:10C79000BFF36F8FBFF34F8FBB6100BF00BFFDE7DB
:10C7A0007B693B68FB62FB6A002B0DD0FB6A0122B0
:10C7B00083F8462097F83820FB6A009313467A687E
:10C7C000B968F86800F005F8FB6A18463037BD46CE
:10C7D00080BD80B584B000AFF860B9607A60FB704E
:10C7E000BB68002B03D1BB69BA691A6002E0BB6960
:10C7F0007A681A60BB69FA68DA63BB69BA681A6456
:10C800000121B869FFF7FEFEBB69FA7883F84C2076
:10C8100000BF1037BD4680BD80B58EB000AFF86058
:10C82000B9607A603B6000237B63FB683B633B6BD2
:10C83000002B0BD14FF0500383F31188BFF36F8FA0
:10C84000BFF34F8FBB6200BF00BFFDE7BB68002B8B
:10C8500003D13B6B1B6C002B01D1012300E00023B3
:10C86000002B0BD14FF0500383F31188BFF36F8F70
:10C87000BFF34F8F7B6200BF00BFFDE73B68022B19
:10C8800003D13B6BDB6B012B01D1012300E00023C3
:10C89000002B0BD14FF0500383F31188BFF36F8F40
:10C8A000BFF34F8F3B6200BF00BFFDE701F018FBF5
:10C8B0000346002B02D17B68002B01D1012300E04D
:10C8C0000023002B0BD14FF0500383F31188BFF3EB
:10C8D0006F8FBFF34F8FFB6100BF00BFFDE702F01A
:10C8E0006BF83B6B9A6B3B6BDB6B9A4202D33B68FA
:10C8F000022B29D13A68B968386B00F00FFAF86258
:10C900003B6B5B6A002B10D03B6B2433184601F065
:10C91000F9F80346002B13D03F4B4FF080521A60BA
:10C92000BFF34F8FBFF36F8F0AE0FB6A002B07D076
:10C93000394B4FF080521A60BFF34F8FBFF36F8FA8
:10C9400002F06CF8012363E07B68002B03D102F056
:10C9500065F800235CE07B6B002B06D107F1140324
:10C96000184601F05BF901237B6302F057F800F0F1
:10C970009BFE02F021F83B6B93F844305BB2B3F1BD
:10C98000FF3F03D13B6B002283F844203B6B93F8BD
:10C9900045305BB2B3F1FF3F03D13B6B002283F81C
:10C9A000452002F03BF83A1D07F1140311461846E2
:10C9B00001F04AF90346002B24D1386B00F0A6FAA7
:10C9C0000346002B18D03B6B10337A68114618468B
:10C9D00001F046F8386B00F031FA00F073FE0346C0
:10C9E000002B7FF47CAF0C4B4FF080521A60BFF3EA
:10C9F0004F8FBFF36F8F72E7386B00F01FFA00F0B4
:10CA000061FE6CE7386B00F019FA00F05BFE002362
:10CA100018463837BD4680BD04ED00E080B590B0C3
:10CA200000AFF860B9607A603B60FB68BB63BB6BCA
:10CA3000002B0BD14FF0500383F31188BFF36F8F9E
:10CA4000BFF34F8FBB6200BF00BFFDE7BB68002B89
:10CA500003D1BB6B1B6C002B01D1012300E0002331
:10CA6000002B0BD14FF0500383F31188BFF36F8F6E
:10CA7000BFF34F8F7B6200BF00BFFDE73B68022B17
:10CA800003D1BB6BDB6B012B01D1012300E0002341
:10CA9000002B0BD14FF0500383F31188BFF36F8F3E
:10CAA000BFF34F8F3B6200BF00BFFDE702F064F8A9
:10CAB000EFF311824FF0500383F31188BFF36F8FB0
:10CAC000BFF34F8FFA61BB61FB697B63BB6B9A6BF2
:10CAD000BB6BDB6B9A4202D33B68022B2FD1BB6B43
:10CAE00093F8453087F83330BB6B9B6BFB623A6839
:10CAF000B968B86B00F012F997F93330B3F1FF3F22
:10CB000012D1BB6B5B6A002B16D0BB6B243318466B
:10CB100000F0F8FF0346002B0ED07B68002B0BD0F3
:10CB20007B6801221A6007E097F833300133DBB2EB
:10CB30005AB2BB6B83F845200123FB6301E000235D
:10CB4000FB637B6B7B617B6983F3118800BFFB6BAD
:10CB500018464037BD4680BD80B58CB000AFF86048
:10CB6000B9607A600023FB62FB68BB62BB6A002B82
:10CB70000BD14FF0500383F31188BFF36F8FBFF3D6
:10CB80004F8F3B6200BF00BFFDE7BB68002B03D1A6
:10CB9000BB6A1B6C002B01D1012300E00023002B9A
:10CBA0000BD14FF0500383F31188BFF36F8FBFF3A6
:10CBB0004F8FFB6100BF00BFFDE701F091F9034615
:10CBC000002B02D17B68002B01D1012300E0002360
:10CBD000002B0BD14FF0500383F31188BFF36F8FFD
:10CBE000BFF34F8FBB6100BF00BFFDE701F0E4FE64
:10CBF000BB6A9B6B7B627B6A002B1FD0B968B86AEB
:10CC000000F0F6F87B6A5A1EBB6A9A63BB6A1B691E
:10CC1000002B0FD0BB6A1033184600F073FF034699
:10CC2000002B07D03C4B4FF080521A60BFF34F8F60
:10CC3000BFF36F8F01F0F2FE012369E07B68002BE8
:10CC400003D101F0EBFE002362E0FB6A002B06D16A
:10CC500007F11003184600F0E1FF0123FB6201F029
:10CC6000DDFE00F021FD01F0A7FEBB6A93F8443021
:10CC70005BB2B3F1FF3F03D1BB6A002283F84420CB
:10CC8000BB6A93F845305BB2B3F1FF3F03D1BB6A97
:10CC9000002283F8452001F0C1FE3A1D07F1100380
:10CCA0001146184600F0D0FF0346002B23D1B86A86
:10CCB00000F016F90346002B17D0BB6A24337A68BC
:10CCC0001146184600F0CCFEB86A00F0B7F800F044
:10CCD000F9FC0346002B89D10F4B4FF080521A60AC
:10CCE000BFF34F8FBFF36F8F80E7B86A00F0A6F8ED
:10CCF00000F0E8FC7AE7B86A00F0A0F800F0E2FC87
:10CD0000B86A00F0EDF80346002B3FF46FAF002344
:10CD100018463037BD4680BD04ED00E080B586B0D2
:10CD200000AFF860B9607A6000237B61FB689B6BA1
:10CD30003B61FB681B6C002B0DD1FB681B68002B53
:10CD40004DD1FB689B68184601F0E8F87861FB68F4
:10CD500000229A6043E07B68002B19D1FB68586879
:10CD6000FB681B6C1A46B96810F072FAFB685A68C7
:10CD7000FB681B6C1A44FB685A60FB685A68FB68C6
:10CD80009B689A422BD3FB681A68FB685A6026E0BE
:10CD9000FB68D868FB681B6C1A46B96810F058FA33
:10CDA000FB68DA68FB681B6C5B421A44FB68DA605C
:10CDB000FB68DA68FB681B689A4207D2FB689A68CE
:10CDC000FB681B6C5B421A44FB68DA607B68022BD1
:10CDD00005D13B69002B02D03B69013B3B613B69BC
:10CDE0005A1CFB689A637B6918461837BD4680BD9C
:10CDF00080B582B000AF786039607B681B6C002B17
:10CE000018D07B68DA687B681B6C1A447B68DA6030
:10CE10007B68DA687B689B689A4203D37B681A68F0
:10CE20007B68DA607B68D9687B681B6C1A46386857
:10CE300010F00EFA00BF0837BD4680BD80B584B043
:10CE400000AF786001F0B8FD7B6893F84530FB7364
:10CE500011E07B685B6A002B12D07B682433184694
:10CE600000F050FE0346002B01D000F051FFFB7B89
:10CE7000013BDBB2FB7397F90F30002BE9DC00E0DC
:10CE800000BF7B68FF2283F8452001F0C7FD01F059
:10CE900093FD7B6893F84430BB7311E07B681B699A
:10CEA000002B12D07B681033184600F02BFE03468F
:10CEB000002B01D000F02CFFBB7B013BDBB2BB732E
:10CEC00097F90E30002BE9DC00E000BF7B68FF2201
:10CED00083F8442001F0A2FD00BF1037BD4680BD9D
:10CEE00080B584B000AF786001F066FD7B689B6B15
:10CEF000002B02D10123FB6001E00023FB6001F065
:10CF00008DFDFB6818461037BD4680BD80B584B0E6
:10CF100000AF786001F050FD7B689A6B7B68DB6B3B
:10CF20009A4202D10123FB6001E00023FB6001F083
:10CF300075FDFB6818461037BD4680BD80B485B0CE
:10CF400000AF786039600023FB6014E00F4AFB6893
:10CF500052F83330002B0BD10C49FB683A6841F88A
:10CF600033200A4AFB68DB0013447A685A6006E003
:10CF7000FB680133FB60FB68072BE7D900BF00BFEC
:10CF80001437BD465DF8047B704700BFBCDC00244D
:10CF900080B586B000AFF860B9607A60FB687B61ED
:10CFA00001F00AFD7B6993F844305BB2B3F1FF3FB7
:10CFB00003D17B69002283F844207B6993F84530D4
:10CFC0005BB2B3F1FF3F03D17B69002283F84520B8
:10CFD00001F024FD7B699B6B002B06D17B69243318
:10CFE0007A68B968184600F061FD7869FFF726FF96
:10CFF00000BF1837BD4680BD80B58EB004AFF86065
:10D00000B9607A603B607B6B002B0BD14FF0500313
:10D0100083F31188BFF36F8FBFF34F8F3B6200BF65
:10D0200000BFFDE7BB6B002B0BD14FF0500383F328
:10D030001188BFF36F8FBFF34F8FFB6100BF00BF3D
:10D04000FDE7A8233B613B69A82B0BD04FF05003B1
:10D0500083F31188BFF36F8FBFF34F8FBB6100BFA6
:10D0600000BFFDE73B69BB6B002B1ED07B6B002B29
:10D070001BD0BB6B7B627B6A7A6B1A637B6A022272
:10D0800083F8A520002303937B6A029307F114031E
:10D0900001933B6B00933B687A68B968F86800F0CD
:10D0A00051F8786A00F0F6F801E000237B617B69B3
:10D0B00018462837BD4680BD80B58CB004AFF860F7
:10D0C000B9603B601346FB80FB889B00184601F06B
:10D0D00095FD78617B69002B0ED0A82001F08EFDB4
:10D0E000F861FB69002B03D0FB697A691A6305E0DC
:10D0F000786901F051FE01E00023FB61FB69002B20
:10D1000017D0FB69002283F8A520FA880023039337
:10D11000FB690293FB6A0193BB6A00933B68B968A1
:10D12000F86800F00FF8F86900F0B4F80123BB616B
:10D1300002E04FF0FF33BB61BB6918462037BD46A4
:10D1400080BD000080B588B000AFF860B9607A603B
:10D150003B603B6B186B7B689B001A46A5210FF068
:10D1600092FF3B6B1A6B79686FF040430B449B0056
:10D170001344BB61BB6923F00703BB61BB6903F0C8
:10D180000703002B0BD04FF0500383F31188BFF33C
:10D190006F8FBFF34F8F7B6100BF00BFFDE7BB68A0
:10D1A000002B1FD00023FB6112E0BA68FB69134417
:10D1B00019783A6BFB69134434330A461A70BA681B
:10D1C000FB6913441B78002B06D0FB690133FB611C
:10D1D000FB690F2BE9D900E000BF3B6B002283F80D
:10D1E000432003E03B6B002283F83420BB6A372BDB
:10D1F00001D93723BB623B6BBA6ADA623B6BBA6A0E
:10D20000DA643B6B00221A653B6B04331846FFF768
:10D2100065F93B6B18331846FFF760F93B6B3A6BC7
:10D220001A61BB6AC3F138023B6B9A613B6B3A6B84
:10D230005A623B6B0022C3F8A0203B6B002283F8AC
:10D24000A4203B6B54334C22002118460FF01BFFE7
:10D250003B6B0D4A9A653B6B0C4ADA653B6B0C4A9B
:10D260001A663A68F968B86901F076FA02463B6BCB
:10D270001A60FB6A002B02D0FB6A3A6B1A6000BF8F
:10D280002037BD4680BD00BFC0FF01242800022416
:10D290009000022480B582B000AF786001F08CFB72
:10D2A0002D4B1B6801332C4A13602C4B1B68002B41
:10D2B00009D12A4A7B681360274B1B68012B10D1C8
:10D2C00000F04AFD0DE0264B1B68002B09D1234BD3
:10D2D0001B68DA6A7B68DB6A9A4202D81F4A7B685D
:10D2E0001360204B1B6801331E4A13601D4B1A68E4
:10D2F0007B685A647B68DA6A1B4B1B689A4203D9C5
:10D300007B68DB6A184A13607B68DA6A13469B0005
:10D3100013449B00154A1A447B680433194610468F
:10D32000FFF7E9F801F07AFB0D4B1B68002B0ED0DC
:10D330000A4B1B68DA6A7B68DB6A9A4207D20C4B9D
:10D340004FF080521A60BFF34F8FBFF36F8F00BF53
:10D350000837BD4680BD00BFD0E10024FCDC0024BE
:10D36000DCE10024ECE10024D8E1002400DD00240D
:10D3700004ED00E080B584B000AF786001F01CFBE4
:10D380007B68002B02D12D4B1B6800E07B68FB60A3
:10D39000FB6804331846FFF70BF9FB689B6A002B08
:10D3A00004D0FB6818331846FFF702F9244B1B68BA
:10D3B0000133234A1360214B1B68FA689A420BD150
:10D3C000FB68043319461F48FFF795F81E4B1B688E
:10D3D00001331D4A136009E01C4B1B68013B1B4ACB
:10D3E0001360F86800F026FD00F05AFD01F016FB0E
:10D3F000174B1B68002B1CD0104B1B68FA689A4215
:10D4000017D1144B1B68002B0BD04FF0500383F344
:10D410001188BFF36F8FBFF34F8FBB6000BF00BF9A
:10D42000FDE70D4B4FF080521A60BFF34F8FBFF3F3
:10D430006F8F00BF1037BD4680BD00BFFCDC0024ED
:10D44000ECE10024A4E10024B8E10024D0E10024B0
:10D45000DCE10024F8E1002404ED00E080B58AB0AE
:10D4600000AF7860396000237B627B68002B0BD1B2
:10D470004FF0500383F31188BFF36F8FBFF34F8FCB
:10D480007B6100BF00BFFDE73B68002B0BD14FF075
:10D49000500383F31188BFF36F8FBFF34F8F3B614E
:10D4A00000BF00BFFDE72A4B1B68002B0BD04FF0DD
:10D4B000500383F31188BFF36F8FBFF34F8FFB606F
:10D4C00000BF00BFFDE700F0EFF8224B1B683B6296
:10D4D0007B681B683A681344FB617B681B683A6A87
:10D4E0009A420BD27B681B68FA699A4211D2FA6998
:10D4F0003B6A9A420DD901237B620AE07B681B6874
:10D50000FA699A4203D3FA693B6A9A4201D9012324
:10D510007B627B68FA691A607B6A002B06D0FA6925
:10D520003B6AD31A0021184600F068FD00F0CAF8E3
:10D53000B861BB69002B07D1074B4FF080521A60CE
:10D54000BFF34F8FBFF36F8F00BF2837BD4680BD3D
:10D55000F8E10024D4E1002404ED00E080B584B0BB
:10D5600000AF78600023FB607B68002B18D0144B61
:10D570001B68002B0BD04FF0500383F31188BFF3CF
:10D580006F8FBFF34F8FBB6000BF00BFFDE700F0A0
:10D590008BF80021786800F031FD00F093F8F86016
:10D5A000FB68002B07D1074B4FF080521A60BFF386
:10D5B0004F8FBFF36F8F00BF1037BD4680BD00BFD8
:10D5C000F8E1002404ED00E080B58AB004AF002348
:10D5D000BB6000237B603A46391D07F108031846FB
:10D5E000FEF728FF39687B68BA680292019300232E
:10D5F000009300230A4624492448FFF7FDFC034614
:10D60000234A1360224B1B68002B02D001237B614D
:10D6100001E000237B617B69012B02D100F042FD18
:10D6200078617B69012B1BD14FF0500383F3118884
:10D63000BFF36F8FBFF34F8F3B6100BF154B1B686C
:10D640005433154A1360154B4FF0FF321A60144BD8
:10D6500001221A60134B00221A6001F009F90FE051
:10D660007B69B3F1FF3F0BD14FF0500383F3118877
:10D67000BFF36F8FBFF34F8FFB6000BF00BFFDE7AD
:10D6800000BF1837BD4680BDECF2010829DD000857
:10D69000F4E10024FCDC0024BC030024F0E10024BD
:10D6A000DCE10024D4E1002480B400AF044B1B680B
:10D6B0000133034A136000BFBD465DF8047B704729
:10D6C000F8E1002480B584B000AF0023FB600023A4
:10D6D000BB60424B1B68002B0BD14FF0500383F310
:10D6E0001188BFF36F8FBFF34F8F3B6000BF00BF48
:10D6F000FDE701F061F9394B1B68013B374A1360C4
:10D70000364B1B68002B62D1354B1B68002B5ED05B
:10D710002FE0344BDB68DB68FB60FB68183318468E
:10D72000FEF746FFFB6804331846FEF741FFFB682F
:10D73000DA6A2D4B1B689A4203D9FB68DB6A2A4AD6
:10D740001360FB68DA6A13469B0013449B00274A68
:10D750001A44FB68043319461046FEF7CCFEFB68FA
:10D76000DA6A234B1B68DB6A9A4202D3214B0122FF
:10D770001A601C4B1B68002BCBD1FB68002B01D01F
:10D7800000F08EFB1C4B1B687B607B68002B10D06D
:10D7900000F046F80346002B02D0164B01221A6017
:10D7A0007B68013B7B607B68002BF1D1124B002230
:10D7B0001A60104B1B68002B09D00123BB600F4B74
:10D7C0004FF080521A60BFF34F8FBFF36F8F01F09D
:10D7D00025F9BB6818461037BD4680BDF8E1002426
:10D7E000D0E1002490E10024D8E1002400DD0024F1
:10D7F000FCDC0024E4E10024E0E1002404ED00E08E
:10D8000080B483B000AF054B1B687B607B68184613
:10D810000C37BD465DF8047B704700BFD4E100249F
:10D8200080B586B000AF00237B614F4B1B68002B97
:10D8300040F090804D4B1B6801333B614B4A3B6984
:10D8400013603B69002B21D1494B1B681B68002BDF
:10D850000BD04FF0500383F31188BFF36F8FBFF3EA
:10D860004F8F3B6000BF00BFFDE7414B1B68FB6073
:10D87000404B1B683E4A13603E4AFB6813603E4BB8
:10D880001B6801333C4A136000F00AFB3B4B1B68EA
:10D890003A699A4249D3364B1B681B68002B04D166
:10D8A000364B4FF0FF321A603FE0314B1B68DB68AC
:10D8B000DB68BB60BB685B687B603A697B689A42E7
:10D8C00003D22E4A7B6813602FE0BB6804331846EE
:10D8D000FEF76EFEBB689B6A002B04D0BB68183352
:10D8E0001846FEF765FEBB68DA6A254B1B689A424C
:10D8F00003D9BB68DB6A224A1360BB68DA6A134645
:10D900009B0013449B001F4A1A44BB68043319460A
:10D910001046FEF7F0FDBB68DA6A1B4B1B68DB6A3A
:10D920009A42B8D301237B61B5E7174B1B68DA6ACB
:10D93000144913469B0013449B000B441B68012BA6
:10D9400001D901237B61114B1B68002B07D00123F8
:10D950007B6104E00E4B1B6801330D4A13607B6949
:10D9600018461837BD4680BDF8E10024D4E10024F4
:10D9700088E100248CE10024E8E10024F0E10024A7
:10D98000D8E1002400DD0024FCDC0024E4E10024D4
:10D99000E0E1002480B485B000AF2B4B1B68002B66
:10D9A00003D02A4B01221A6047E0284B00221A605C
:10D9B000274B1B68FB6011E0FB68002B0BD14FF07D
:10D9C000500383F31188BFF36F8FBFF34F8F7B60DA
:10D9D00000BF00BFFDE7FB68013BFB601D49FA6823
:10D9E00013469B0013449B000B441B68002BE3D0A1
:10D9F000FA6813469B0013449B00164A1344BB600D
:10DA0000BB685B685A68BB685A60BB685A68BB6889
:10DA100008339A4204D1BB685B685A68BB685A6095
:10DA2000BB685B68DB680C4A1360094AFB681360DB
:10DA3000094B1B685433094A136000BF1437BD46B5
:10DA40005DF8047B704700BFF8E10024E4E10024A6
:10DA5000D8E1002400DD0024FCDC0024BC03002409
:10DA600080B584B000AF786039607B68002B0BD143
:10DA70004FF0500383F31188BFF36F8FBFF34F8FC5
:10DA8000FB6000BF00BFFDE7074B1B68183319465A
:10DA90007868FEF754FD0121386800F0AFFA00BF46
:10DAA0001037BD4680BD00BFFCDC002480B586B0C9
:10DAB00000AFF860B9607A60FB68002B0BD14FF0C3
:10DAC000500383F31188BFF36F8FBFF34F8F7B61D8
:10DAD00000BF00BFFDE70A4B1B6818331946F86802
:10DAE000FEF709FD7B68002B02D04FF0FF33BB60CF
:10DAF0007968B86800F082FA00BF1837BD4680BD6B
:10DB0000FCDC002480B586B000AF78607B68DB6801
:10DB1000DB683B613B69002B0BD14FF0500383F373
:10DB20001188BFF36F8FBFF34F8FFB6000BF00BF43
:10DB3000FDE73B6918331846FEF73AFD1D4B1B689D
:10DB4000002B1DD13B6904331846FEF731FD3B69BC
:10DB5000DA6A194B1B689A4203D93B69DB6A164A99
:10DB600013603B69DA6A13469B0013449B00134A17
:10DB70001A443B69043319461046FEF7BCFC05E025
:10DB80003B69183319460E48FEF7B5FC3B69DA6A63
:10DB90000C4B1B68DB6A9A4205D901237B610A4B57
:10DBA00001221A6001E000237B617B691846183767
:10DBB000BD4680BDF8E10024D8E1002400DD00244A
:10DBC00090E10024FCDC0024E4E1002480B584B072
:10DBD00000AF78607B68002B0BD14FF0500383F3CC
:10DBE0001188BFF36F8FBFF34F8FFB6000BF00BF83
:10DBF000FDE700F0E1FE074B1A687B681A60064BF0
:10DC00001A687B685A6000F009FF00BF1037BD46F4
:10DC100080BD00BFE8E10024D4E1002480B483B0DB
:10DC200000AF7860064B1A687B681A60054B1A686B
:10DC30007B685A6000BF0C37BD465DF8047B7047B7
:10DC4000E8E10024D4E1002480B588B000AF78601A
:10DC500039607B68002B0BD14FF0500383F31188A0
:10DC6000BFF36F8FBFF34F8F3B6100BF00BFFDE776
:10DC70003B68002B0BD14FF0500383F31188BFF3A7
:10DC80006F8FBFF34F8FFB6000BF00BFFDE700F059
:10DC900093FE1D4B1B68BB617B685B68BA69D31A36
:10DCA0007B613B681B68B3F1FF3F02D10023FB613E
:10DCB00023E07B681A68154B1B689A4207D07B6883
:10DCC0005B68BA699A4202D30123FB6115E03B68A5
:10DCD0001B687A699A420BD23B681A687B69D21A30
:10DCE0003B681A607868FFF799FF0023FB6104E046
:10DCF0003B6800221A600123FB6100F08FFEFB6984
:10DD000018462037BD4680BDD4E10024E8E1002458
:10DD100080B400AF034B01221A6000BFBD465DF81E
:10DD2000047B7047E4E1002480B582B000AF7860E6
:10DD300000F052F8064B1B68012BF9D9054B4FF048
:10DD400080521A60BFF34F8FBFF36F8FF0E700BFB1
:10DD500000DD002404ED00E080B582B000AF0023B8
:10DD60007B600CE07A6813469B0013449B00124AC8
:10DD700013441846FEF792FB7B6801337B607B6897
:10DD8000372BEFD90D48FEF789FB0D48FEF786FBD0
:10DD90000C48FEF783FB0C48FEF780FB0B48FEF7B0
:10DDA0007DFB0B4B054A1A600A4B054A1A6000BFFF
:10DDB0000837BD4680BD00BF00DD002460E10024BF
:10DDC00074E1002490E10024A4E10024BCE10024DB
:10DDD00088E100248CE1002480B582B000AF19E016
:10DDE00000F0EAFD104BDB68DB687B607B68043386
:10DDF0001846FEF7DDFB0D4B1B68013B0B4A136019
:10DE00000B4B1B68013B0A4A136000F007FE786861
:10DE100000F010F8064B1B68002BE1D100BF00BFDB
:10DE20000837BD4680BD00BFA4E10024D0E1002436
:10DE3000B8E1002480B584B000AF78607B685433CB
:10DE400018460FF09FF97B6893F8A530002B08D196
:10DE50007B681B6B184600F09FFF786800F09CFF02
:10DE600019E07B6893F8A530012B03D1786800F0A6
:10DE700093FF10E07B6893F8A530022B0BD04FF096
:10DE8000500383F31188BFF36F8FBFF34F8FFB6095
:10DE900000BF00BFFDE700BF1037BD4680BD0000DA
:10DEA00080B483B000AF0C4B1B681B68002B04D1FF
:10DEB0000A4B4FF0FF321A6008E0074B1B68DB6823
:10DEC000DB687B607B685B68044A136000BF0C37CB
:10DED000BD465DF8047B704788E10024F0E1002432
:10DEE00080B483B000AF0B4B1B68002B02D1012321
:10DEF0007B6008E0084B1B68002B02D102237B608B
:10DF000001E000237B607B6818460C37BD465DF856
:10DF1000047B7047DCE10024F8E1002480B586B082
:10DF200000AF78607B683B6100237B617B68002BDE
:10DF300058D02F4B1B683A699A420BD04FF05003D0
:10DF400083F31188BFF36F8FBFF34F8FFB6000BF68
:10DF500000BFFDE73B691B6D002B0BD14FF0500359
:10DF600083F31188BFF36F8FBFF34F8FBB6000BF88
:10DF700000BFFDE73B691B6D5A1E3B691A653B6993
:10DF8000DA6A3B69DB6C9A422CD03B691B6D002B33
:10DF900028D13B6904331846FEF70AFB3B69DA6C6B
:10DFA0003B69DA623B69DB6AC3F138023B699A611B
:10DFB0003B69DA6A0F4B1B689A4203D93B69DB6AFB
:10DFC0000C4A13603B69DA6A13469B0013449B00BA
:10DFD000094A1A443B69043319461046FEF78BFA86
:10DFE00001237B617B6918461837BD4680BD00BFA1
:10DFF000FCDC0024D8E1002400DD002480B584B0DE
:10E0000000AF78603960214B1B68FB60204B1B68B8
:10E0100004331846FEF7CCFA7B68B3F1FF3F0AD110
:10E020003B68002B07D01A4B1B680433194619486C
:10E03000FEF761FA26E0FA687B681344BB60144B74
:10E040001B68BA685A60BA68FB689A4209D2124BD8
:10E050001A680F4B1B68043319461046FEF76FFA17
:10E0600010E00E4B1A680A4B1B6804331946104621
:10E07000FEF765FA0A4B1B68BA689A4202D2084A50
:10E08000BB68136000BF1037BD4680BDD4E10024DB
:10E09000FCDC0024BCE100248CE1002488E10024A5
:10E0A000F0E1002480B58AB004AF00237B6100F06A
:10E0B00013FB1D4B1B68002B21D00023FB600023AA
:10E0C000BB603A1D07F1080107F10C031846FEF783
:10E0D000CBF97968BB68FA68029201930223009336
:10E0E00000230A4611491248FEF786FF0346114AEB
:10E0F0001360104B1B68002B01D001237B617B69EF
:10E10000002B0BD14FF0500383F31188BFF36F8FB7
:10E11000BFF34F8F3B6100BF00BFFDE77B6918462F
:10E120001837BD4680BD00BF2CE20024F4F2010880
:10E1300071E2000830E2002480B58AB000AFF860D8
:10E14000B9607A603B6000237B62FB68002B0BD1D7
:10E150004FF0500383F31188BFF36F8FBFF34F8FDE
:10E160003B6200BF00BFFDE7194B1B68002B2AD0A4
:10E17000BB683B617B687B61FB68BB61BB68052B4F
:10E1800018DCFFF7ADFE0346022B09D1104B1868CF
:10E1900007F1100100233A6BFEF73EFB786212E0B4
:10E1A0000B4B186807F1100100230022FEF734FB27
:10E1B000786208E0064B186807F1100100233A68FE
:10E1C000FEF72CFC78627B6A18462837BD4680BD76
:10E1D0002CE2002480B588B002AF78603960234B10
:10E1E0001B68DB68DB687B617B6904331846FEF7DC
:10E1F000DFF97B6993F8283003F00403002B23D068
:10E200007B699A697B68D1187B683A68786900F005
:10E21000D5F80346002B20D00023009300237A6812
:10E2200000217869FFF788FF38613B69002B14D122
:10E230004FF0500383F31188BFF36F8FBFF34F8FFD
:10E24000FB6000BF00BFFDE77B6993F8283023F037
:10E250000103DAB27B6983F828207B691B6A78693D
:10E26000984700BF1837BD4680BD00BF24E2002498
:10E2700080B584B000AF786007F10803184600F05D
:10E2800059F8F860BB681946F86800F005F800F026
:10E29000D7F800BFF0E7000080B584B000AF786029
:10E2A0003960FFF701FA07F10803184600F066F835
:10E2B000F860BB68002B30D13B68002B0AD17A682C
:10E2C000FB689A4206D8FFF7FDF9F9687868FFF70E
:10E2D00081FF24E03B68002B08D0134B1B681B68B0
:10E2E000002B01D1012300E000233B600F4B186895
:10E2F0007A68FB68D31A3A681946FEF749FEFFF7B9
:10E30000E1F90346002B0AD1094B4FF080521A6005
:10E31000BFF34F8FBFF36F8F01E0FFF7D3F900BF5B
:10E320001037BD4680BD00BF28E200242CE2002447
:10E3300004ED00E080B485B000AF78600E4B1B6840
:10E340001B68002B01D1012200E000227B681A60CB
:10E350007B681B68002B05D1074B1B68DB681B68BB
:10E36000FB6001E00023FB60FB6818461437BD46E4
:10E370005DF8047B704700BF24E2002480B584B0C0
:10E3800000AF7860FFF73CFAF8600B4B1B68FA6847
:10E390009A4205D200F03AF97B6801221A6002E045
:10E3A0007B6800221A60044AFB681360FB68184609
:10E3B0001037BD4680BD00BF34E2002480B586B072
:10E3C00000AFF860B9607A603B6000237B61FB6856
:10E3D000BA685A60FB68FA681A61BA687B689A4240
:10E3E00012D87A683B68D21AFB689B699A4202D3BA
:10E3F00001237B611BE0104B1A68FB68043319464C
:10E400001046FEF79CF812E07A683B689A4206D202
:10E41000BA683B689A4202D301237B6107E0074B4D
:10E420001A68FB68043319461046FEF788F87B69C2
:10E4300018461837BD4680BD28E2002424E2002497
:10E4400080B58EB002AFCEE07B68002B19DA3B1DA1
:10E450000433FB62FB6A002B0BD14FF0500383F3B4
:10E460001188BFF36F8FBFF34F8FFB6100BF00BFF9
:10E47000FDE7FB6A1B68FA6A5068FA6A92681146FF
:10E4800098477B68002BC0F2AE80FB68BB62BB6A1A
:10E490005B69002B04D0BB6A04331846FEF788F88A
:10E4A0003B461846FFF76AFF78627B68092B00F24B
:10E4B000978001A252F823F0E1E40008E1E40008AB
:10E4C000E1E4000857E500086BE50008B7E500083F
:10E4D000E1E40008E1E4000857E500086BE5000806
:10E4E000BB6A93F8283043F00103DAB2BB6A83F8C1
:10E4F0002820BA68BB6A9B69D118BB687A6AB86A77
:10E50000FFF75CFF0346002B6CD0BB6A1B6AB86A3E
:10E510009847BB6A93F8283003F00403002B61D0BE
:10E52000BA68BB6A9B691A44002300930023002148
:10E53000B86AFFF701FE38623B6A002B52D14FF0F8
:10E54000500383F31188BFF36F8FBFF34F8FBB610D
:10E5500000BF00BFFDE7BB6A93F8283023F001033A
:10E56000DAB2BB6A83F828203DE0BB6A93F8283012
:10E5700043F00103DAB2BB6A83F82820BA68BB6AA9
:10E580009A61BB6A9B69002B0BD14FF0500383F358
:10E590001188BFF36F8FBFF34F8F7B6100BF00BF48
:10E5A000FDE7BB6A9A697B6AD1187B6A7A6AB86AA6
:10E5B000FFF704FF17E0BB6A93F8283003F002036B
:10E5C000002B03D1B86A00F0E7FB0CE0BB6A93F8BC
:10E5D000283023F00103DAB2BB6A83F8282002E076
:10E5E00000BF00E000BF084B1B68391D0022184621
:10E5F000FEF7B2FA0346002B7FF426AF00BF00BF40
:10E600003037BD4680BD00BF2CE2002480B588B005
:10E6100002AF49E02E4B1B68DB681B683B612C4B4B
:10E620001B68DB68DB68FB60FB6804331846FDF79A
:10E63000BFFFFB681B6AF8689847FB6893F82830AF
:10E6400003F00403002B2FD0FB689B693A69134445
:10E65000BB60BA683B699A420ED9FB68BA685A60D7
:10E66000FB68FA681A611A4B1A68FB68043319468A
:10E670001046FDF764FF17E00023009300233A697A
:10E680000021F868FFF758FD78607B68002B0BD1FC
:10E690004FF0500383F31188BFF36F8FBFF34F8F99
:10E6A0003B6000BF00BFFDE7094B1B681B68002BE8
:10E6B000B0D1074B1B687B61064B1B68044A136093
:10E6C000044A7B69136000BF1837BD4680BD00BF98
:10E6D00024E2002428E2002480B582B002AF00F0DA
:10E6E0006BF9154B1B68002B20D11448FDF7D6FEA3
:10E6F0001348FDF7D3FE134B104A1A60124B104A11
:10E700001A6000230093114B114A10210A20FDF7D3
:10E71000E3FF0346084A1360074B1B68002B05D034
:10E72000054B1B680B491846FEF708FC00F076F90C
:10E7300000BFBD4680BD00BF2CE20024FCE10024E8
:10E7400010E2002424E2002428E20024D8E200247D
:10E7500038E20024FCF2010880B485B000AFF86014
:10E76000B9607A60FB68043BFB60FB684FF0807225
:10E770001A60FB68043BFB60BB6823F00102FB6886
:10E780001A60FB68043BFB600C4AFB681A60FB687C
:10E79000143BFB607A68FB681A60FB68043BFB6013
:10E7A000FB686FF002021A60FB68203BFB60FB68AD
:10E7B00018461437BD465DF8047B7047C1E7000872
:10E7C00080B485B000AF00237B60134B1B68B3F1AE
:10E7D000FF3F0BD04FF0500383F31188BFF36F8FCF
:10E7E000BFF34F8FFB6000BF00BFFDE74FF050034A
:10E7F00083F31188BFF36F8FBFF34F8FBB6000BFF0
:10E8000000BF7B68002BFCD000BF00BF1437BD46A3
:10E810005DF8047B704700BFDC02002400000000AC
:10E82000074B19680868B0E8F04F80F30988BFF318
:10E830006F8F4FF0000080F311887047AFF30080B6
:10E84000FCDC002400BF00BF08480068006880F3BB
:10E8500008884FF0000080F3148862B661B6BFF3F9
:10E860004F8FBFF36F8F00DF00BF00BF08ED00E0E8
:10E8700080B586B000AF474B1B68474A93420BD127
:10E880004FF0500383F31188BFF36F8FBFF34F8FA7
:10E89000FB6000BF00BFFDE73E4B1B683F4A934251
:10E8A0000BD14FF0500383F31188BFF36F8FBFF389
:10E8B0004F8F3B6100BF00BFFDE7394B7B617B6938
:10E8C0001B78DBB27B607B69FF221A707B691B7847
:10E8D000DBB2FB70FB78DBB203F05003DAB2314BF2
:10E8E0001A70314B07221A6009E02F4B1B68013B5D
:10E8F0002D4A1360FB78DBB25B00DBB2FB70FB7868
:10E90000DBB203F08003802BEFD0274B1B68C3F1F1
:10E910000703042B0BD04FF0500383F31188BFF390
:10E920006F8FBFF34F8FBB6000BF00BFFDE71E4B73
:10E930001B681B021C4A13601B4B1B6803F4E0633B
:10E94000194A13607B68DAB27B691A70174B1B682F
:10E95000164A43F470031360144B1B68134A43F0C8
:10E960007043136000F0DAF8114B00221A6000F0D7
:10E97000F9F8104B1B680F4A43F040431360FFF750
:10E9800063FFFFF707F8FFF71BFF00231846183750
:10E99000BD4680BD00ED00E071C20F4170C20F4165
:10E9A00000E400E028E300242CE3002420ED00E054
:10E9B000DC02002434EF00E080B483B000AF4FF0FD
:10E9C000500383F31188BFF36F8FBFF34F8F7B60CA
:10E9D00000BF104B1B6801330E4A13600D4B1B68C0
:10E9E000012B10D10C4B1B68DBB2002B0BD04FF06E
:10E9F000500383F31188BFF36F8FBFF34F8F3B60DA
:10EA000000BF00BFFDE700BF0C37BD465DF8047BCB
:10EA1000704700BFDC02002404ED00E080B483B046
:10EA200000AF124B1B68002B0BD14FF0500383F348
:10EA30001188BFF36F8FBFF34F8F7B6000BF00BFA4
:10EA4000FDE70A4B1B68013B084A1360074B1B6834
:10EA5000002B05D100233B603B6883F3118800BF86
:10EA600000BF0C37BD465DF8047B7047DC02002414
:10EA7000EFF30980BFF36F8F154B1A681EF0100F6C
:10EA800008BF20ED108A20E9F04F106009B44FF064
:10EA9000500080F31188BFF34F8FBFF36F8FFEF7E5
:10EAA00079FF4FF0000080F3118809BC19680868ED
:10EAB000B0E8F04F1EF0100F08BFB0EC108A80F3E2
:10EAC0000988BFF36F8F7047AFF30080AFF300800A
:10EAD000FCDC002400BF00BF80B582B000AF4FF067
:10EAE000500383F31188BFF36F8FBFF34F8F7B60A9
:10EAF00000BFFEF795FE0346002B03D0064B4FF0F8
:10EB000080521A6000233B603B6883F3118800BF8A
:10EB100000BF0837BD4680BD04ED00E080B400AF03
:10EB20000B4B00221A600B4B00221A600A4B1B6829
:10EB30000A4AA2FB03239B09094A013B1360044BC9
:10EB400007221A6000BFBD465DF8047B704700BF16
:10EB500010E000E018E000E014000024D34D621043
:10EB600014E000E0DFF80C00016841F4700101607E
:10EB7000704700BF88ED00E080B485B000AFEFF3D0
:10EB80000583FB60FB680F2B15D9184AFB681344FB
:10EB90001B78FB72164B1B78FA7A9A420BD24FF015
:10EBA000500383F31188BFF36F8FBFF34F8F7B60E8
:10EBB00000BF00BFFDE70F4B1B6803F4E0620E4B84
:10EBC0001B689A420BD94FF0500383F31188BFF3AF
:10EBD0006F8FBFF34F8F3B6000BF00BFFDE700BFEB
:10EBE0001437BD465DF8047B704700BFF0E300E0DA
:10EBF00028E300240CED00E02CE3002480B58AB06B
:10EC000000AF78600023FB61FEF74EFD5C4B1B6894
:10EC1000002B01D100F024F95A4B1A687B6813408D
:10EC2000002B40F095807B68002B1ED008227B686B
:10EC300013447B607B6803F00703002B15D07B68CF
:10EC400023F0070308337B607B6803F00703002B86
:10EC50000BD04FF0500383F31188BFF36F8FBFF3D6
:10EC60004F8F7B6100BF00BFFDE77B68002B6FD03B
:10EC7000454B1B687A689A426AD8444B3B62434BC7
:10EC80001B687B6204E07B6A3B627B6A1B687B6279
:10EC90007B6A5B687A689A4203D97B6A1B68002B9F
:10ECA000F1D1374B1B687A6A9A4251D03B6A1B6894
:10ECB00008221344FB617B6A1A683B6A1A607B6A0C
:10ECC0005A687B68D21A08235B009A4220D97A6A74
:10ECD0007B681344BB61BB6903F00703002B0BD0B7
:10ECE0004FF0500383F31188BFF36F8FBFF34F8F43
:10ECF0003B6100BF00BFFDE77B6A5A687B68D21AA0
:10ED0000BB695A607B6A7A685A60B86900F00AF990
:10ED10001D4B1A687B6A5B68D31A1B4A13601A4B37
:10ED20001A681B4B1B689A4203D2174B1B68184A80
:10ED300013607B6A5A68134B1B681A437B6A5A60DC
:10ED40007B6A00221A60134B1B680133114A13605F
:10ED5000FEF7B8FCFB6903F00703002B0BD04FF064
:10ED6000500383F31188BFF36F8FBFF34F8FFB60A6
:10ED700000BF00BFFDE7FB6918462837BD4680BDD0
:10ED800088A601249CA601248CA6012480A6012427
:10ED900090A6012494A6012480B586B000AF7860C7
:10EDA0007B687B617B68002B4FD008235B427A69CC
:10EDB00013447B617B693B613B695A68254B1B6847
:10EDC0001340002B0BD14FF0500383F31188BFF396
:10EDD0006F8FBFF34F8FFB6000BF00BFFDE73B6944
:10EDE0001B68002B0BD04FF0500383F31188BFF347
:10EDF0006F8FBFF34F8FBB6000BF00BFFDE73B6964
:10EE00005A68144B1B681340002B1ED03B691B68CB
:10EE1000002B1AD13B695A680E4B1B68DB431A4022
:10EE20003B695A60FEF740FC3B695A680A4B1B6815
:10EE30001344094A1360386900F074F8074B1B68E3
:10EE40000133064A1360FEF73DFC00BF1837BD468C
:10EE500080BD00BF9CA601248CA6012498A6012495
:10EE600080B485B000AF4CF25033BB60274BFB60E1
:10EE7000FB6803F00703002B0CD0FB680733FB6033
:10EE8000FB6823F00703FB60BA68FB68D31A1F4ACC
:10EE90001344BB60FB687B601D4A7B6813601C4B9E
:10EEA00000225A607B68BA681344FB600822FB6842
:10EEB0009B1AFB60FB6823F00703FB60FB68154AA5
:10EEC0001360144B1B6800225A60124B1B6800220F
:10EED0001A607B683B603B68FA68D21A3B685A60EC
:10EEE0000C4B1A683B681A603B685B680A4A1360FF
:10EEF0003B685B68094A1360094B4FF000421A6097
:10EF000000BF1437BD465DF8047B704730E3002432
:10EF100080A6012488A6012490A601248CA60124A1
:10EF20009CA6012480B485B000AF7860284BFB60BC
:10EF300002E0FB681B68FB60FB681B687A689A420A
:10EF4000F7D8FB68BB60FB685B68BA6813447A68F3
:10EF50009A4208D1FB685A687B685B681A44FB6870
:10EF60005A60FB687B607B68BB607B685B68BA68E3
:10EF70001A44FB681B689A4218D1FB681A68154B43
:10EF80001B689A420DD07B685A68FB681B685B68F7
:10EF90001A447B685A60FB681B681A687B681A60B1
:10EFA00008E00C4B1A687B681A6003E0FB681A687B
:10EFB0007B681A60FA687B689A4202D0FB687A68BC
:10EFC0001A6000BF1437BD465DF8047B704700BF70
:10EFD00080A6012488A60124044B1A680AB10348BC
:10EFE0007047034A014812681A607047E80200241B
:10EFF0006C030024024A034B12681A60704700BF7A
:10F000006C030024E8020024044B1A680AB1034888
:10F010007047034A014812681A607047FC020024D6
:10F020006C030024024A034B12681A60704700BF49
:10F030006C030024FC02002470B50221044601F098
:10F0400013F902216518C4F102040544284601F0B1
:10F050000BF9022146182E44304601F005F9022131
:10F0600045182E44304601F0FFF8022108440644BA
:10F07000304601F0F9F8022145183544284601F0E0
:10F08000F3F8022108440544284601F0EDF8204435
:10F09000284470BD10B10846FFF7CEBF704700BFCF
:10F0A00010B10020FFF7C8BF704700BF38B50C464D
:10F0B000F9B1054600F0E4FEA11C284600F0E0FE90
:10F0C000211D284600F0DCFEA11D284600F0D8FED8
:10F0D00004F10801284600F0D3FE04F10A01284695
:10F0E00000F0CEFE04F10C012846BDE8384000F0E7
:10F0F000C7BE084638BD00BF38B338B50D46044614
:10F10000B0F90010284600F03BFEB4F90210284682
:10F1100000F036FEB4F90410284600F031FEB4F9D0
:10F120000610284600F02CFEB4F90810284600F01E
:10F1300027FEB4F90A10284600F022FEB4F90C109C
:10F140002846BDE8384000F01BBE704770B50C463D
:10F1500001230221A51C03702046C4F1020401F022
:10F1600083F805440221284601F07EF80221461862
:10F170002E44304601F078F8022145182E443046DE
:10F1800001F072F8022108440644304601F06CF8A0
:10F19000022145183544284601F066F8022108444A
:10F1A0000544284601F060F82044284470BD00BFA3
:10F1B00000B583B000210DF10700FFF7C7FF03B0D2
:10F1C0005DF804FB0048704708030024B0B138B56F
:10F1D0000D460121284601F047F86B1C0221C5F1BC
:10F1E00002051C18204601F03FF80221084404449F
:10F1F000204601F039F82844204438BD704700BF4C
:10F2000038B50C4661B1054600F094F8A11C2846BB
:10F2100000F036FE211D2846BDE8384000F030BE23
:10F22000084638BD90B138B50D46044601782846E9
:10F2300000F06AF8B4F90210284600F0A1FDB4F914
:10F2400004102846BDE8384000F09ABD704700BF62
:10F2500090B10121002010B501F006F8441C0221F4
:10F26000204601F001F8022108440444204600F041
:10F27000FBFF0230204410BD704700BF38B50121AC
:10F28000002000F0F1FF451C0221284600F0ECFFB1
:10F29000022144182C44204600F0E6FF02302044AE
:10F2A00038BD00BF004870473003002438B50D4614
:10F2B0000121044600F08CFF48B1A36801211D70B4
:10F2C000A26823690A4461750B44A2602361A07D92
:10F2D00080F0010038BD00BF38B50D46012104465D
:10F2E00000F076FF60B1A2680121236912F8010BDA
:10F2F0000B44003818BF01202870A260236161759B
:10F30000A07D80F0010038BD38B50D4601210446CE
:10F3100000F05EFF48B1A36801211D70A268236957
:10F320000A4461750B44A2602361A07D80F0010056
:10F3300038BD00BF38B50D460121044600F048FF36
:10F3400050B1A36801211B782B70A26823690A447D
:10F3500061750B44A2602361A07D80F0010038BD7F
:10F360002DE9F0410B4682B004460221ADF806308B
:10F3700000F082FF01462046677D00F0C5FF0221B4
:10F38000204600F019FF78BBD4E90135AB4226D9FD
:10F390005E1BA36023692046C6F102083344414640
:10F3A000236100F015FF00283BD0237D012B4AD0BC
:10F3B0009DF807302B70002E40D09DF806306B7002
:10F3C00023690221A2680233A07D424461759E1B1D
:10F3D00080F00100A260266102B0BDE8F081022148
:10F3E000204600F0F5FE90B1237D012BA36814D0D8
:10F3F0009DF807109DF806201970A3685A70022125
:10F40000A26823690A4461750B44A2602361A07D50
:10F4100080F0010002B0BDE8F081BDF806201A803E
:10F42000EDE7A2682369A07D921B9B1B677580F0A6
:10F430000100A260236102B0BDE8F081A3689DF8DD
:10F4400006201A70BCE728460DF10605324629460B
:10F450000DF0FEFE4246A919A0680DF0F9FEAFE7D7
:10F460002DE9F043044683B00D460221ADF8062095
:10F4700000F002FF0146204694F8158000F044FF9A
:10F480000221204600F098FE70BBD4E90167BE421D
:10F4900025D923692046A660F61B3344C6F102092C
:10F4A0002361494600F094FE002839D0012D4AD04E
:10F4B0009DF807303B70002E40D09DF806307B70E1
:10F4C00023690221A268A07D02334A4461759B1B17
:10F4D00080F00100A260236103B0BDE8F083022147
:10F4E000204600F075FE88B1012DA36814D09DF868
:10F4F00007109DF806201970A3685A700221A268AF
:10F5000023690A4461750B44A2602361A07D80F0E9
:10F51000010003B0BDE8F083BDF806201A80EDE7D6
:10F52000A2682369A07D921B9B1B84F8158080F044
:10F530000100A260236103B0BDE8F083A3689DF8D9
:10F5400006201A70BCE70DF10605324638462946FA
:10F550000DF07EFE4A46A919A0680DF079FEAFE7CE
:10F560002DE9F84304460D46022100F085FE0146D0
:10F57000204694F8158000F0C7FE0221204600F0D6
:10F580001BFE60BBD4E90167BE4223D92369204634
:10F59000A660F61B3344C6F102092361494600F018
:10F5A00017FE002834D0237D012B42D07B782B70AE
:10F5B000002E3AD03B786B7023690221A268023397
:10F5C000A07D4A4461759B1B80F00100A26023610D
:10F5D000BDE8F8830221204600F0FAFD80B1237DCA
:10F5E000012BA36811D05B782B70A3681B786B701C
:10F5F0000221A26823690A4461750B44A260236159
:10F60000A07D80F00100BDE8F8831B882B80EFE728
:10F61000A2682369921BA07D9B1B84F8158080F053
:10F620000100A2602361BDE8F883A3681B786B70BA
:10F63000C2E73946324628460DF00AFE4A46A81966
:10F64000A1680DF005FEB7E72DE9F04704460E4628
:10F650000221154600F010FE0146204694F8158060
:10F6600000F052FE0221204600F0A6FD70BBD4E956
:10F6700001794F4525D923692046A760A7EB0907E3
:10F680003B44C7F1020A2361514600F0A1FD002866
:10F6900034D0012E43D099F801302B70002F3AD08E
:10F6A00099F800306B7023690221A2680233A07DB3
:10F6B00052446175DB1B80F00100A2602361BDE84C
:10F6C000F0870221204600F083FD78B1012EA36867
:10F6D00011D05B782B70A3681B786B700221A26835
:10F6E00023690A4461750B44A2602361A07D80F008
:10F6F0000100BDE8F0871B882B80EFE7A268236933
:10F70000D21BA07DDB1B84F8158080F00100A26075
:10F710002361BDE8F087A3681B786B70C3E7494697
:10F720003A4628460DF094FD5246E819A1680DF0BE
:10F730008FFDB8E72DE9F04182B004460191042124
:10F7400000F09AFD01462046677D00F0DDFD0421B2
:10F75000204600F031FD002839D1D4E90135AB4213
:10F7600030D95E1BA36023692046C6F104083344E8
:10F770004146236100F02CFD00284CD0237D012B55
:10F7800063D09DF807302B70002E51D09DF80630C5
:10F79000012E6B7050D09DF80530022EAB704FD00B
:10F7A0009DF80430EB7023690421A2680433A07D26
:10F7B000424461759E1B80F00100A260266102B088
:10F7C000BDE8F0810421204600F002FDD0B1237D88
:10F7D000012BA3681CD09DF807009DF806209DF81A
:10F7E00005101870A3685A70A3689DF804209970DA
:10F7F000A368DA700421A26823690A4461750B4486
:10F80000A2602361A07D80F0010002B0BDE8F0811C
:10F81000019A1A60EEE7A2682369A07D921B9B1BE8
:10F82000677580F00100A260236102B0BDE8F0813D
:10F83000A3689DF806201A70A3689DF805201A7029
:10F84000A3689DF804201A70ADE7284601AD324642
:10F8500029460DF0FDFC4246A919A0680DF0F8FC00
:10F86000A1E700BF2DE9F043044683B00D46042113
:10F87000019200F001FD0146204694F8158000F049
:10F8800043FD0421204600F097FC002838D1D4E93C
:10F890000176B7422FD923692046A760BF1B3B449E
:10F8A000C7F104092361494600F092FC00284AD0C0
:10F8B000012D63D09DF807303370002F51D09DF893
:10F8C0000630012F737050D09DF80530022FB370B1
:10F8D0004FD09DF80430F37023690421A268A07D05
:10F8E00004334A446175DB1B80F00100A260236190
:10F8F00003B0BDE8F0830421204600F069FCC8B1E4
:10F90000012DA3681CD09DF807009DF806209DF8E6
:10F9100005101870A3685A70A3689DF804209970A8
:10F92000A368DA700421A26823690A4461750B4454
:10F93000A2602361A07D80F0010003B0BDE8F083E8
:10F94000019A1A60EEE7A2682369A07DD21BDB1B37
:10F9500084F8158080F00100A260236103B0BDE847
:10F96000F083A3689DF806201A70A3689DF805200F
:10F970001A70A3689DF804201A70ADE701AD3A46ED
:10F98000304629460DF064FC4A46E919A0680DF09E
:10F990005FFCA1E72DE9F84304460D46042100F081
:10F9A0006BFC0146204694F8158000F0ADFC042164
:10F9B000204600F001FC002838D1D4E90176B74296
:10F9C0002FD923692046A760BF1B3B44C7F1040918
:10F9D0002361494600F0FCFB002846D0237D012B23
:10F9E0005CD0F3782B70002F4CD0B378012F6B7064
:10F9F00005F102034AD07378022FAB7005F10303BF
:10FA000048D03378EB7023690421A2680433A07DC9
:10FA10004A446175DB1B80F00100A2602361BDE8F0
:10FA2000F8830421204600F0D3FBB0B1237D012BE5
:10FA3000A36817D0DB782B70A3689B786B70A368E2
:10FA40005B78AB70A3681B78EB700421A268236914
:10FA50000A4461750B44A2602361A07D80F001001F
:10FA6000BDE8F8831B682B60EFE7A2682369D21B0F
:10FA7000A07DDB1B84F8158080F00100A26023616B
:10FA8000BDE8F883A3689B786B70AB1CA2685278C2
:10FA900003F8012BA26812781A70B4E731463A468F
:10FAA00028460DF0D5FB4A46E819A1680DF0D0FBB9
:10FAB000A9E700BF2DE9F04704460E46042115468C
:10FAC00000F0DAFB0146204694F8158000F01CFC9B
:10FAD0000421204600F070FB00283CD1D4E9013716
:10FAE000BB4233D9A3EB0709A36023692046C9F1C0
:10FAF000040A4B445146236100F06AFB002848D0B9
:10FB0000012E61D0FB782B70B9F1000F50D0BB787B
:10FB1000B9F1010F6B7005F102034DD07B78B9F19B
:10FB2000020FAB7005F103034AD03B78EB702369F9
:10FB30000421A2680433A07D52446175A3EB09033C
:10FB400080F00100A2602361BDE8F0870421204617
:10FB500000F03EFBA8B1012EA36817D0DB782B7014
:10FB6000A3689B786B70A3685B78AB70A3681B7805
:10FB7000EB700421A26823690A4461750B44A260FA
:10FB80002361A07D80F00100BDE8F0871B682B6039
:10FB9000EFE7A2682369A2EB0902A07DA3EB0903AA
:10FBA00084F8158080F00100A2602361BDE8F08731
:10FBB000A3689B786B70AB1CA268527803F8012B8A
:10FBC000A26812781A70B2E739464A4628460DF004
:10FBD0003FFB524605EB0900A1680DF039FBA6E793
:10FBE0002DE9F041044682B00821CDE9002300F060
:10FBF00043FB01462046677D00F086FB0821204636
:10FC000000F0DAFA00284ED1D4E90135AB4245D9EB
:10FC10005E1BA36023692046C6F1080833444146B1
:10FC2000236100F0D5FA002874D0237D012B00F069
:10FC30009B809DF807302B70002E78D09DF8063001
:10FC4000012E6B7077D09DF80530022EAB7076D008
:10FC50009DF80430032EEB7075D09DF80330042E10
:10FC60002B7174D09DF80230052E6B7173D09DF806
:10FC70000130062EAB7172D09DF80030EB71236914
:10FC80000821A2680833A07D424461759E1B80F064
:10FC90000100A260266102B0BDE8F0810821204683
:10FCA00000F096FA50B3237D012B2DD0A3689DF868
:10FCB00007009DF806209DF805101870A3685A707B
:10FCC000A3689DF804209DF803009970A368DA707A
:10FCD000A3689DF802209DF801101871A3685A715D
:10FCE000A3689DF800209971A368DA710821A268C1
:10FCF00023690A4461750B44A2602361A07D80F0F2
:10FD0000010002B0BDE8F0816B46A26803CB106031
:10FD10005160EBE7A2682369A07D921B9B1B67756E
:10FD200080F00100A260236102B0BDE8F081A36809
:10FD30009DF806201A70A3689DF805201A70A36824
:10FD40009DF804201A70A3689DF803201A70A36818
:10FD50009DF802201A70A3689DF801201A70A3680C
:10FD60009DF800201A708AE728466D4632462946DB
:10FD70000DF06EFA4246A919A0680DF069FA7EE707
:10FD80002DE9F0410B4682B004460221ADF8063061
:10FD900000F072FA01462046677D00F0B5FA0221B4
:10FDA000204600F009FA78BBD4E90135AB4226D9E8
:10FDB0005E1BA36023692046C6F102083344414616
:10FDC000236100F005FA00283BD0237D012B4AD0A7
:10FDD0009DF807302B70002E40D09DF806306B70D8
:10FDE00023690221A2680233A07D424461759E1BF3
:10FDF00080F00100A260266102B0BDE8F08102211E
:10FE0000204600F0E5F990B1237D012BA36814D0C2
:10FE10009DF807109DF806201970A3685A700221FA
:10FE2000A26823690A4461750B44A2602361A07D26
:10FE300080F0010002B0BDE8F081BDF806201A8014
:10FE4000EDE7A2682369A07D921B9B1B677580F07C
:10FE50000100A260236102B0BDE8F081A3689DF8B3
:10FE600006201A70BCE728460DF1060532462946E1
:10FE70000DF0EEF94246A919A0680DF0E9F9AFE7D7
:10FE80002DE9F84304460D46022100F0F5F901463C
:10FE9000204694F8158000F037FA0221204600F041
:10FEA0008BF960BBD4E90167BE4223D923692046A0
:10FEB000A660F61B3344C6F102092361494600F0EF
:10FEC00087F9002834D0237D012B42D07B782B701A
:10FED000002E3AD03B786B7023690221A26802336E
:10FEE000A07D4A4461759B1B80F00100A2602361E4
:10FEF000BDE8F8830221204600F06AF980B1237D35
:10FF0000012BA36811D05B782B70A3681B786B70F2
:10FF10000221A26823690A4461750B44A26023612F
:10FF2000A07D80F00100BDE8F8831B882B80EFE7FF
:10FF3000A2682369921BA07D9B1B84F8158080F02A
:10FF40000100A2602361BDE8F883A3681B786B7091
:10FF5000C2E73946324628460DF07AF94A46A819D2
:10FF6000A1680DF075F9B7E72DE9F04182B00446BC
:10FF70000191042100F080F901462046677D00F0E0
:10FF8000C3F90421204600F017F9002839D1D4E93B
:10FF90000135AB4230D95E1BA36023692046C6F110
:10FFA000040833444146236100F012F900284CD084
:10FFB000237D012B63D09DF807302B70002E51D08C
:10FFC0009DF80630012E6B7050D09DF80530022E42
:10FFD000AB704FD09DF80430EB7023690421A26808
:10FFE0000433A07D424461759E1B80F00100A26035
:10FFF000266102B0BDE8F0810421204600F0E8F857
:020000040801F1
:10000000D0B1237D012BA3681CD09DF807009DF87B
:1000100006209DF805101870A3685A70A3689DF813
:1000200004209970A368DA700421A26823690A4445
:1000300061750B44A2602361A07D80F0010002B0D5
:10004000BDE8F081019A1A60EEE7A2682369A07DFD
:10005000921B9B1B677580F00100A260236102B0B8
:10006000BDE8F081A3689DF806201A70A3689DF88A
:1000700005201A70A3689DF804201A70ADE7284681
:1000800001AD324629460DF0E3F84246A919A068B1
:100090000DF0DEF8A1E700BF2DE9F84304460D4658
:1000A000042100F0E9F80146204694F8158000F09C
:1000B0002BF90421204600F07FF8002838D1D4E93C
:1000C0000176B7422FD923692046A760BF1B3B4466
:1000D000C7F104092361494600F07AF8002846D0A8
:1000E000237D012B5CD0F3782B70002F4CD0B3789C
:1000F000012F6B7005F102034AD07378022FAB70A9
:1001000005F1030348D03378EB7023690421A2681A
:100110000433A07D4A446175DB1B80F00100A260BE
:100120002361BDE8F8830421204600F051F8B0B106
:10013000237D012BA36817D0DB782B70A3689B78F5
:100140006B70A3685B78AB70A3681B78EB700421BD
:10015000A26823690A4461750B44A2602361A07DF3
:1001600080F00100BDE8F8831B682B60EFE7A26810
:100170002369D21BA07DDB1B84F8158080F0010071
:10018000A2602361BDE8F883A3689B786B70AB1C09
:10019000A268527803F8012BA26812781A70B4E7AB
:1001A00031463A4628460DF053F84A46E819A16808
:1001B0000DF04EF8A9E700BF837D3BB9D0E90103FC
:1001C0001944884234BF0020012070470020704746
:1001D000837D43B9D0E9012110B59142044605D28F
:1001E0000123184610BD00231846704782693AB1B2
:1001F000C169904780F00103A075DBB2184610BDBD
:100200000120A075FAE700BFC0E90612704700BFE1
:1002100010B4019C0A44016042600A191C448260C7
:100220000022C0E903349DF8083042755DF8044BA4
:1002300082750375C0E90622704700BF10B582B011
:10024000049C009401240194FFF7E2FF02B010BD6A
:1002500010B5002482B00094FFF7F0FF02B010BD8B
:100260000023FFF7F5BF00BFB0FBF1F202FB110066
:100270004B1E081A18407047437D8B4209D2036910
:100280004A1EB3FBF1F001FB1030091A01EA02002B
:1002900070470020704700BF38B504460D46FFF791
:1002A000EBFFA36865751A182369184463689342C5
:1002B000206128BF1346A36038BD00BF8268006874
:1002C000101A7047D0E90120101A704738B5837DA5
:1002D000A3B904460D46D0E901329A4200D331B9A0
:1002E0002046FFF7EFFFA84228BF284638BD8369A4
:1002F00033B1C1699847A0750028F1D0002038BDFE
:1003000001238375FAE700BF38B504460D46FFF7B1
:1003100053FF78B12369A2682B442A442361012347
:10032000A260637538BDA2682D1A2369024418447F
:10033000A2602061294601222046FFF7C7FF00285E
:10034000F1D10123637538BD002846D0034630B58E
:10035000027885B00A2A42D8DFE802F01212181497
:10036000140606061A2E16000A6A596B002052F867
:100370002120121A18BF012283F8392005B030BDA0
:100380000A68F2E78A69F0E78A68EEE70A69ECE74B
:100390005C68084604F1430204F1440304F1420599
:1003A00004F11001CDE90132009504F1410304F19B
:1003B000400209F0FFFDE1E75C68084604F1220213
:1003C00004F1230104F12103CDE9002104F120020D
:1003D00004F110010AF008F8D0E70B207047012063
:1003E000CCE700BFF0B59BB0002800F08880037810
:1003F00004460A2B00F26781DFE803F02D2D154437
:10040000441919195A061500406890F82030002B3D
:1004100040F0B28090F82230002B40F0E48090F859
:100420002130002B6FD1002528461BB0F0BD426B58
:100430000B6A53F82230002BF5D0826800F11001CE
:10044000406801F06FFE05460028ECD040F25923C9
:10045000984213D029E0426B0B6853F82230002BEE
:10046000E1D000230AAAD0E9010101F09FFF05466F
:100470000028D9D040F29113984216D1002384F875
:100480003930D1E7426B8B6953F82230002BCAD048
:10049000826800F11001406800F0FEFD054600286A
:1004A000C1D040F2F5139842BED003F001F9BBE78A
:1004B000406890F84230002B7DD1C3691BB190F8A1
:1004C0004030002B44D190F84430002B40F0AC80F9
:1004D00090F84330002BA6D0C26A0AA9103009F068
:1004E00041FC05460028E0D16068DDE90E230AF0F2
:1004F000ABF8002898D0012380F8233094E70B252F
:1005000028461BB0F0BD04AE10300AAA314609F0EF
:100510009FFE05460028C8D10AA960680AF054F871
:100520000746002800F0BB80012190F9080009F07F
:10053000D5FF0328844640F0A78007F158040FCE6A
:100540000FC496E8030084E8030087F808C06BE74F
:10055000816A103009F086FC05460028A5D1606844
:10056000816A0AF031F80346002800F0A3800122D6
:10057000606883F82220A6E70AF000F80646606863
:10058000002E3FF447AF706006F12801F269103089
:1005900009F0A6FD0546002840F08E80F7690FCFD0
:1005A0003572C6F80900C6F80D106068C6F811204B
:1005B000C6F815302EE704AA0AA9103009F05AFB34
:1005C000054600287FF471AF6068DDE90E230AF06C
:1005D00029F830B19DF81030012280F8213080F8E0
:1005E0002020606869E7103004AA0AA909F0F0FD2C
:1005F000054600287FF459AF04A9606809F0E4FFBC
:10060000074660B10AAD00F140064FF0020C0FCD75
:100610000FC695E8030086E8030087F808C0606805
:10062000002380F82230FAE600F130020AA91030E7
:1006300009F0D8FB054600287FF437AF6068DDE994
:100640000E230AF013F806466068002E3FF440AF10
:100650000127836BB784002B3FF43AAF436B05EB64
:10066000450103EBC10109F0AFFF38B16068013506
:1006700086F82570836BAB42F0D829E760680135B6
:10068000836BAB42EAD823E706AB0FCB8DE80F00B4
:100690000321606896E80C000AF05EF8C4E606AB39
:1006A0000FCB8DE80F000221606896E80C000AF07D
:1006B00053F8B9E6606806E73146606809F06EFFF6
:1006C00002F0F6FFB0E60125AEE600BFF0B5037814
:1006D00085B004460A2B00F23981DFE803F0684256
:1006E0004D5BA70606061D726200062B00F02681F0
:1006F000072B036B40F01C8104F11005D0E90A12AE
:1007000080689847A26A2946606801F04BFD04465C
:1007100078B302F0CDFF2CE0406890F84230002B17
:1007200000F08E800026012704E009F001FF98B94F
:100730002F72606809F0ACFF054600287FD063681F
:10074000E26A9B6995F8211085F82060984795F832
:1007500021302846002BE8D16068294609F01EFFA9
:10076000E7E790F83900D4E90B1300B1A068002442
:100770009847204605B0F0BD406801F02BFF40F2DD
:1007800021330446984201D00028C2D100242046DB
:1007900005B0F0BD0024036B80689847204605B083
:1007A000F0BD0024036B9847204605B0F0BD90F8DB
:1007B0003900236B00B1A06800249847204605B09B
:1007C000F0BD406890F824303BBB90F82030002BFF
:1007D0007DD040F63406012707E0284609F070FF77
:1007E0002946606809F0DAFE6068002109F002FF1E
:1007F0000546002868D06368E16A9B699847B04263
:100800004FF00001E9D10121284609F059FF2F726C
:10081000EAE7486809F0C2FE606809F0F7FE0146A1
:100820000028F6D1606880F82410CEE70024036B1E
:1008300000F1100180689847204605B0F0BD60685F
:1008400090F840308BB1C5682DB3002695F8223062
:1008500043B1C36985F8226023B1816A2846E26A00
:10086000984760682D68002DF0D190F8443093B11E
:10087000C56885B1002695F824304BB1436A85F8E8
:1008800024602BB1284695F82510E26A98476068E5
:100890002D68002DEFD190F84330002B3FF476AF58
:1008A00000270BE06368E26AD96A1E6A85F8237044
:1008B000B0476068294609F071FE606809F0F4FEEF
:1008C00005460028EED161E7606880F8205090F876
:1008D0002130002B3FF45AAFC568B5B1022601E0C4
:1008E0002D6895B195F90830032BF9D1C3692846D5
:1008F000E16A9847034605F16002284685F82530ED
:1009000043B109F0FDFE6068EAE700231C4680F869
:1009100021302EE70FCA05F158078DE80F0001219D
:100920006068D7E9002309F017FF2E726068D7E7E7
:10093000816A04F1100580689847E3E600F110052C
:10094000036B826A294680689847DBE6012410E73A
:1009500000283DD000293CD0034690F83800002202
:10096000002835D030B493F800C0BCF1080F1DD179
:100970005C68256C35F07F4505D194F8440010B9CA
:1009800094F8430028B130BC704793F83900002830
:10099000F9D101324033914217D093F83800002842
:1009A000F1D093F800C0BCF1080FE1D0BCF1090F01
:1009B000EBD15C68256A002DE5D194F8240000286D
:1009C000E1D1013240339142E7D1002030BC704781
:1009D00070470846704700BF10B504468822024998
:1009E0000CF036FC204610BDB0FB010800000000F2
:1009F00000296AD02DE9F0410546B0B000285CD04E
:100A00001646184688461F4602F070FD002E54D048
:100A100080F0010414F0FF044FD1882230490EA861
:100A20000CF016FC0EA9882228460CF011FC684632
:100A3000C5F80080AE6001F043FFEC4605F1140EEE
:100A4000D7F80080BCE80F00AEE80F00BCE80F004C
:100A5000AEE80F00BCE80F009FED1F7BAEE80F0073
:100A6000DCF80030B0013969CEF800302F6185ED37
:100A70001A7BC047686008B929E0686800EB8410F9
:100A80000134314600F07CFAA642F6D805F1480060
:100A900000F06AFA134A00236868C5E91E2368B1AA
:100AA000AB6873B12A69B2FA82F35B094AB118469E
:100AB00085F8803030B0BDE8F0810B2030B0BDE863
:100AC000F081002030B0BDE8F0810B2070470A2093
:100AD000F4E700BFAFF3008000CA9A3B00000000BB
:100AE000B0FB010851090108002B18BF002A70B59E
:100AF00004460CBF012000209DF810C0002908BF4B
:100B000040F0010028BBB4FA84F56D090CB3D4E9B8
:100B10000206864201D3012070BD60684FEA861E3E
:100B200000F80E5000EB8610013603630123C56206
:100B300004F1140580F801C00387C0E901122846BA
:100B4000E66001F0D1FE30B9A36C00200133A3644C
:100B500070BD0B2070BD284601F0CCFE0028F3D0FC
:100B600070BD00BF002844D0F0B500F114059BB063
:100B70000446284601F0B8FE10B100201BB0F0BDBD
:100B8000284601F0B7FE002830D10CA804AE01F0D1
:100B900097FE0DF1300CAE462769BCE80F00AEE8B9
:100BA0000F00BCE80F00AEE80F00BCE80F00AEE895
:100BB0000F00DCF80030CEF800300FCF0FC63B68D6
:100BC000284622683360636E616DCDE90232D4E954
:100BD0001332CDE90021226EA16C02F08BF90028BE
:100BE000CCD00B9002F064FD0B98C7E702F060FDDB
:100BF000CBE70B20704700BF2DE9F84F0546914623
:100C00009846FFF7AFFF05F11406304601F03EFFAE
:100C10000746002840F0A880AB680BB3044669681B
:100C2000A20101EB841C9CF83830CBB18B5C0A2B01
:100C300000F2DE80DFE803F09D9DA98D8D0606069B
:100C4000CEC1B5000CF13402DCF80410304602F0DD
:100C50006DFA002840F087800134AB689C42DED3F7
:100C600043464A46304602F08FFA95F88030002B12
:100C700000F0C680012B40F0BB80AB68002B00F079
:100C80005981002440F29119A0460AE0FFF75CFB6D
:100C9000044610B1484540F0B180AB68984580F0FB
:100CA00026816A68314602EB881008F1010890F845
:100CB00038C0BCF1000FE9D119461046D5E91E3203
:100CC0009847002800F09A80AB68002B00F09680CF
:100CD0004FF0000840F2911909E0FFF783FB04464A
:100CE00010B1484540F08A80AB68984509D26868E1
:100CF000314600EB881008F1010890F83820002AEE
:100D0000EBD1002B7AD000260EE012F80C20082A36
:100D100000F0FC80092A00F0EE8090F839208AB9B2
:100D200001369E4267D200246A684FEA861C02EBB5
:100D3000861090F83810002960D041780029E4D05E
:100D40000129EDD1FFF7C2FC002840F0B580AB6867
:100D5000E6E70CF13402DCF80410304602F0BAF990
:100D600000283FF479AF074602F0A2FC3846BDE800
:100D7000F88F0CF13402DCF80410304601F05AFE12
:100D800000283FF469AF0746EEE70CF13402DCF8C7
:100D90000410304602F06EF900283FF45DAF0746BC
:100DA000E2E70CF13402DCF80410304602F036F9C8
:100DB00000283FF451AF0746D6E7DCF804100CF1E9
:100DC00034023046103109F0BBFA00283FF444AF3A
:100DD0000746C9E7DCF8041000230CF13402304662
:100DE000103109F083F800283FF436AF0746BBE71F
:100DF000012702F05DFC3846BDE8F88F2746FAE788
:100E0000AB68002B00F09380002440F29119A046BB
:100E100008E0FFF799FA044608B14845EED1AB68FF
:100E2000984566D26A68314602EB881008F10108DD
:100E300090F838C0BCF1000FEBD119461046D5E947
:100E40001E3298470028D9D0AB68002BD6D04FF07F
:100E5000000A40F2911840F259290EE013F80B30C5
:100E6000082B34D0092B29D090F8393003BB0AF174
:100E7000010AAB689A45BED2002468684FEA8A1B13
:100E800000EB8A1090F83830002BB7D03146FFF7CE
:100E9000A9FA002818BF404501D048450CD16B681D
:100EA00013EB0B0021D04278002AD7D0012ADED1E3
:100EB000FFF70CFC0028DAD007469CE743681A6A63
:100EC000002AF5D193F82430002BD0D0F0E7436806
:100ED0001A6C32F07F42EBD193F84420002AE7D11C
:100EE00093F84330002BC2D0E2E70B2783E76A6810
:100EF000E2E66A68A1E74268116A00297FF422AF3E
:100F000092F82420002A3FF40BAF1BE74268116CD3
:100F100031F07F417FF416AF92F8441000297FF43E
:100F200011AF92F84320002A3FF4FAAE0AE76A684C
:100F30001C4682E76A681C46BEE600BF90B170B5E9
:100F40000446006816461D4600F044F930B13246AA
:100F50002B462046BDE87040FFF74EBE02F0A8FBCE
:100F6000012070BD0B20704730B12022002108B550
:100F70000CF089F8002008BD0B207047000000002D
:100F8000034678B100224FF00B0C41631046A3F8E2
:100F900000C01A631A879FED047BC3E9012283ED29
:100FA0000A7B70470B207047000000000000000023
:100FB0002DE9F04383B00A9F002B18BF002F27D0E4
:100FC000044628B3E9461D460E469046484600F0C2
:100FD000F7F82A46234699E8030084E803004146CF
:100FE000304600F0D1F9054660B93A4604F10C01EB
:100FF0000320A76001F05AFA054618B9284603B045
:10100000BDE8F08302F054FB284603B0BDE8F0834E
:101010000B25284603B0BDE8F08300BF18B1006877
:1010200008B1D0F80801704770B582B0F8B1044635
:101030000068E0B1D0F80831CBB10E46E1B11546F9
:10104000D2B1052100F5887002F05EFA02460B4627
:101050003146C5E9002323682A46D3F8080103F086
:101060003DFC064660B10126304602B070BD4FF42B
:10107000FA76304602B070BD0B26304602B070BD25
:1010800020680521D5E9002300F58870009102F061
:10109000A7FA304602B070BD70B58E468CB00C46D3
:1010A00016460DF1180C0546BEE80F00ACE80F001F
:1010B0009EE803008CE803005DB32B684BB3D3F8C4
:1010C000080130B346B30023324602A98DF8073039
:1010D0000DF107039FED127B8DED027B8DED047BFF
:1010E00003F004FD0546C8B99DF8072040F2F5134A
:1010F000002A08BF1D460DF1180EA446BEE80F00D9
:10110000ACE80F009EE803008CE8030028460CB012
:1011100070BD4FF4FA75EEE70B25ECE70125EAE721
:10112000000000000000000030B1006820B1D0F8DD
:101130000801003818BF0120704700BF002B18BFFE
:10114000002A2DE9F04316460CBF01220022A1B06F
:10115000002908BF42F0010222BB044610B30DF182
:1011600010081F460D460DF11809404600F042FBDD
:1011700098E8030084E80300484600F0B5FC4046C8
:1011800000F038FBCDF800903B46324698E803006B
:1011900084E803002946204600F036FB30B921B030
:1011A000BDE8F0830B2021B0BDE8F083039002F08E
:1011B0007FFA02F07DFA039821B0BDE8F08300BF0A
:1011C000034A034692E8030083E803001846704789
:1011D00038FC010818B14068003818BF012070477A
:1011E0002DE9F8430646002300687360002849D0C3
:1011F0004769D0F80480D0F8109037B1143000F06F
:1012000031FA0746002844D13068036B43B12830D7
:1012100003F06CF818B1002F3ED002F049FA3068A4
:10122000036ADBB1D0E9062C012A7CF1000111DB55
:101230000024254653F824004946B8B1C047336816
:101240000134D3E9062C45F100051B6A944275EB85
:101250000C01EFDB18464946C04730684946C04795
:1012600000233846C6E90033BDE8F883013445F170
:101270000005944275EB0C01DCDB18464946C0477B
:101280003068EBE7074600233846C6E90033BDE87F
:10129000F88302F00DFAB7E709F07EFA0746BCE7DB
:1012A000002B18BF002A2DE9F04116460CBF012281
:1012B0000022A0B0002908BF42F001021ABB044678
:1012C00008B30DF110081F460D4600F013FD206015
:1012D000404600F0AFFD50220D4940460BF0B8FFEC
:1012E0003B46324629462046CDF8008000F008FDF6
:1012F00010B920B0BDE8F081039002F0D9F903984D
:1013000020B0BDE8F0810B2020B0BDE8F08100BF27
:1013100040FC0108002B18BF002A2DE9F0411646B9
:101320000CBF01220022A0B0002908BF42F0010238
:101330001ABB044608B30DF110081F460D4600F015
:1013400053FF2060404601F003F850220D4940460B
:101350000BF07EFF3B46324629462046CDF8008002
:1013600000F048FF10B920B0BDE8F081039002F012
:101370009FF9039820B0BDE8F0810B2020B0BDE8B4
:10138000F08100BF90FC01082DE9F047051E9EB0DA
:101390000E4690461F4640F39F80002900F09F8034
:1013A000A1F1040E4FF0000C5EF8044F0CF1010C9B
:1013B000002C00F094806545F6D1B8F1000F00F0E4
:1013C0008E80D8F80040002C00F089800DF1640C6C
:1013D0000FCCACE80F00236819A8CCF8003002F05D
:1013E00085F880F00100C0B2002878D1002F76D0B7
:1013F0003B68002B78D178210120DDE91C32984729
:1014000004463860002800F0B68002A802F070FCA4
:1014100002A904F1280050220BF01AFF19ACD7F8EA
:1014200000E00FCCF446ACE80F0023680EF1140185
:101430004046CCF8003000F03FF90446002844D183
:10144000D7F800904FEAE578C9F82000C9F818509D
:10145000C9F81C80002D4ED0002E4CD00421284607
:10146000DDE91C329847C9F82000D7F80090D9F878
:101470002030CA4643B3012D78F100033BDB002442
:10148000043EA1460BE031680BF0E2FE013449F165
:101490000009C84508BFA5422BD0D7F800A056F8D0
:1014A000040FEEF77DFF421C199B10461D99DAF8D8
:1014B00020A0019298473B684AF824001B6A019AD1
:1014C00053F824000028DED10A243846FFF788FEAE
:1014D00020461EB0BDE8F08700293FF46EAF0B2414
:1014E00020461EB0BDE8F087642420461EB0BDE84B
:1014F000F087D7F8009026490B68013336D01A469A
:1015000000240B60D9F814007B60436A0133C0E902
:10151000062434D090F830303BB9303000F048F930
:1015200004460028D1D13B68586918AA17A9406B16
:1015300001F0B4F904460028C7D1179BEBB939680C
:101540004B6903F12802586B00F094FD0446002813
:10155000BBD1396848692831183002F091FD044642
:101560000028BDD009F018F90446AEE701221C4658
:101570000A601346C6E70A24B2E70124A5E724302F
:1015800009F01EF9044600289FD13B685869C1E75D
:10159000A0A601240020704784B0F0B597B01DAE1E
:1015A00086E80E00002858D00368054633B164244D
:1015B000204617B0BDE8F04004B07047304601F057
:1015C00095FF002849D0B44611ACBCE80F000FC409
:1015D000DCF800305020219923601D9B9847044679
:1015E000286000283BD00DF1440C8646BCE80F0073
:1015F000AEE80F00DCF8003002A8CEF8003002F0B0
:101600008BFB0DF1080E04F1180C2F6820ACBEE81E
:101610000F00ACE80F00BEE80F00ACE80F00BEE81A
:101620000F00ACE80F009EE803008CE8030094E88C
:1016300003008DE8030096E80E0007F1180002F0A1
:1016400021FC04460028B3D021991E9B28689847A6
:10165000204609F0A1F80446AAE70B24A8E70A24CB
:10166000A6E700BF30B587B0F0B103680446DBB130
:101670009C460DF1040EBCE80F00AEE80F00DCF84C
:10168000003001A8CEF8003001F030FF60B12068D2
:10169000183002F0B1FC054650B92068029B05994C
:1016A0009847284607B030BD0B25284607B030BD07
:1016B00009F072F80546F8E72DE9F04194B00028EA
:1016C0005BD004460068002857D00E4601F00EFF9C
:1016D000002E52D080F00100C0B200284DD13368F6
:1016E00023B16424204614B0BDE8F08127680FAD13
:1016F000BC46D7F80080BCE80F000FC5DCF800300E
:10170000502019462B60C04705463060D0B30DF11C
:101710003C0C8646BCE80F00AEE80F00DCF8003059
:101720006846CEF8003002F0F7FAEE4605F1180CE4
:1017300024683568BEE80F00ACE80F00BEE80F0073
:10174000ACE80F00BEE80F00ACE80F009EE8030015
:101750008CE8030004F1180005F1180102F0FAFB0F
:1017600004460028BED001F08BFF01F0A1FF3046F7
:10177000FFF778FF40B10446B4E70B24204614B0CD
:10178000BDE8F0810A24ADE7204614B0BDE8F04181
:1017900009F002B820B1036813B100205962704704
:1017A0000B20704710B1006800B11830704700BFBF
:1017B00010B5002382B00193B8B1044601A90C48CA
:1017C00001F046FF10B1012002B010BD019B13B122
:1017D0001A78312A04D002230020237002B010BDF1
:1017E0005B78002BF7D10123F6E70B2002B010BD88
:1017F000E4F50108034A034692E8030083E8030086
:1018000018467047E0FC01082DE9F04FA9B00446E6
:101810000E461546DDF8C88023A81F4609F0F6F9E4
:10182000B8F1000F00F0F380404601F05FFE002D9C
:1018300018BF002C80F001000CBF4FF0010C4FF0DE
:10184000000C002E08BF4CF0010C4CEA000C1CF000
:10185000FF0940F0DC80D4F804A0BAF1000F40F09A
:10186000FC80002F00F0D3803846FFF7B3FC83469E
:10187000002800F0D2805246304622A9CDF888A038
:1018800004F062FA8246002840F0C38022980028C3
:1018900040F0F1802846EEF783FD002840F0C0803C
:1018A000794D22A90022284604F030FA8246002809
:1018B00040F0AF802298002840F0D580D8F8003062
:1018C0007820D8F81010984782466060002800F011
:1018D000CF800022002308A8CAE91A23CAE91C23E2
:1018E00000F002F908A9504668220BF0B1FC6168CB
:1018F0004046276000F006F9002858D12846EEF748
:101900004FFD284410F8013CCDE903562F2BD8F8A1
:10191000103000930CBF5D4B5D4B02934FF400639E
:101920000193D4F804A098E80F0001F0EDFE2368BD
:10193000CAF87400314618682A466668283002F0F2
:1019400087FD6368B066986E002832D002F010FE02
:10195000824660B3D8F800300820D8F810106668C6
:1019600098476368F066D3F86CB0BBF1000F20D0E5
:1019700006A823AE09F0BEF806A86368C44603C8EB
:10198000D3F86CE08BE80300BCE80F000FC6DCF86E
:101990000030336028AB13E90F008DE80F0051468B
:1019A0003A467046239B09F0AFF8824628B3636835
:1019B000F3B1586F28B1D8F80430D8F81010984710
:1019C0006368986E10B102F055FD6368D86E48B137
:1019D00009F0F6F86368D8F81010D86ED8F804301B
:1019E000984763681846D8F81010D8F8043098471C
:1019F00000234FF0010AC4E90033B9F1000F08D009
:101A0000D8F804302846D8F81010984701E04FF075
:101A10000B0A504629B0BDE8F08F4FF0650AF8E791
:101A20002B782F2B3FF43DAF0395D8F8103000935F
:101A3000184B02934FF40063019398E80F0001F0F4
:101A400063FE0546E0B1002222A9229204F05EF96D
:101A500082460028D4D1D9462CE74FF0640A50467C
:101A600029B0BDE8F08F4FF0CA0A04F061F9C4E76D
:101A70004FF00A0AC1E74FF0C90A04F0B9F9C8E704
:101A80004FF00A0AC5E700BFFCF5010804F601089B
:101A90000CF6010800F6010830B1436823B19B6ED3
:101AA00013B10068FFF796BB0020704720B1406873
:101AB00010B1806E00B18068704700BF20B14068EF
:101AC00010B1806E00B1C068704700BF28B1406897
:101AD00018B1836E002B08BF0020704710B140681A
:101AE00000B1806E704700BF10B504466822002127
:101AF0000BF0C9FA204601F0EBFC012320462375C8
:101B000010BD00BF002818BF88421BD0F8B5B1FA3D
:101B100081F60C46760999B10546878A84468E4639
:101B20000FCDAEE80F002B6850220CF1180104F124
:101B30001800CEF80030A7820BF08AFB3046F8BDC3
:101B40000B20F8BD0B20704782B02DE9F04F91B00B
:101B50001AAC9DF87C8084E80C0000283DD00C462F
:101B60000546FFF7B3FF00283AD02846FFF79EFF4F
:101B7000064628460BADFFF7A1FF0DF1680E07469C
:101B8000AC46BEE80F00ACE80F00DEF80030CCF841
:101B90000030219B0BB38946DDF878A001F02CFFC3
:101BA00010AB089013E907008DE80700002108A892
:101BB00095E80C0001F096FF8346A0B101F060FDAE
:101BC00001F076FDBBF10A0F18BF4FF0010B58462C
:101BD00011B0BDE8F04F02B070474FF00B0BF6E7C5
:101BE0004FF0010BF3E70990079008A808F07CFF7D
:101BF000834680B10A2808A818BF4FF0010B01F0F6
:101C0000B1FF044600285BD151460998C8475146A8
:101C10002046C847DBE709ABEC4605930FCDACE89F
:101C20000F002B683A4631462046CCF8003008AB0E
:101C300008F0FAFD8346D8B9099C024609900AA922
:101C4000204603F093FF50BB0A9D002D40D1219BFD
:101C500008A81C6001F086FF8346002843D001F0ED
:101C60000FFDA8464FF0010B2C4601F021FD0AE0C4
:101C7000672814BF4FF0000808F00108079C08A867
:101C800001F070FF50BB51460998C84751462046A5
:101C9000C847B8F1000F18BF4FF0680B97E701F085
:101CA000EFFC01F005FD08A801F05CFF98B9514672
:101CB0000998C847514620464FF0010BC84786E7B0
:101CC000DDF81C8001F0DCFC01F0F2FC4446DAE7B0
:101CD0004FF0670BD3E7D8464FF0010B01F0D0FC73
:101CE00001F0E6FCCFE751460998C84751465846EF
:101CF000C8476CE7014B1868704700BFE8FC010853
:101D00002DE9F04788B0109E002E6BD006F1500AE6
:101D100005460F4690465046994601F0E7FB80F095
:101D20000104E4B2002C5DD1002D5BD02B6823B1FF
:101D30006424204608B0BDE8F0873846FFF7ACFEC3
:101D4000002854D0B8F1000F4CD0B9FA89F35B09E0
:101D5000B9F1000F46D007AA0793CDE9033306F186
:101D60005803059293E807008DE807004946384676
:101D70009AE80C00FFF7E8FE00284FD1336DC82029
:101D8000316E98472860002850D03846FFF7A6FEED
:101D900006F164034146079A009333462C6802F02B
:101DA00051FC2B68C4F8C400D3F8C40070B303F12D
:101DB000700102F02BFD2B680446D0B996F848203C
:101DC0003146184683F8B82070220BF041FA3A6881
:101DD000C0F8C0200798736D316E9847204608B050
:101DE000BDE8F0870B24204608B0BDE8F087C82482
:101DF0009FE7CBB1D3F8C42042B13846FFF76EFE5F
:101E00002B68D3F8C41002F015FD2B681846726DCC
:101E1000316E0124904700232B60DBE7672807D051
:101E2000692805D00A2801D00124D3E70A24D1E784
:101E30006724CFE770B5144D88B00446502213498B
:101E400028460BF005FA02A801F042FB0DF1080C40
:101E500005F1500E6E46BCE80F00AEE80F00DCF84E
:101E600000303046CEF8003003F0C8FD05F16403C1
:101E7000702296E8030083E80300294620460BF011
:101E8000E7F9204608B070BDA8A60124F0FC0108BF
:101E9000F8B1036870B50446B3B11646D3F8C42050
:101EA00092B1D3F8C0000D46FFF794F960B12368F2
:101EB000D3F8C40040B155B13246294602F062FB66
:101EC000003818BF012070BD4FF4967070BD0B2014
:101ED00070BD4FF496707047A0B1036810B504460A
:101EE00073B1D3F8C4205AB1D3F8C000FFF772F928
:101EF00030B12368D3F8C400003818BF012010BDEA
:101F0000002010BD0020704730B1006820B1D0F82B
:101F1000C400003818BF0120704700BFF0B502F1BF
:101F200008070B4685B01446064697E807008DE87B
:101F300007001846194994E80C0001F0D7FB3378E4
:101F400005462F2B23D004F10C0393E803008DE802
:101F50000300701C94E80E0001F0CEFB064697E8E3
:101F600007008DE807003146284694E80C0001F090
:101F7000BDFB0346304662681E46216990472846ED
:101F80003546636821699847284605B0F0BD7378E7
:101F9000002BD8D1284605B0F0BD00BF50F601088F
:101FA0002DE9F04385B068B1074608460C4601F0BC
:101FB0009DFA38B100232D4803A9039301F048FB93
:101FC000054620B10025284605B0BDE8F083039BF7
:101FD0001A78002AF6D004F10C0999E803008DE87C
:101FE0000300184694E80E0001F0C8FC8046002863
:101FF000E8D003A91E48039501F02AFB60B1002632
:10200000304663682169984740466368216998476C
:10201000284605B0BDE8F083039B1E78F6B199E829
:1020200003008DE80300184694E80E0001F0A6FCBA
:1020300006460028E3D022464146FFF76FFF0546DB
:10204000002DDDD0284601F04FFB03460028D7D1F4
:10205000284621691D4663689847D1E722463846DD
:102060004146FFF75BFF0546EAE700BF5CF6010863
:1020700074F601082DE9F04182B0002306460F46B0
:10208000214801A99046019301F0E2FA20B101250F
:10209000284602B0BDE8F08104461C490198EEF7DD
:1020A0001FF90546F0B90190B8F1000F21D001A940
:1020B000174801F0CDFA0028E9D116490198EEF74A
:1020C0000FF9034639463046B3FA83F35B0988F8C3
:1020D0000030FFF765FF70B1C8F80400284602B071
:1020E000BDE8F081254688F80040284602B0BDE8EA
:1020F000F0810B25CCE798F80050A5F10105B5FA61
:1021000085F56D09C4E700BF14F6010828F601083B
:1021100030F6010848F6010818B1006808B1D0F897
:102120000801704770B58E468CB00C4616460DF10E
:10213000180C0546BEE80F00ACE80F009EE803004F
:102140008CE803000DB32B68FBB1D3F80801E0B1B4
:1021500036B30023324602A98DF807300DF107038C
:1021600002F00AFC054698B10A2818BF01250DF1B6
:10217000180EA446BEE80F00ACE80F009EE803006E
:102180008CE8030028460CB070BD4FF41675EEE7DE
:102190009DF8072040F25923002A08BF1D46E6E7B4
:1021A0000B25E4E770B1006860B1D0F8080148B1D0
:1021B00069B110B54AB102F03DFC10B1022818BF58
:1021C000012010BD4FF4167070470B2010BD0B207E
:1021D000704700BF30B1006820B1D0F80801003866
:1021E00018BF0120704700BF014B1868704700BF3F
:1021F00040FD01082DE9F04788B0109FFFB107F1BD
:10220000500A05460E4691465046984601F06EF932
:1022100080F00104E4B294B98DB13046FFF73CFC84
:10222000002855D0B9F1000F09D0B8F1000F06D041
:102230002B684BB16424204608B0BDE8F0870B241E
:10224000204608B0BDE8F087CDE9033307AA07931D
:1022500007F15803059293E807008DE8070041460F
:1022600030469AE80C00FFF76FFC00285FD1C821C8
:102270000120D7E917329847286000285FD0304600
:10228000FFF72CFC07F164034946079A00933B468D
:102290002C6802F0B7FCC4F8C0002C68D4F8C00069
:1022A00048B304F1700102F0A3FD0446A8B9286800
:1022B000702297F84830394680F8B8300AF0C8FFE5
:1022C00007987B6D396E9847204608B0BDE8F087C7
:1022D000C824204608B0BDE8F0872C686CB3D4F859
:1022E000C0304BB13046FFF7F9FB2B68D3F8C01074
:1022F00002F092FD2C6894B104F15006304601F0D2
:10230000F5F858B1E06E48B1314603F07FFB064660
:10231000C8B9636D216EE06E9847E6662C687B6DE8
:102320002046396E0124984700232B60C8E76728B0
:1023300007D0692805D00A2801D00124C0E70A2463
:10234000BEE76724BCE708F027FA2C68E7E700BF80
:1023500070B5144D8AB004465022134928460AF03D
:1023600077FF04A801F0B4F80DF1100C05F1500E40
:102370006E46BCE80F00AEE80F00DCF800303046D7
:10238000CEF8003003F05CFB05F1640396E807002B
:1023900083E807007022294620460AF059FF2046AC
:1023A0000AB070BD18A7012448FD0108002849D0D3
:1023B0002DE9F04115460268A4B00446002A39D040
:1023C0001F46D2F8C030ABB30E46002938D0002DDE
:1023D0003CD002A84FF0000803F0C0FB0DF1080C40
:1023E000AE46BCE80F00AEE80F00BCE80F00AEE858
:1023F0000F00BCE80F00AEE80F009CE80F008EE86D
:102400000F008DF84F802B4620680DF14F023146AA
:10241000D0F8C000009702F061FD0346C0B99DF8F6
:102420004F1040F29112002908BF1346184624B0FD
:10243000BDE8F0814FF4C873184624B0BDE8F081C0
:102440000B23F3E74FF4C8731846704714ADC0E789
:1024500008F0A2F90346E9E718B1006808B1D0F81E
:10246000C000704730B1006820B1D0F8C00000381B
:1024700018BF0120704700BF084601F0EBBB00BF4A
:10248000084601F00DBC00BF037A10B50C4643B1FD
:10249000052101F039F802460B460020C4E900236B
:1024A00010BD0846BDE8104001F0D4BBF8B50546A4
:1024B000104614460E4601F019F828B1032D03D832
:1024C000DFE805F01F3059064FF00B0C6046F8BDF1
:1024D000002CF9D0B6FA86F35B09002EF4D03361F4
:1024E0009C4606F11405324F4FF0030EC6E9013346
:1024F0000FCC0FC5236860462B60F76086F800E0BC
:10250000F8BD002EE0D0002306F1140533709C4680
:10251000C6E90133C6E903330FCC0FC52368604613
:102520002B60F8BD002CCFD0B6FA86F56D09002ED1
:10253000CAD0A646357006F1140CBEE80F00C6E9F5
:102540000155C6E90355ACE80F00DEF80030102055
:10255000CCF80030236821699847306120B300220D
:102560000023AC460572C0E90023124A01236046ED
:10257000F2603370F8BD002CA6D0B6FA86F35B0982
:10258000002EA1D033619C4606F11405DFF828E047
:102590000227C6E901330FCC0FC5236860462B60C4
:1025A000C6F80CE03770F8BD4FF00A0C8EE700BF9C
:1025B00081240108892401087924010840B139B136
:1025C00003781BB1C3680BB100691847012070473D
:1025D0000B2070472DE9F04F87B000286CD00368BE
:1025E0000446002B62D0BFF35B8F93F83830BFF303
:1025F0005B8F002B4FD1036804A91868FFF7DEFF3B
:102600000546002849D1DDE90423002B49DB0526D6
:1026100020680096203000F0E3FF23688046BFF377
:102620005B8FD3F810B0BFF35B8F206889463146CB
:10263000283000F069FF0F46314606462068183002
:1026400000F062FF024604980B46B618DDF814C08D
:10265000924647EB0107864277EB0C0104DA53EA16
:1026600002012ED1064667462068052132463B46C8
:102670002830009100F07EFFBBF1000F0DD0049ACE
:102680002046059BB2EB080263EB0903D8472846B6
:1026900007B0BDE8F08F40F22135284607B0BDE80D
:1026A000F08F0125284607B0BDE8F08F4FF448753C
:1026B000284607B0BDE8F08F0B25284607B0BDE8D7
:1026C000F08F801B6CEB0701013861F10001CDE94F
:1026D0000232EDF76DFE029B013041F1000100FB7B
:1026E00003F301FB0A33A0FB0A0A8619534443EBA8
:1026F0000707B9E770B582B080B3036804468BB3AF
:102700000D4659B3BFF35B8F93F83830BFF35B8F3F
:1027100053B9036869461868FFF750FF064648B189
:1027200040F22133984202D100231E462B703046DE
:1027300002B070BD20680521283000F0E5FE009B46
:10274000C01A019B61EB03010128304671F10003BF
:10275000B4BF012300232B7002B070BD0B2630469E
:1027600002B070BD4FF44876E1E700BF70B582B0AB
:1027700030B3036804463BB30D4609B3BFF35B8F28
:1027800093F83830BFF35B8FABB9036869461868BC
:10279000FFF714FF064658B920680521283000F0DD
:1027A000B3FE009BC01A019B61EB030128606960C6
:1027B000304602B070BD40F22136304602B070BDE6
:1027C0000B26304602B070BD4FF44876F0E700BFEC
:1027D00030B1006820B1C3680BB1083070471846AB
:1027E000704700BF002849D070B51546C2B09AB1F5
:1027F0001E466A4601AB0C4603F034FA8446B8B96B
:10280000009971B1072919D04B1E052B3AD8DFE882
:1028100003F026292C2F321D4FF00B0C604642B0DE
:1028200070BD07290AD0002360462B6042B070BDFE
:1028300007F0B2FF8446604642B070BDFF2CF2D96B
:102840002960002EEAD0FE233360E7E706232B60E1
:10285000002EE3D0019B6046336042B070BD01237F
:102860002B60F5E702232B60F2E703232B60EFE7F1
:1028700004232B60ECE705232B60E9E74FF00B0CFA
:10288000604670470B46044A4FF4807102A801F07D
:1028900027F84FF0010CC1E794F6010868B170B554
:1028A0000D4616460446EDF77BFD334601462A46A3
:1028B0002046BDE87040FFF795BF0B20704700BF72
:1028C00010B5084C864684460FCCACE80F000FCC00
:1028D000ACE80F000FCCACE80F0023687046CCF8D2
:1028E000003010BD98FD010818B1006B003818BF0A
:1028F000012070472DE9F04182B0002800F095805A
:10290000066B0446002E00F08C80F06B02F0C0FCD9
:10291000256B061E18BF4FF46176002D00F08180F4
:1029200000272068D5F84C80A96D67602F6020B122
:102930000191C047256B01992760A86820B1C04765
:10294000256B0023C5E901334FF00008A068EF6C48
:10295000A96DC4F80C80C5F80C8028B1B847256B68
:10296000C4F80880EF6CA96D4FF000086869C5F8DD
:10297000108028B1B847C5F81480256BEF6CA96D9D
:102980004FF000082069C4F81480C5F8408028B1D1
:10299000B847256BC4F81080EF6CA96D4FF00008A4
:1029A000A069C4F81C80C5F8188028B10191B84707
:1029B000256B0199C4F81880286A20B1B847256BA7
:1029C0000023C5E907330027206AD5F84C80A96D9C
:1029D00067626F6220B10191C047256B0199276240
:1029E000E86A20B1C047256B0023C5E90A330027F8
:1029F000A06AD5F84C80A96DE7622F6320B10191E0
:102A0000C047256B0199A762A86B20B1C047256B11
:102A10000023C5E90D33EB6C2846A96D98470023C8
:102A20002363304602B0BDE8F0810B26304602B089
:102A3000BDE8F08118B338B5036B04460BB319B386
:102A40001D684068854217D2681C1860236843F8E7
:102A5000251002B115600846FFF7FEFC50B1236B4C
:102A6000426800209B6843F82520226B536801339D
:102A7000536038BD012038BD40F2863038BD0B2090
:102A800070474FF4617038BD0B2038BD002874D0FA
:102A9000036B10B50446002B71D0006838B1626832
:102AA000002192000AF0EFFA236B00221A60A0685E
:102AB00038B1E268002192000AF0E5FA236B0022A7
:102AC000DA60A06938B1E269002192000AF0DBFA0D
:102AD000236B00229A61206A38B1626A0021920059
:102AE0000AF0D1FA236B00225A62A06A38B1E26A76
:102AF000002192000AF0C7FA236B00221A632069B2
:102B000038B16269002192000AF0BDFA236B0022FD
:102B10001A64986838B15A68002192000AF0B3FA32
:102B2000236B00225A60586938B11A69002192005B
:102B30000AF0A9FA236B00221A61186A38B1DA691F
:102B4000002192000AF09FFA236B0022DA61D86A12
:102B500038B19A6A002192000AF095FA236B00229C
:102B60009A62986B40B15A6B002192000AF08BFA7E
:102B70000023226B1846536310BD0B2070474FF49F
:102B8000617010BD002800F080812DE9F04F046BCA
:102B900083B00546002C00F07A814FF000091F46F3
:102BA000D4F858A088461646D4E913B3C0F8049068
:102BB000C4F80090002900F0BF808C0052460068E5
:102BC000214601939847019B2860002800F0F68079
:102BD0002246494601930AF056FAC5F80480524647
:102BE000D5F830802146019BD8F80800C8F8049039
:102BF00098472B6BC8F808009B68002B00F04A81AF
:102C00002246494618460AF03EFA2C6B4FF000085F
:102C1000D4F85890D4E91323C5F80C80C4F80C807C
:102C2000002E40F09B80A86828B1494690472C6B45
:102C3000AE60D4F858904FF00008F619C4F8108030
:102C400040F0A280606930B14946E36C9847666104
:102C50002C6BD4F858900026D4E913A86E61266432
:102C6000002F40F0AF80286938B14946D0472C6B1F
:102C70002F61D4F85890D4E913A800260C9BEE617C
:102C8000A661002B40F09380A86920B14946D04747
:102C90000C9B2C6BAB61206A28B14946D0472C6B4A
:102CA0000023C4E9073300260D9BA76DD4E91389DF
:102CB0006E626662002B00F098804FEA830A3A4603
:102CC000286A5146C8472862002877D052463146C4
:102CD0000AF0D9F92C6B0D9B3A46E06A51466B62BB
:102CE000A662C8472B6BE062DC6A002C00F0F28021
:102CF0002046524631460AF0C6F92C6B00260E9B40
:102D0000A76DD4E91389EE622663002B40F097800B
:102D1000A86A20B13946C0470E9B2C6BAB62A06BF2
:102D200000284CD03946C04700232A6B1846C2E918
:102D30000D3303B0BDE8F08F006820B15146D8478D
:102D40002C6BC5F80080A06800283FF45FAF5146A7
:102D5000D8472C6B0023C4E9013357E7B4004A4637
:102D6000A86821469847A86040B3224641460AF029
:102D70008AF94FF000082C6BEE60F619D4F85890E1
:102D8000C4F810803FF45EAFB6004A46236D606918
:102D90003146984781466061002800F084803246C1
:102DA00041460AF070F92C6BD4F8589053E79C0018
:102DB0004A46A8692146C047A86140BB0A2003B023
:102DC000BDE8F08FBC004A4628692146C04728610B
:102DD0000028F3D0224631460AF055F92C6B6F617A
:102DE000D4F85890D4E913A847E7286A20B13946A7
:102DF000C0470D9B2C6B2B62E06A00283FF47EAF2E
:102E00003946C0472C6B0023C4E90A3376E72246D3
:102E100031460AF038F92F6B0C9B4A46386A214636
:102E2000EB61FE61C0472B6B38621F6A002F4AD0EE
:102E30002246314638460AF026F92C6B33E79C00CF
:102E40003A46A86A2146C847A8620028B6D022465A
:102E500031460AF018F9D5F830A00E9B3A462146C3
:102E6000DAF83800EB62CAF83460C8472B6BCAF84E
:102E700038009B6B002B34D02246314618460AF0AE
:102E800002F9304603B0BDE8F08F0B2070474FF4D5
:102E9000617094E7286851460193D847019B0A2046
:102EA000C5E900338BE72B6BA868996DDB6C9847FD
:102EB0002B6B2869DA6C996DC5E9029990470A2055
:102EC000C5E904997BE7A8694946D0470A20C5E9C6
:102ED000067774E7286A3946C0470A20C5E90844DE
:102EE0006DE7A86A39460193C047019B0A20C5E9EE
:102EF0000A3364E72DE9F04F85B005460E461746C4
:102F000012A89846DDF8449000F0F0FA002D72D037
:102F100080F00100C0B200286DD1D5F830A0BAF120
:102F2000000F04D06424204605B0BDE8F08FB9F14D
:102F3000000F60D04846FEF74DF9002868D0129B7C
:102F40005C20169998472863002863D05C2251467C
:102F50000AF099F812ACD5F830B0DDE90F320BF178
:102F6000480CCBF8449003EB020E0E9BD9F800906E
:102F70009E440FCCCBE901AACBE904AACBE907AA6E
:102F8000CBE90AAACBE90DAABE44ACE80F0023683E
:102F90000EEB460109F12800CCF8003002F06EF982
:102FA0002B6BCBF83C00D86B50B3109C43463A4691
:102FB0003146029428460F9C01940E9C0094FFF722
:102FC000E1FD04460028AED02B6B2BBB0026284623
:102FD0003346324631460096CDE90166FFF7D2FD11
:102FE000286B00289FD0C36C816D984720462E63C4
:102FF00005B0BDE8F08F0B24204605B0BDE8F08F8A
:10300000012402F045F9002818BF4FF46174DDE790
:10301000652488E70A2486E7D86BF2E718B338B549
:10302000036B04460BB319B3DD68C068854217D241
:10303000681CD860A36843F8251002B115600846E3
:1030400007F000FE50B1236B426800205B6943F833
:103050002520226B13690133136138BD012038BD6F
:1030600040F2863038BD0B2070474FF4617038BD98
:103070000B2038BD28B338B5036B04461BB329B306
:10308000186C6569A84219D2451C1D64236943F870
:10309000201002B110600846FFF79AFB68B1226B5E
:1030A000E368156C013B1D4407F0CCFD80B1236B38
:1030B000426800205B6943F8252038BD40F2863025
:1030C00038BD0B2070474FF4617038BD0B2038BD00
:1030D000012038BD18B338B5036B04460BB319B3E0
:1030E0009D69C069854217D2681C9861A36943F83D
:1030F000251002B115600846FDF790FF50B1236B13
:10310000426800201B6A43F82520226BD3690133F3
:10311000D36138BD012038BD40F2863038BD0B2068
:1031200070474FF4617038BD0B2038BD18B338B507
:10313000036B04460BB319B35D6A406A854217D22C
:10314000681C5862236A43F8251002B115600846CE
:10315000FEF7E2FF50B1236B42680020DB6A43F8C0
:103160002520226B936A0133936238BD012038BD5C
:1031700040F2863038BD0B2070474FF4617038BD87
:103180000B2038BD000000002DE9F04F2DED028B23
:103190008DB0CDE90423002800F04F81066B054671
:1031A000002E00F01A81436883B9EB6873B96B692C
:1031B00063B9EB6953B96B6A43B9EB6A33B940F24F
:1031C00085300DB0BDEC028BBDE8F08F049B326CF6
:1031D000012B059B73F10003C0F2F880DDE9048741
:1031E000002A00F00F810024134640F221393246B4
:1031F000A246A3469FED988B14E00028E1D1DDE9BB
:103200000823424573EB070103DA90461F464FF04F
:10321000010B2A6B136C01344AF1000A9C427AF1CB
:10322000000128D2286908A9A60050F82400002827
:10323000F1D0EB68D2F814C023445CF823E0BEF16F
:10324000000F06D013694CF823E0013313612B699A
:1032500098598DED088BFFF789FA4845CDD12B6938
:10326000002201349A512A6B4AF1000A136C9C42E5
:103270007AF10001D6D359461646DDE904321343EC
:1032800040F0B480002300220C46CDE90823CDE9AC
:103290000A2308AB029306F13403F26B06F1100126
:1032A0000093301D06F11C03019206F1280201F083
:1032B00081FE2B6B80461A6CE2B14FF000094F463D
:1032C0002A690DF11F014FEA890652F8290060B101
:1032D0008DF81F70FFF70EFA00287FF472AF9DF88B
:1032E0001F300BB92A6993512B6B09F101091A6C34
:1032F0004A45E5D838F0020076D16F687FB10246C2
:1033000002E00132BA420AD0996851F8221000292D
:10331000F7D12E6846F822100132BA42F4D1EF6894
:103320007FB1002202E00132BA420AD0596951F855
:1033300022100029F7D1AE6846F822100132BA42B5
:10334000F4D1EF697FB1002202E00132BA420AD023
:10335000196A51F822100029F7D1AE6946F82210F7
:103360000132BA42F4D16F6A7FB1002202E0013229
:10337000BA420AD0D96A51F822100029F7D12E6A30
:1033800046F822100132BA42F4D1EF6A7FB100222E
:1033900002E00132BA420AD0996B51F8221000299A
:1033A000F7D1AE6A46F822100132BA42F4D1B8F130
:1033B000020F7FF406AF84F00103DBB2002B18BFCD
:1033C00002200DB0BDEC028BBDE8F08F002A3AD090
:1033D0004FF0FF386FF0004705E74FF461700DB014
:1033E000BDEC028BBDE8F08F0120EAE6049B0C46A1
:1033F000012B059B73F10003A8BF44F0010414B92D
:10340000234647E71146002F02DA4FF000084746EF
:103410000C464046394612A3D3E90023ECF7C8FF17
:103420000FA3D3E90023CDE9080140463946ECF764
:10343000BFFFCDE90A2308AB2CE70B200DB0BDEC94
:10344000028BBDE8F08F11464FF0FF386FF0004758
:1034500013E700BFAFF30080FFFFFFFFFFFFFF7F19
:1034600000CA9A3B0000000008F0B4BD09F0B2BBEE
:1034700009F0C4B809F0BAB810B5054C86468446C0
:103480000FCCACE80F0023687046CCF8003010BDBC
:10349000CCFD0108A8B10268A2B14168A1B110B485
:1034A000C46864B1806838B1084B1A600022C3E96F
:1034B00001100120C3E903425DF8044B7047204628
:1034C000FAE77047104670470846704758030024D3
:1034D00010B5054C864684460FCCACE80F00236837
:1034E0007046CCF8003010BD5803002458B1036872
:1034F00043B1436833B1C36823B18068003818BF53
:10350000012070471846704780EA1041164A174B51
:103510004FF0010C81F03D0101EBC10181EA111175
:1035200002FB01F181EAD131A3FB01231B0903EB6B
:103530004302C3EBC203D0B4C91A0D4C6218D2E8DF
:103540004F3FC2E846CF002EF9D1DBB2BFF35B8F0D
:10355000002BF4D1D0E90067BFF35B8F6354304692
:103560003946D0BC704700BF2DEBD427C94216B2F4
:1035700088A7012470B580EA104E1649164C8EF0CB
:103580003D0E0EEBCE0E8EEA1E1E01FB0EFE134903
:103590008EEADE3EA1FB0E514FF00105090901EB59
:1035A000410CC1EBCC01AEEB010E04EB0E0CDCE8E0
:1035B0004F1FCCE8465F002EF9D1C9B2BFF35B8F35
:1035C0000029F4D1C0E90023BFF35B8F04F80E108B
:1035D00070BD00BF2DEBD42788A70124C94216B2C5
:1035E00080EA104C17498CF03D0C0CEBCC0C8CEAAB
:1035F0001C1C01FB0CFC14498CEADC3C70B58646B3
:10360000A1FB0C01114D4FF00100090901EB410430
:10361000C1EBC401ACEB010C05EB0C01D1E84F4F41
:10362000C1E8460F002EF9D1E4B2BFF35B8F002C46
:10363000F4D1DEE90001CEE90023BFF35B8F05F88A
:103640000C4070BD2DEBD427C94216B288A70124C7
:1036500068B110B50C4629B108F0D8FC20B1206043
:10366000002010BD034810BD034B236010BD03486C
:10367000704700BF10F7010854F80108F4F601087C
:10368000064B1B783BB1064B1A780AB901221A7017
:10369000044B18787047044B187870479FA7012493
:1036A000B1A70124B0A701242CF7010800000000F5
:1036B0009FED077B0023084A0848138008490370E0
:1036C0000B7082ED027B074A13707047AFF30080E6
:1036D0000000000000000000A0A70124B1A7012401
:1036E000B0A701249FA701240020704782B00020CA
:1036F0008DE80C0002B0704784B000200DF1040C7E
:1037000004B08CE80E0070470FB4F0B583B008AC7D
:103710000E9E84E80F0026B308A8FFF7E7FE00B36B
:1037200000210FAB32460846CDE9003300F006F920
:10373000431C054615D0471C0D9B9F4201D95D1EB9
:103740001F46089B38460C999847044648B13246B4
:103750003946019B00F0F2F8002809DB002363558D
:1037600000E00024204603B0BDE8F04004B07047FC
:103770002046099B0C9900249847F3E72DE9F04F68
:103780002DED028B87B0002680468A4600900846C1
:1037900008EE102A99461025ECF702FE3746B3468C
:1037A00001901EE00BF1010B019B5E4504EB030849
:1037B00011D22E44D9F80830D9F8102005EB450570
:1037C000B1009847002800F08880B5F5801F0746B3
:1037D00028BF4FF48015009A07EB8B03A41A43F817
:1037E000044C5146404609F075FC04463846002C0E
:1037F000D8D14046ECF7D4FD009BA8EB030808EBBA
:1038000000040294BBF1000F45D018EE100AECF74B
:10381000C7FD019A0646D9F80030821AD9F810106F
:103820000BFB0242501C059298478246002854D058
:103830003A683D460099012409F00AFD3B68CDE94C
:10384000037A0AEB030818EE107ADDF800A0CDF831
:103850000090DDF80490324639464046B04409F005
:10386000F7FC55F8042BA3454A440AEB02012AD081
:103870002868821A4046904409F0EAFC621CA3457D
:103880001446E8D8DDF80090DDE9037A0023059AB4
:103890000AF802300BE02046D9F80030D9F81010B1
:1038A00001309847824610B1009909F0C9FC3846AA
:1038B000D9F80430D9F810109847504607B0BDEC3D
:1038C000028BBDE8F08F029B4046DDF800909A1A0B
:1038D000DDE9037A09F0BCFCD8E74FF0000AE6E71F
:1038E0000CB430B583B006AB53F8042B0193E2B1AE
:1038F000B0FA80F4B1FA81F550EA010C4FEA5414A1
:103900004FEA551508D084B97DB909F051FA03B0D2
:10391000BDE8304002B070476146604609F048FAA1
:1039200003B0BDE8304002B0704709F0F9FB162241
:1039300003464FF0FF301A60E9E700BF70B5B2B13F
:10394000B0FA80F4B1FA81F550EA010C4FEA541450
:103950004FEA551505D054B94DB9BDE8704009F08E
:1039600027BA61466046BDE8704009F021BA09F007
:10397000D7FB162303604FF0FF3070BD84B070B5E5
:1039800082B0054607AC84E80E00B0B1ECF708FD44
:10399000421C079B06460B99104601929847044625
:1039A00028B1019A294609F053FC0023A35520466B
:1039B00002B0BDE8704004B070470446F7E700BFAE
:1039C00082B0F8B506AC054684E80C0088B14F1CFF
:1039D0000E460A9938469047044628B13A46294689
:1039E00009F036FC0023A3552046BDE8F84002B09C
:1039F00070470446F8E700BF0020014B186070478D
:103A0000B4A7012400285ED02DE9F0410C460168DE
:103A100082B0054629B1CB68A34206D91C460029CD
:103A2000F9D11F2002B0BDE8F0818B68A34246D0D7
:103A30000E6A002C33D0B4F1804F42D2A700D1F8E7
:103A40001880086832463946C047002839D02B68AC
:103A50003246394618605868C047002831D02D6872
:103A6000AB686860A34225D22A6800EB070C990076
:103A700002EB830E00EB8306E64503D202EB070C54
:103A8000664522D3E31A704600219A00019209F09C
:103A9000FAFA019A0021304609F0F5FA0AE04F6976
:103AA00008683146B8472B68314658681C60B847EB
:103AB0002D686C600020AC6002B0BDE8F081002091
:103AC000B0E70A20AEE70B2070470B1F18441344E1
:103AD000043A1744002243F8042FBB4240F8042F55
:103AE000F9D1E7E782B070B504AC84E80C0080B38C
:103AF000066804462EB11E252846BDE8704002B077
:103B0000704704A80D46FFF7F1FC10B3049B242076
:103B100008999847206010B30DF1100E00F1100CB9
:103B2000C0E90066C0E90266BEE80F00ACE80F001D
:103B3000DEF8003029462046CCF80030FFF762FF5F
:103B400005460028D8D0059B08992068984726602C
:103B5000D2E70B252846BDE8704002B070470A2521
:103B6000CAE700BF2DE9F04182B000283AD00468CE
:103B70000646002C32D0A3682BB3002522682F46BE
:103B800052F82500E0B1216AD4F814800191C047B1
:103B90000199D4E9003243F8257052F82500C04756
:103BA000E3686268013B42F825700135E3603468E0
:103BB000A3689D4207D2226852F825000028E2D16E
:103BC00001359D42DCD300213046FFF71BFF044640
:103BD00020B930684369016A98473460204602B0D2
:103BE000BDE8F0810B24204602B0BDE8F08100BFA3
:103BF00078B32DE9F84FD0F800B0BBF1000F1FD01B
:103C0000B1FA81F488466409D1B1DBF80870DBF8B9
:103C10000060AFB19146043E56F8045F4FEA840A53
:103C20000134284655B1ECF7BBFB02462946404615
:103C30004A4538BF4A4609F03BFA20B1A742EBD1CA
:103C40000020BDE8F88FDBF8043053F80A00BDE827
:103C5000F88F704700B370B584B004460120694600
:103C6000F8F75EF9DDE90031002912DB53EA0102C1
:103C7000029D01D1002D0CDB084E0020A3FB063273
:103C80005B1906FB012242EBE572C4E9003204B085
:103C900070BD022004B070BD0B20704700CA9A3B73
:103CA00000B370B584B0044600206946F8F738F9CF
:103CB000DDE90031002912DB53EA0102029D01D146
:103CC000002D0CDB084E0020A3FB06325B1906FB1F
:103CD000012242EBE572C4E9003204B070BD02205B
:103CE00004B070BD0B20704700CA9A3B0000000072
:103CF00010B50446103000F00FF800232046A360F2
:103D0000A364E3649FED027B84ED007B10BD00BFE4
:103D1000000000000000000010B504463822002119
:103D200009F0B1F904F1100001F06CFE4FF0FF331F
:103D30002046E36010BD00BF70B4059CDDE903655B
:103D40007AB173B1002E18BF002D0AD04CB1646B4C
:103D5000207400206562C4E90512C4E9073670BC0E
:103D600070470B2070BC70471F4B1A7B70B505461F
:103D7000ADF5247D0E4692B11C6884B1A068324630
:103D8000294600F5287002F0AFFB646880F001035B
:103D9000D8B20CB10028F1D10DF5247D70BD134BC4
:103DA00000211A7818698DF800225A689C90A39215
:103DB0005869DA689B689B926A469D9008469A9378
:103DC00001F0E0F80028E7D1324629469EA802F02B
:103DD000D7FB0446684602F053FB84F00103D8B2D7
:103DE0000DF5247D70BD00BFB0FE0124B8A70124ED
:103DF00070B528B1044600680D4601F0F1FD10B918
:103E00000124204670BD6368002BF9D0002DF7D047
:103E1000286801F0E5FD0028F2D06E68002EEFD092
:103E2000646832692069D0F8883300F52870196811
:103E300002F098FC02462069D0F89033D0F888133D
:103E400001F054FD20693269D0F8883300F52870FC
:103E5000196802F059F802462069D0F89033D0F87A
:103E6000881301F043FD03462846002B14BF0024AD
:103E7000022401F019FCC4E7014B1868704700BF29
:103E8000F400020884B0F0B583B009AD85E80E00F7
:103E900030B104462846FFF729FB08B1A6682EB1C9
:103EA0000B2003B0BDE8F04004B0704700220023AF
:103EB00004F1200CDFF898E06F46C4E90023204BA2
:103EC0001B68A3600FCDACE80F002B683846CCF818
:103ED0000030C4F81CE0E66001F094FD04F110032A
:103EE000032297E8030083E8030016481649267664
:103EF00001F01AFB134807F081F8F0B1134A836808
:103F00005168636310785961D1681874D961116977
:103F100019625169926859629A6104F05FFC08F075
:103F2000EDFD08F019FE636B98620028F9D00020BF
:103F300003B0BDE8F04004B070470120B1E700BF16
:103F4000F400020870FE012468A90124B8A7012426
:103F5000FCF50108002847D070B50D4649B104466C
:103F6000806820B1224B1968ECF7BAF9A8BBAB689E
:103F70001BB14FF00B0C604670BD23462A4604F17E
:103F80003006D3F800E0103353F80CCC103253F85D
:103F9000080C53F8041CB34242F810EC42F80CCC65
:103FA00042F8080C42F8041CEBD119685B68114810
:103FB0001160536007F022F898B183684FF0000C4D
:103FC0006B63656B03F1100410350FCD0FC495E8DA
:103FD000070084E80700604670BD4FF00C0C604697
:103FE00070BD4FF0010CC6E74FF00B0C60467047F8
:103FF000F400020870FE012410B58EB088B30446A8
:104000002030FFF773FA60B3A06820B11A4B19682B
:10401000ECF766F968BB194B196831B3626B01E0C4
:10402000496811B38B689A42FAD1144806F0F6FF3A
:104030006846FFF771FEEE46A4460024BEE80F0076
:10404000ACE80F00BEE80F00ACE80F00BEE80F00C0
:10405000ACE80F009EE803008CE8030020460EB099
:1040600010BD0B2420460EB010BD012420460EB01A
:1040700010BD0C24F2E700BFF400020870FE01241A
:104080002DE9F04383B0002800F0D3800E460029CC
:1040900000F0CF80436B0546002B00F0CA80784BC0
:1040A00080681F6828B13946ECF71AF9002840F0FB
:1040B000CA80744C4FF0000873497448D5E9002356
:1040C000B760C6E90023EB680122B36401F0CCF9C4
:1040D000204606226E4901F007FA6C4884F80D80EC
:1040E00006F08CFF002800F0A9808468686B04F15A
:1040F0001009416A90F810C0D0E906230191614689
:10410000006A0090484602F07DF94FF47A7204F597
:10411000805360496048C4E9E32204F55E72C4E953
:10412000E122C3F894850122C3F89885C3F89C85E1
:10413000C3F8A085C4E9DA78F46401F075F90622C1
:104140005649574801F050F906225649564801F0A1
:104150002BF901225549564801F0E6F8012255494C
:10416000554801F001F90C225449554801F09CF9D9
:1041700003225449544801F0D7F9042253495448C2
:1041800001F0F2F953495448042201F00DFA424675
:10419000696BF06C00F0F6FE0746002858D16B6B97
:1041A00004F5287504F522719A6A284602F060FC2D
:1041B00022464A49284602F07FFC3A4648492846AA
:1041C00002F076FC3A464749284602F079FC3A4626
:1041D0004549284602F078FCB4F89822042304F5F7
:1041E00065719200284602F0AFFCB4F898220423CF
:1041F00004F694319200C4F87403284602F07AFC65
:10420000C4F87803284602F099FC41F29431C4F8CE
:10421000800328462144B4F8982202F059FCC4F8DF
:104220007C03284603F072FAF8B1384603B0BDE8C3
:10423000F0830B27384603B0BDE8F08301273846EA
:1042400003B0BDE8F0830C27384603B0BDE8F08327
:10425000484602F015F921460C4806F0DFFE3846C4
:10426000C6F84C8003B0BDE8F083484602F008F978
:104270002146064806F0D2FEF7640127D5E700BFC5
:10428000F4000208C0FE012468B00124B0FE01243D
:1042900010C60124ECA9012480FE012490F701241A
:1042A000D0FE012490AA012490FE0124A0AF012495
:1042B000A0FE012420A8012410A80124A0FC0124B0
:1042C000E0FE012468A9012470FE0124F0FD012410
:1042D000F0FE0124E8A8012460FE012435AE0108A7
:1042E0002DAE0108CDAE010869AF0108174BC16CB6
:1042F00070B51C68054634B30026D4E90140026954
:104300008A4218D0002CF8D189B1D1F8883301F550
:1043100028709B78012B14BF0A21002103F0CEF9ED
:10432000E86C01F061F9E86C103002F0A9F80023A4
:104330003046EB6470BD183000F09CF8E96C06461E
:10434000002CDAD1E0E72646DEE700BF80FE01243C
:104350002DE9F04383B0002B64D0064638480F4661
:1043600090461D4606F04AFE00285BD08468EB6C40
:1043700004F12C0904F118052361FFF77DFDC4F851
:104380002090C4E906043046ECF70AF8421C3C2AA7
:1043900040D8484604F16809314608F059FF3846CC
:1043A000C4F82490EBF7FCFF421C3C2A32D8394673
:1043B000484608F04DFF2369012103F58053B3F807
:1043C00094054218A3F8942502F05EF860613B78EA
:1043D0002F2B2CD17B7853BB33461A4A3C211A48E9
:1043E00008F04AFB206906211FFA88F3D0F88423DD
:1043F00000F528700191144900911168626901F07B
:10440000CFFD02462069D0F88C33D0F8841301F038
:104410006DFA18B92846002501F0ECF8284603B0DB
:10442000BDE8F0830025284603B0BDE8F0833B4695
:10443000064A3C210096044808F01EFBD2E700BF64
:1044400080FE012440F70108D4A701240CF60108DE
:104450008C461146BCF1000F0AD09CF800303BB1ED
:1044600032B1137823B10346826C6046FFF770BF08
:1044700000207047F8B528B30746006820B1374BD5
:104480001968EBF72DFFE8B97D68DDB1344B1C6886
:10449000002C60D00026D4E90141D1F880309D4243
:1044A00013D0002CF7D12F4B1C68C4B1D4E90141C3
:1044B0000B6A9D42F9D17C31384600F0ADFC0128F1
:1044C0000646F2D101263046F8BD8431384600F068
:1044D000B1F901280646F5D0002CDCD1E3E7224BE8
:1044E0001C686CB1D4E901418B6F9D42F9D17C31DC
:1044F000384600F043FB01280646E3D0002CF1D1FA
:104500001A4B1C686CB1D4E901418B6F9D42F9D103
:104510007C313846FFF76CFC01280646D2D0002CCF
:10452000F1D128696A69D0F8883300F528701968D4
:1045300001F0EAFC02462869D0F88813D0F89033DD
:1045400001F0D4F903463846002B08BF022601F0DB
:1045500051F83046F8BD2646A5E700BFF400020832
:1045600090FE0124D0FE0124A0FE012410A8012405
:104570004368186900F55A70704700BFC96F02F0B0
:10458000D5BE00BF002853D070B50D468EB00029AF
:104590004BD00446006801F023FA002845D0666835
:1045A000002E42D0B469284623699847F3690590E4
:1045B00013B105A898470598D6F880301B6900907C
:1045C00003F52870726906ABB16F04F0A7F9D8B192
:1045D000A36806A928469847336A04460BB106A883
:1045E000984796F87A30012BD6F8803022D0186997
:1045F000F16F00F5287002F099FE2040C4B284F0FB
:104600000100C0B20EB070BDD6F880301869059BAD
:10461000029600F528700093094B019306AB72696E
:10462000B16F04F0ABF90028D2D101200EB070BDFB
:1046300001207047186900F5287002F0BDFADEE726
:104640007D4501082DE9F04F87B0002800F0D280A9
:104650000E46002900F0CE800446006815461F462D
:1046600001F0BEF980F00100C0B2002840F0C28025
:10467000002D00F0BF802B78002B00F0BB80002FB6
:1046800000F0B8805E48D4F8049006F0B7FC00282B
:1046900000F0B080846804F19C0AC4F88840FFF7F9
:1046A000EBFBC4F88400C4F88CA02846EBF778FE36
:1046B000013004F184083C2800F28F802B46514AD7
:1046C0003C21504608F0D8F94FF47A73394650220D
:1046D000E36704F12800C4F8809008F0B9FD3B7A44
:1046E00030464949022BD9F810300CBFD3F87C333F
:1046F000D3F87833A3670023C4E9073301F084FBC0
:1047000000286AD04268A261002A66D029463B464A
:10471000484606F0C1FC6062002862D0D9F810302B
:104720000321062503F58053B3F89805421CA3F82E
:10473000982501F0A9FED4F88020D9F81030206126
:10474000D3F884331069009500F528701968226940
:10475000D9F8143001F08CFC0246D9F81000D0F8DA
:104760008C33D0F8841301F0C1F8B0B3D9F810300D
:1047700005210DF1100A03F58053B3F89A05421C88
:10478000A3F89A2501F080FED4F8803039466061A4
:104790001E695046D9F81030D4F824B006F52876B2
:1047A000D3F8847301F0BEF803959AE803000190F2
:1047B0003046ADF80810DBF8103000933968D4E9C2
:1047C000043201F0B5FC0246D9F81000D0F88C3361
:1047D000D0F8841301F08AF870B9606A08B100F06B
:1047E00079FF40464FF0000800F01CFF404607B03C
:1047F000BDE8F08F4FF00008404607B0BDE8F08FED
:1048000090FE012440F70108F4F4010878B110B5D6
:10481000B1FA81F4640941B143685022084603F1BA
:10482000280108F015FD204610BD0B2010BD0B20FF
:10483000704700BF2DE9F04128B1044600680D46DD
:1048400001F0CEF818B901242046BDE8F081636874
:10485000002BF8D0B5FA85F46409002DF3D0286850
:1048600001F0BEF80028EED06E68002EEBD0706A22
:10487000D6F8807006F060FCD6F88030726918694E
:10488000D0F8883300F52870196801F03DFBD6F8A0
:104890008030804632691869D0F8883300F5287076
:1048A000196801F031FB064638694246D0F890336A
:1048B000D0F8881301F01AF83F6932460646D7F857
:1048C00090333846D7F8881301F010F826B118B1A4
:1048D000284600F0A7FEB7E70224F9E72DE9F043E8
:1048E000044600688BB00E46154628B1214B196866
:1048F000EBF7F6FC002839D1646800276369D4F827
:1049000078809B689847D0F804903046D9F81030EA
:104910009847D8F81030009003F52870226902AB50
:10492000216F03F0FBFFC5E9000798B1D9F8083003
:1049300002A93046984794F87230D8F81000012B3D
:104940000CD0616F00F5287002F0F0FC38460BB017
:10495000BDE8F08301200BB0BDE8F08300F52870BE
:1049600002F02AF938460BB0BDE8F0830C200BB0FA
:10497000BDE8F083F40002082DE9F0430546006825
:1049800089B00C4690461E4628B1284B1968EBF7B3
:10499000A7FC002846D10EB100233370D5F804904F
:1049A00000F026FF484600F0FBFE0746B0B38568DE
:1049B000D5F83828D5F83C38C4E9083295F83738A6
:1049C0002374B5F8342895F83638A4F81120E37428
:1049D000D5F82818D5F82C28D5F830386161A261AF
:1049E000E361D9F814309B6898474468D5F81028DB
:1049F00005F110016846FBF733FC4146E368684661
:104A00009847394604460A4806F008FB06B1347058
:104A100084F00100C0B209B0BDE8F083012009B004
:104A2000BDE8F0830C2009B0BDE8F083F400020873
:104A3000C0FE0124F0B50546006891B00C4616464C
:104A400028B1294B1968EBF74BFC002841D16D6860
:104A5000A1686068AF6FD4E90432079323460692D9
:104A600013F8012B9B788DF817208DF81630B4F8C9
:104A70000130E268ADF8143002AB6C6907C3E3683B
:104A80009847446830462369984700F1180338690D
:104A9000009308AB00F528702A69296F03F03EFFE8
:104AA00010B9012011B0F0BD02A908A805F092F8D4
:104AB000A36808A93046984795F872303869012BE9
:104AC0000AD0696F00F5287002F030FC002011B0A8
:104AD000F0BD0C2011B0F0BD00F5287002F06CF8AC
:104AE000002011B0F0BD00BFF40002082DE9F04134
:104AF0000446006888B00F4690461D4620B11D4B05
:104B00001968EBF7EDFB68BB0DB100232B706468EF
:104B100000F06EFE204600F043FE064630B36369A7
:104B20008468DB6804F5036252E90201C7E9080101
:104B300098474768D4F8102804F110016846FBF73D
:104B40008FFB4146FB6868469847314604460A4851
:104B500006F064FA05B12C7084F00100C0B208B010
:104B6000BDE8F0810C2008B0BDE8F081012008B05C
:104B7000BDE8F081F4000208C0FE012470B528B140
:104B8000044600680D4600F02BFF10B901242046B2
:104B900070BD6368002BF9D0002DF7D0286800F0B5
:104BA0001FFF0028F2D06E68002EEFD064683269D3
:104BB0002069D0F8883300F52870196801F0D2FD1B
:104BC00002462069D0F89033D0F8881300F08EFEAA
:104BD00020693269D0F8883300F52870196801F02F
:104BE00093F902462069D0F89033D0F8881300F08A
:104BF0007DFE03462846002B14BF0024022400F04B
:104C00003DFDC4E72DE9F04F8DB0002900F0D880BC
:104C10000446002800F0D48000680E4615461F4662
:104C200000F0DEFE80F00100C0B2002840F0C88035
:104C3000002D00F0C5802B78002B00F0C180002FE4
:104C400000F0BE806748D4F8049006F0D7F9044617
:104C5000002800F0B680D0F8088008F1980AC8F85B
:104C60008080FFF709F9C8F87C00C8F884A02846BE
:104C7000EBF796FB013008F17C043C2800F2A5809C
:104C80002B46594A3C21504607F0F6FE3946502241
:104C900008F12800C8F8209008F0DAFA30465349A5
:104CA00001F0B2F8002800F090804268C8F818209F
:104CB000002A00F08A8029463B46484606F0ECF977
:104CC000C8F81C00002800F08580D9F810300421B5
:104CD000062503F58053B3F89C05421CA3F89C25D8
:104CE00001F0D2FBC8F81000D9F81000D0F88433D6
:104CF00000F5287000951968D8F81020D9F81430FC
:104D000001F0E6F90246D9F81000D0F88C33D0F85B
:104D1000841300F0EBFD002857D0D9F81030294655
:104D200008AE03F58053B3F89E05421CA3F89E25F8
:104D300001F0AAFBD9F810A0D8F81C303946C8F801
:104D400014003046DAF884B3059300F0EBFD0395C8
:104D5000059B96E8030001900AF52870ADF808104D
:104D60001B690093DBF80010D8E9043201F056FA11
:104D70000246D9F81000D0F88C33D0F8841300F034
:104D8000B5FD10B33B7A4FF6FF72D9F81000022B35
:104D90000A92D0F884134FF0000208BFD0F8803395
:104DA00000F5287018BFD0F8D4300B9207930AABE7
:104DB0000093079BD8F81420096801F099FC00E0E3
:104DC000002420460DB0BDE8F08FD8F81C0008B1D3
:104DD00000F080FC2046002400F03AFC20460DB094
:104DE000BDE8F08FD0FE012440F70108F4F401087B
:104DF00078B110B5B1FA81F4640941B14368502229
:104E0000084603F1280108F023FA204610BD0B20C4
:104E100010BD0B20704700BF2DE9F04128B10446BA
:104E200000680D4600F0DCFD18B901242046BDE8FD
:104E3000F0816368002BF8D0B5FA85F46409002D81
:104E4000F3D0286800F0CCFD0028EED06E68002E6C
:104E5000EBD0376A72693869D0F8883300F528706A
:104E6000196801F07FFC02463869D0F89033D0F819
:104E7000881300F03BFDF06906F05EF9336A726951
:104E80001869D0F8883300F52870196801F03CF8EB
:104E9000336A804632691869D0F8883300F5287083
:104EA000196801F031F8064638694246D0F8903367
:104EB000D0F8881300F01AFD3F6932460646D7F84D
:104EC00090333846D7F8881300F010FD26B118B19A
:104ED000284600F0BDFBA9E70224F9E7F0B5044637
:104EE000006889B00F46154628B1244B1968EBF7C6
:104EF000F7F900283ED105B3002364682B7000F059
:104F000077FC204600F04CFC0646F0B1816868460C
:104F1000D1F810281031FBF7A3F9A3693946684688
:104F2000DB68984704463146154806F077F82C7040
:104F300084F00100C0B209B0F0BD646800F058FC14
:104F4000204600F02DFC054610B9012009B0F0BD47
:104F5000A9686846D1F810281031FBF781F9A369D8
:104F600039466846DB68984729460446044806F0F7
:104F700055F8DDE70C2009B0F0BD00BFF4000208D1
:104F8000C0FE012408B508B100F1100239B1496929
:104F9000104601F041FA80F00100C0B208BD044B98
:104FA0001046596801F038FA80F00100C0B208BD1F
:104FB000B8A701242DE9F043984640EA010389B0DF
:104FC00048EA0303129C134300F0068105460E468F
:104FD00091466CB1A64B04AF0FCB87E80F008DE86C
:104FE0000F0094E80F0000F031FD002800F00B8165
:104FF0004FF0FF3700F0FCFB9E4B1C684CB1234682
:105000000021D3E9013202F5805282F8A415002B69
:10501000F7D1B9F1000F11D0D9F8001071B1D9F85A
:1050200004C0002301205CF823200133926F9942D1
:10503000126902F5805282F8A405F4D1B8F1000F8C
:1050400011D0D8F8001071B1D8F804C000230120A5
:105050005CF823200133926F9942126902F5805265
:1050600082F8A405F4D185B1296871B1D5F804C0DE
:10507000002301205CF823200133126A994212694F
:1050800002F5805282F8A405F4D144B322460023ED
:10509000D2E9012101F5805191F8A4150B44DBB24E
:1050A000002AF5D1002B5FD07A1C0DD007EE907A44
:1050B000F8EEE76A07EE903AF8EE677A86EEA77A9E
:1050C000FDEEC77A17EE907AA06800F5805393F84A
:1050D000A435002B40F08D806468002CF4D1B9F128
:1050E000000F00F0A180D9F80070002F00F0A4801C
:1050F00000242746D9F8043053F8240000F050FB70
:1051000000283BD00134D9F800300127A342F1D860
:105110000127B8F1000F10D0D8F800306BB100248F
:10512000D8F8043053F8240000F03AFB70B301348F
:10513000D8F800300127A342F2D8002D35D02B68D3
:105140009BB300246B6853F8240000F029FB28B3BC
:1051500001342B680127A342F4D8002E3CD03468D8
:10516000002C39D0012723E0A068002100F5287029
:1051700002F0A2F86468002CF6D1B0E7D9E9003259
:1051800042F824000134A342B4D8C2E7D8E900327F
:1051900042F8240001349C42C2D3CEE7D5E9003264
:1051A00042F824000134A342CCD8A6B1346894B1AB
:1051B00000231D4604E040F823200133A3420AD017
:1051C000706850F823100A7C002AF4D00133174687
:1051D0000D74A342F4D147B1002009B0BDE8F083BB
:1051E0001EB134682F46002CE2D1022009B0BDE880
:1051F000F083394600F5287002F078F86468002CD6
:105200007FF462AF6BE794E80F0000F075FC0023B9
:10521000194AEBF71DF9B0F1004F074671F1000391
:10522000A8BF6FF00047E5E6B8F1000F0FD0D8F83F
:10523000003093B14F4672E7B8F1000F07D0D8F8AD
:105240000030002B7FF46BAF55B11F4677E7002D80
:10525000C6D02B6843B1474673E70DB14F466EE7A2
:105260002F46002EA2D1C0E74746002E9ED1BCE7B4
:1052700008F30108B0FE012440420F0008B50348BE
:1052800005F0BCFE08B18068103008BDF0FE0124B6
:1052900008B5084B196811B90AE0496841B18B6833
:1052A00010339842F9D1034805F0B8FE002008BD3C
:1052B000012008BDF0FE0124034B186810B183687B
:1052C00093F84003704700BFB0FE0124054B1B68F4
:1052D00023B1986800F5287001F052BC002000212D
:1052E000704700BFB0FE0124054B1B6823B19868CE
:1052F00000F5287001F056BC00200021704700BF67
:10530000B0FE012408B5074B1B684BB101469868F5
:1053100000F5287002F084F880F00100C0B208BDEA
:10532000012008BDB0FE0124E2B12DE9F041057B6A
:105330000646ADB9C82317460C46A846836040F21E
:105340000113C0E90055838101352146304605F03F
:1053500065FEAF42A46004F1C80404F8BC8CF3D12C
:10536000BDE8F081704700BFE2B12DE9F041057B57
:105370000646ADB9C82317460C46A846836040F2DE
:105380000113C0E90055838101352146304605F0FF
:1053900045FEAF42A46004F1C80404F8BC8CF3D10C
:1053A000BDE8F081704700BFE2B12DE9F041057B17
:1053B0000646ADB9D82317460C46A846836040F28E
:1053C0000113C0E90055838101352146304605F0BF
:1053D00025FEAF42A46004F1D80404F8CC8CF3D1CC
:1053E000BDE8F081704700BFE2B12DE9F041057BD7
:1053F0000646ADB9D82317460C46A846836040F24E
:105400000113C0E90055838101352146304605F07E
:1054100005FEAF42A46004F1D80404F8CC8CF3D1AB
:10542000BDE8F081704700BFE2B12DE9F041057B96
:105430000646ADB9A42317460C46A846836040F241
:105440000113C0E90055838101352146304605F03E
:10545000E5FDAF42A46004F1A40404F8988CF3D1F4
:10546000BDE8F081704700BFEAB12DE9F843057B44
:105470000646B5B941F2A85840F2011317460C464A
:10548000A946C0F808808381C0E90055013521464E
:10549000304605F0C3FDAF42A46084F80C9044444C
:1054A000F4D1BDE8F8837047E2B12DE9F041057B06
:1054B0000646ADB91C2317460C46A846836040F249
:1054C0000113C0E90055838101352146304605F0BE
:1054D000A5FDAF42A46004F11C0404F8108CF3D1C4
:1054E000BDE8F081704700BFEAB12DE9F041057BCE
:1054F0000646B5B94FF4046317460C46A8468360C8
:1055000040F20113C0E90055838101352146304640
:1055100005F084FDAF42A46084F80C8004F50464B7
:10552000F3D1BDE8F0817047E2B12DE9F041057B90
:105530000646ADB92C2317460C46A846836040F2B8
:105540000113C0E90055838101352146304605F03D
:1055500065FDAF42A46004F12C0404F8208CF3D163
:10556000BDE8F081704700BFE2B12DE9F041057B55
:105570000646ADB91C2317460C46A846836040F288
:105580000113C0E90055838101352146304605F0FD
:1055900045FDAF42A46004F11C0404F8108CF3D163
:1055A000BDE8F081704700BFE2B12DE9F041057B15
:1055B0000646ADB9202317460C46A846836040F244
:1055C0000113C0E90055838101352146304605F0BD
:1055D00025FDAF42A46004F1200404F8148CF3D13B
:1055E000BDE8F081704700BF0146014805F016BDD7
:1055F000B0FE012438B50446006828B1074B19688D
:10560000EAF76EFE40B92060616829B100250448C0
:105610000D6105F003FD656038BD00BFF4000208B0
:1056200080FE012410B50446006828B1064B1968B5
:10563000EAF756FE38B92060616821B1034805F0E9
:10564000EDFC0023636010BDF400020890FE01240D
:1056500010B50446006828B1064B1968EAF740FE09
:1056600038B92060616821B1034805F0D7FC0023F8
:10567000636010BDF4000208D0FE012410B504469A
:10568000006828B1064B1968EAF72AFE38B920608D
:10569000616821B1034805F0C1FC0023636010BDBF
:1056A000F4000208A0FE012410B50446006828B1E9
:1056B000064B1968EAF714FE38B92060616821B119
:1056C000034805F0ABFC0023636010BDF400020842
:1056D00010A8012410B504460348214605F09EFC9D
:1056E0000023A36110BD00BFE0FE012482B02B495E
:1056F00030B50D6803AC84E80C001C46002D4BD07F
:105700002B4600219A685B68D2F81428904208BFA3
:105710000131002BF6D19DF80C30022B29D020D876
:105720008C4228D8B4FA84F2520924B3DDB14FF088
:10573000FF3C6FF0004401E06D68ADB1AB68D3F899
:1057400014188842F8D1D3F8181803F5026361459C
:1057500053F8043C73EB040EEEDA8C461C462A46E2
:10576000EAE7032BDCD000221046BDE8304002B04F
:1057700070478C4205D90948BDE8304002B005F0B9
:105780003DBCB4FA84F25209002CEDD10348BDE8C7
:10579000304002B005F032BC2946BCE7C0FE01240F
:1057A000124B1B6830B5F3B14FF0FF3E6FF0004C69
:1057B000002401E05B68A3B19A68D2F8141888420B
:1057C000F8D1D2F8181802F50262714552F8042C8B
:1057D00072EB0C05EEDA1C465B688E469446002B95
:1057E000EAD1204630BD1C46204630BDC0FE012413
:1057F0003D4B2DE9F04F1F682DED068B8DB0FFF767
:1058000073FD002F5DD0B84681468A4604ACD8F8B7
:10581000085095F82038042B9FED2D8B9FED2EAB73
:105820009FED2F9B3FD0052B44D0032B3BD08DED1C
:10583000048B8DED06AB08AB8DED088B8DED0A8BDF
:105840000FCB8DE80F0094E80F0000F0FFF818B1BF
:105850008DED049B8DED068BD5F8186805F5026576
:1058600055F8047CD8F804B094E80F0000F044F92F
:10587000301847EB0101484571EB0A0305DB55E998
:10588000022391457AEB030303DA4146164805F0FB
:10589000C5FBBBF1000F14D0D846D8F8085095F8D6
:1058A0002038042BBFD1D5F8143840330FCB84E80F
:1058B0000F00C0E7D5F8143848330FCB84E80F0049
:1058C000B9E70DB0BDEC068BBDE8F08FAFF30080FB
:1058D00000000000000000000100000000000000C7
:1058E0001E00000000000000C0FE012410B58C78EE
:1058F00086B0012CADF80E200CD0012419460DF114
:105900000E020DF11703009400F5287001F032FD2E
:1059100006B010BD00F5287001F04EF9204606B023
:1059200010BD00BF4A7A91F808C0022A18BF0022B1
:105930000270ACF10202B2FA82F2520942700A78A5
:105940008988A2F102028180B2FA82F25209827041
:10595000704700BF002330B50B7087B00368144652
:10596000BBB10E4A1546009503920D4D426808469C
:105970000C4904920591029121460B4A019507F0CA
:105980007BF80028A8BF8442CCBF0120002007B0CC
:1059900030BD064B014A1D46E5E700BF30F7010860
:1059A00048F7010844F7010834F7010854F80108E2
:1059B00030B5144683B00546074B084A08460095A3
:1059C000214607F059F80028A8BF8442CCBF012027
:1059D000002003B030BD00BFE0FD010804F601085F
:1059E00010B5044640B1FEF747FA01462046EAF7F3
:1059F00077FCB0FA80F0400910BD00BF00220260C1
:105A0000027170470022027042607047B0B138B531
:105A1000044608460D46FDF769FD68B1206820B1CF
:105A20006B682969984700232360201D05F0D4F98D
:105A3000003818BF012038BD0B2038BD0B2070473F
:105A40000022C0E900228260704700BFF0B484B039
:105A500004AC04E90F0003462549019D1046994214
:105A60004FF00202039EAA4130D3224C6FF0004156
:105A7000A3FB043204FB0522DD438C1A8542B441AA
:105A800032D310EB030C42EB0601194802220A9DA7
:105A90000B9FDDE908369842B2411CD3154C6FF0DC
:105AA0000040A3FB043204FB0622DE43841AAE420C
:105AB000BC4115D35B1942EB07028A4208BF63451C
:105AC0000CBF0120002004B0F0BC70474FF0FF3C39
:105AD0006FF00041D9E74FF0FF336FF00042ECE781
:105AE0004FF0FF330246E8E74FF0FF3CCDE700BF41
:105AF000047DC12500CA9A3B70B485B004AC04E9AA
:105B00000F0003461349019D104699424FF00202CF
:105B1000039EAA4111D3104C6FF00041A3FB043245
:105B200004FB0522DD438C1A8542B4410CD31818BE
:105B300042EB060105B070BC70474FF0FF306FF0CC
:105B4000004105B070BC70474FF0FF3005B070BC2D
:105B5000704700BF047DC12500CA9A3B10B50446BA
:105B60004022002107F08FFA204610BD00285DD0AA
:105B70002DE9F0410D4600295AD004461646EAF7B1
:105B80000FFC50B123782F2B0ED002232B6046B18F
:105B9000002318463360BDE8F08101232B60002EFE
:105BA000F6D10020BDE8F081431EE25C2F2A41D0EF
:105BB000621EC4F1010E02EB00080EEB020712F8A0
:105BC000013F23F02001A3F12F0C413919290FD9EE
:105BD000BCF10A0F0CD9A3F15F03B3FA83F35B099D
:105BE00033B904222A60002EDBD018463760D2E792
:105BF0004245E2D101231A4F04E0984204F1010426
:105C000013461CD9984203F10102F6D021782F29BE
:105C1000F3D161782F291ED0C95D4907EDD5062241
:105C20002A60002EBDD000203360B4E70B207047FF
:105C30000B20B0E703222A60002EF4D1B1E7F72849
:105C400003D8002318462B60A5E707232B60002EFE
:105C5000A7D0F623E7E705222A60002EE3D1A0E7CC
:105C6000C2020208002843D070B51446C2B02AB35D
:105C700001290D461E4602D103782F2B12D001AA0E
:105C80006946FFF773FF80B9009A4AB1072A07D027
:105C9000531E052B2ED8DFE803F01C1F22252814E5
:105CA000F52D04D800231846236042B070BD0723A9
:105CB0002360002EF9D0F4233360F6E70B2042B0C6
:105CC00070BD06232360002EEFD0019B336042B0ED
:105CD00070BD01232360F6E702232360F3E703236B
:105CE0002360F0E704232360EDE705232360EAE760
:105CF0000B20704713464FF48071034A02A8FDF74A
:105D0000EFFD0120D1E700BF4CF7010868B170B585
:105D10000D4616460446EAF743FB334601462A463B
:105D20002046BDE87040FFF79DBF0B20704700BFC5
:105D3000072803D8024B53F82000704701487047EA
:105D4000E4FD01089CF70108002842D02DE9F0414C
:105D50000D4600293FD004461646EAF721FB10B352
:105D6000631EC4F1010103EB0008CF1813F801EF23
:105D7000AEF130022EF0200C092AACF1410C05D90D
:105D8000BCF1190F02D9BEF15F0F14D19845ECD1C7
:105D90002278164BD35C13F0040313D1FF281CD8D0
:105DA00018462B600CE001232B607EB100231846BF
:105DB0003360BDE8F08102232B603EB100203760E4
:105DC000BDE8F08103232B60002EEFD10020BDE859
:105DD000F0810B2070470B20F2E704222A60002E8E
:105DE000F4D0FE2218463260EAE700BFC202020881
:105DF000042803D8024B53F820007047014870472D
:105E000004FE010844F901088368184710B50446E8
:105E10000068EAF765FA00280CBF2046002010BD94
:105E20002DE9F041056804460E462846EAF758FA7F
:105E3000C8B1114B1B689D4212D1D4F80480D8F828
:105E400000406CB1D8F808500027043D314655F8A1
:105E5000040FEAF745FABB0040B10137BC42F5D167
:105E60000020BDE8F0812046BDE8F081D8F8102080
:105E7000BDE8F041D35818476C030024044B1A685E
:105E80000AB103487047034A014812681A60704714
:105E90007C0300246C030024024A034B12681A603E
:105EA000704700BF6C0300247C0300240421002001
:105EB00008B5FAF7D9F9043008BD00BF09B1FAF7FF
:105EC000EBB80846704700BF38B108B50B4604214F
:105ED0001846FAF7C9F9043008BD70470A4618B1E8
:105EE00001681046FAF740B8704700BF30B104218E
:105EF000002008B5FAF7B8F9043008BD704700BFB4
:105F0000004870478803002410B500238EB0044673
:105F10000391CDE9013203230422009306AB01F083
:105F2000D3FC18B9044620460EB010BD029905AA4C
:105F3000204601F005FE044605A906A803F0ECFC86
:105F400020460EB010BD00BFC2F3074C10B5BCF127
:105F5000010F8CB0044602920CBF03F00102002234
:105F60000E3303919DF838101A4404AB01910121BE
:105F700092B20091039901F0A7FC18B9044620469B
:105F80000CB010BD029920460F9A01F0D9FD0446CD
:105F90000F9904A803F004FC20460CB010BD00BF0C
:105FA00070B5ADF5167D054611ACADF8543203233E
:105FB0009DF86C62CDE902212372002301228DF845
:105FC00014309A9B2271CBB18DF81C2008934FF4AA
:105FD000007215A909A8FAF743F905A909A802F062
:105FE000C9FF0D9B009628460194E3609BB2DDE952
:105FF0000221FFF7A9FF0DF5167D70BD8DF81C304D
:10600000E5E700BF70B5ADF5187D0546184605916A
:1060100097A99DF8786213ACCDE9033202238DF87D
:10602000503000F053FA9C9B4FF4007217A90BA854
:1060300006939D9B0A9303238DF8543001238DF81A
:10604000243000238DF81C30FAF70AF906A90BA8B2
:1060500002F0B2FF0F9B2846009616939BB2019464
:10606000DDE90421FFF770FF0DF5187D70BD00BF5D
:10607000F0B5ADF28C4D032605461846059192A960
:106080009DF8A0740EAC8DF83C60CDE9033200F0B1
:106090001DFA00234FF4007212A906A88DF84C32A5
:1060A0008DF854328DF84060FAF7DAF893A906A813
:1060B00003F036F80A9B2846009711939BB201948F
:1060C000DDE90421FFF740FF0DF28C4DF0BD00BF6C
:1060D00070B5ADF5916D05461846059192A99DF8EC
:1060E00098640EACCDE9033204238DF83C3000F007
:1060F000EDF900234FF4007212A906A88DF84C3276
:106100008DF8543203238DF84030FAF7A9F893A99B
:1061100006A803F0B5F80A9B2846009611939BB297
:106120000194DDE90421FFF70FFF0DF5916D70BDBE
:106130002DE9F041ADF5227D0646184603271DAC3A
:10614000BDF8A8520591A1A99DF8AC82CDE9033212
:106150000523237100F0BAF90EA9A898277200F060
:10616000B5F90023ADF84450003D9DF8A5228DF807
:10617000643018BF01258DF846308DF84C308DF80D
:106180005430ADF8403001238DF842508DF83A304C
:106190008ABB4FF0230E4FF0130C0B252122112147
:1061A0000920ADF840309DF8A63223B97246614609
:1061B0002846ADF840709DF8A432012B25D0032B62
:1061C00029D02BB34FF4007221A906A8FAF748F89A
:1061D0000EA906A803F006F90A9BCDF80080304608
:1061E0000194E3609BB2DDE90421FFF7ADFE0DF5FC
:1061F000227DBDE8F0814FF0220E4FF0120C0A25EF
:106200002022102108200227CDE7ADF84010D9E761
:10621000ADF84000D6E7ADF84020D3E72DE9F041D6
:10622000ADF5247D0646184603271FACBDF8B052D5
:106230000591A3A99DF8B482CDE903320623237109
:1062400000F044F90EA9AA98277200F03FF9002344
:10625000ADF84450003D9DF8AD228DF8703018BF68
:1062600001258DF864308DF846308DF84C308DF86E
:106270005430ADF8403001238DF842508DF83A305B
:106280008ABB4FF0230E4FF0130C0B252122112156
:106290000920ADF840309DF8AE3223B97246614610
:1062A0002846ADF840709DF8AC32012B25D0032B69
:1062B00029D02BB34FF4007223A906A8F9F7D0FF19
:1062C0000EA906A803F052F80A9BCDF800803046CC
:1062D0000194E3609BB2DDE90421FFF735FE0DF583
:1062E000247DBDE8F0814FF0220E4FF0120C0A25FC
:1062F0002022102108200227CDE7ADF84010D9E771
:10630000ADF84000D6E7ADF84020D3E7014B187850
:10631000704700BF00FF01242DE9F04F934689B07C
:10632000002204468A4605938DF81E2090F800222C
:1063300022B300F202290DF11F0805AF0DF11E0670
:106340004FF4007502E0059B002B0FDDD4F87412AA
:10635000234622464846CDE90278CDE9005601F0B1
:1063600005FE0028EFD09DF81E30B3B10F4B002082
:106370009DF81F201A7009B0BDE8F08F0DF11F02C3
:10638000014600924FF40072D0F87452A8470028DA
:10639000ECD09DF81E30002BE8D1CBF80000012096
:1063A000CAF8004009B0BDE8F08F00BF00FF01242B
:1063B00030B590F8005287B0144695B9D0F87052B5
:1063C0000DF11703A847031E18BF0123A04218BFF1
:1063D00000231BB90A4A9DF817101170184607B020
:1063E00030BD0B4600220DF117010094CDE90121CB
:1063F0000246D0F8701200F2022001F0D9FBE2E769
:1064000000FF012480F800120199C0E99A23009B43
:10641000C0E99C31704700BF38B5D0F8683203B38B
:10642000D0F86C220446E2B1D0F87022CAB1D0F89C
:106430007422B2B1C0F88C129847054688B194F81E
:1064400000328BB90B4B28460B490C4AC4F88032FA
:106450004FF40073C4F88422A4F88832C4E99E4142
:1064600038BD0025284638BD002104F2022001F085
:1064700099FBE7E719630108B16301080D6301089F
:10648000D0F86C32184700BF82B000238DF8061098
:1064900060F30F03BDF8062062F31F43184602B0F5
:1064A000704700BF437882B0017800201A0903F0DA
:1064B0000F0302EB01128DF80630BDF8063062F3CF
:1064C0000F0063F31F4002B0704700BF0246C0F3E5
:1064D000034382B0C2F30B1C03EB021081F800C02F
:1064E000487002B0704700BF2DE9F043174691B0E5
:1064F00010220646884608A80DEB02010025F9F790
:10650000AFFE1E4B02242A461B8808A80095ADF852
:106510000A304FF420633178ADF808302B460394ED
:1065200002F0F6FA21462B46082208A802F0F4F8F9
:10653000044602A908A803F0C3F904B118B9002061
:1065400011B0BDE8F08308A8F9F7B8FE81460DE068
:10655000336FD3E90004A04704464146304600F0BB
:10656000B3FF04EA000C1CF0FF00E9D1AF424A4639
:1065700004A905F10105EBD1E1E700BF18F301081B
:106580002DE9F04F2DED028BD3B006468A4600244C
:106590000CA910A805921022F9F762FE534B0225B0
:1065A00022461B88802110A80094ADF882304FF459
:1065B00020632195ADF88030234602F0A9FA2346E6
:1065C0002946082210A802F0A7F8814620A910A8A1
:1065D00003F076F909EA000010F0FF0907D14FF047
:1065E000000B584653B0BDEC028BBDE8F08F10A8ED
:1065F0000494F9F763FE08EE100ADDE904239342E0
:10660000EDD018EE102A0CA955464FF00008D6E937
:106610000003984702F0C6F803900BE002F0C2F8BE
:10662000039BC01A2D1A02F0BDF80390002D30DD37
:10663000002F2ED0534609AA08A93068B4684F46E7
:10664000CDF82080A04783460028E7D018A8DDE9D0
:106650000812F9F705FE07AB0DF1190218A90AA8EF
:10666000CDE90A8801F024FAC822002120A806F00A
:106670000AFD18A8F9F726FE042816D89DF835312A
:10668000002B13BF4FF0010B4FF0000B0127002729
:10669000C4E7049B01330493BBF1000FADD058460F
:1066A00053B0BDEC028BBDE8F08F0DF11E030DF170
:1066B0001B020DF11A0118A88DF81A80ADF81E8082
:1066C0008DF81B8002F076FA18A8F9F7FBFDBDF8EB
:1066D0001E309842D2D39DF81A30062BCED118A97D
:1066E00020A88DF8358100F0DBFAC7E718F3010820
:1066F00030B595B00446189D0393002D8DF81C30DD
:10670000CDE904214FF0000214BF012111468DF89C
:106710001D208DF81E208DF8241021D06B681022CA
:106720002968CDF82A30CDF826100823002120460C
:10673000CDE900310CAB059901F0C6F818B9044653
:10674000204615B030BD049906AA204601F0F8F99C
:10675000044606A90CA803F089F9204615B030BDFF
:106760000822E2E710B5002394B004460592019395
:10677000ADF81C308DF81E30CDF82630CDF82A301B
:106780000823CDE90221012200930CAB8DF82420CF
:10679000102201F099F818B90446204614B010BD33
:1067A000059906AA204601F0CBF9044606A90CA8D3
:1067B00003F05CF9204614B010BD00BF2DE9F04392
:1067C00095B0BDF8787013B115B0BDE8F0830646FA
:1067D0001C980C461546049099461D989DF87680A5
:1067E00005900CA8D1E90121521AF9F739FD0CA83E
:1067F000D4E90612F9F708FDE2699AB1B8F1070F7A
:1068000082F8149040D0B8F1080F2ED0B8F1060FDE
:1068100011D00123137529462046F9F775FD15B0EF
:10682000BDE8F083B8F1070F2ED0B8F1080F1CD0E7
:10683000B8F1060FEFD1D6F88880B8F1000F11D06B
:106840000CAB01953A463046009306238DF816307E
:10685000D6F88C300293DDE90431C0470123E269A8
:1068600086F8B430002AD4D1D5E7D6F8A430002B6E
:10687000F8D00CA806A9DDF8408003F0D1F9A0B942
:10688000E269002AC5D1C6E7D6F8AC303BB106A90B
:106890000CA8DDF8408002F073FE60BBE269A368DB
:1068A0002B44A360002AB4D1B5E7109B0CA8A8EB39
:1068B0000308DDE90D21A844521AF9F7D1FC0CA810
:1068C0001FFA88F8D4E90612F9F79EFC0CAB0821F0
:1068D000CDF8048000933A468DF8161006ABD6F832
:1068E000A810304602910599D6F8A470B847012344
:1068F00086F8B430C4E7DDE90D21109B0CA8521ACC
:10690000A8EB0308F9F7ACFC0CA8A844D4E90612DC
:10691000F9F77AFC0CAB9DF818101FFA88F8009371
:106920003A469DF819303046CDF8048003EB012338
:1069300007218DF816109BB2D6F8B0100291059978
:10694000D6F8AC70B847012386F8B430A6E700BF8C
:1069500000B58BB00146042202A8F9F781FC0DF1C5
:1069600005030DF1060201A902A801F0EFFE9DF852
:1069700004300D2B03D000200BB05DF804FB9DF814
:10698000053013F0020F14BF022001200BB05DF898
:1069900004FB00BF70B50025ADF5347D0E460446FE
:1069A0004FF42472294610A80395049506F06BFB5A
:1069B00003A9304602F09AFFBDF80C302046ADF82E
:1069C000403001F0B5F82B460C2205A9009008A82C
:1069D000F9F734FC10A908A802F0FCFF089B2A462E
:1069E0002946204601F050F808A8F9F767FC236F04
:1069F000024605A9D3E90004A0470DF5347D70BD1A
:106A000070B592B005460E46144601F091F805A9FE
:106A1000009000230AA81122F9F710FC1822002385
:106A20000A2102FB04540AA80522503401F074FE26
:106A300003A9204604F0DEFE40BA03A98DF81060D9
:106A4000ADF80E000AA803F037F800220A9B28468A
:106A5000114601F019F80AA8F9F730FC2B6F02462D
:106A600005A9D3E90004A04712B070BD00000000E2
:106A70009FED0D7B002310B5044680F8A030C0E9DF
:106A80001C13C0E91E33C0E92033C0E92233C0E93A
:106A9000243380ED267B812100F05AFF04F10800A9
:106AA000BDE8104001F054BD0000000000000000EF
:106AB000C0E92012704700BFC0E92212704700BF32
:106AC000C0E92912704700BFC0E92B12704700BF10
:106AD00010B5044684B0CDE9002101F029F8034641
:106AE00004F10800DDE9002104B0BDE8104001F028
:106AF00075BD00BF30B589B00446CDE904210393CC
:106B000001F016F80546059904F108000095DDE945
:106B1000033201F077FD00225FFA80FCC0F3072406
:106B2000C0F30741030E6CF3070264F30F2261F315
:106B3000174263F31F62104609B030BD82B00830BF
:106B400002B001F079BD00BF10B50C4C84B0083024
:106B5000009401F087FD00225FFA80FEC0F3072C4D
:106B6000C0F30741030E6EF307026CF30F2261F3CB
:106B7000174263F31F62104604B010BD516901084B
:106B800010B5044601F02AFE054AD4E92634C01A9D
:106B90004FF0000361EB0401E9F70AFC10BD00BFF0
:106BA00040420F0010B5044601F018FED4E9263229
:106BB000C01A61EB020110BD2DE9F047037E84B0DD
:106BC0000446FBB14FF000090DF1020803AF02AE1D
:106BD0004846012204EB00151146083501F05EFC21
:106BE000844643463A4631462846CDF804C004F070
:106BF0008BFE00283DD109F10109237E5FFA89F05F
:106C00008342E6D894F8483083B34FF000090DF181
:106C1000020803AF02AE484600EB800501220221C4
:106C200004EBC50501F03AFC019020350CE0BDF8FD
:106C300002209DF80410029B00F026FF236FDDE97F
:106C40000212D3E9000AD04743463A463146284665
:106C500005F07EF803462046002BE8D109F1010932
:106C600094F848305FFA89F08342D5D804B0BDE883
:106C7000F087029B2046BDF8022009F101099DF82A
:106C8000041000F001FF236F039A5D6818680299F1
:106C9000A847237E5FFA89F083429AD8B2E700BF03
:106CA0002DE9F0410D46ADF5247D0646694628469E
:106CB00002F018FD044602A928469DF80570F8F771
:106CC0000BFB9DF808300440E4B25BB987A9284665
:106CD000F8F702FB9DF81C3280464BB90DF5247D78
:106CE000BDE8F08103A9284602F0A8FB0440EDE7C7
:106CF00088A92846F8F71EFB14EA080FEED00028F2
:106D0000ECD09DF820320D2BE8D18AA92846F9F75E
:106D1000B7F838B1BDF92832002B06DD002F14BFBB
:106D20000120022086F8B500D8E70020FAE700BF6E
:106D30002DE9F04F044697B00D46C14E09920DF172
:106D40002F030CAA0DF12E01284601F0FFFC0028AC
:106D500000F042819DF82E309DF82620023B0D2B3D
:106D6000EDD801A151F823F0CF6F01083F6D010864
:106D7000BF6F01085D6F0108536F01083F6D010887
:106D80003F6D0108A96E01083B6E0108FB6D01080B
:106D90003F6D01083F6D01083F6D0108A16D0108BD
:106DA00010A9284602F0EAFED4F89080B8F1000F4E
:106DB00000F01A8101F012FD02460B46D4F894004F
:106DC0000021149F06908C461598C7FB060C109F57
:106DD000CDE9040C8C461198C7FB060CCDE9020CDA
:106DE000DDE91270C7FB0601CDE900012046C0476E
:106DF0004FF0010384F8A030A1E710A9284602F063
:106E00009BFE00219DF8440001F076FBC0F30728AB
:106E10000F9004F10800414601F05CFC00288ED080
:106E2000BDF84010BDF8422004F0D8FC42469DF861
:106E30003C102046FFF7E4FD81E710A9284602F048
:106E400053FE00219DF8440001F056FBC0F30721DA
:106E50000D9004F1080001F027FC804600283FF463
:106E60006EAF9DF842300DF1380A9DF84310BDF821
:106E7000402001EB032189B205F012F8404604F0EE
:106E8000D3FFADF8320005E0236FDDE90E12D3E940
:106E90000009C8470DF132030FAA5146404604F0DD
:106EA000C5FF0028F0D14AE79DF825300DF1380ADA
:106EB000BDF8308028468DF8353051469DF8273092
:106EC000A8F104089DF82F908DF837301FFA88F844
:106ED0009DF8243009F00E098DF836208DF83430F5
:106EE00002F04EFB50460FA90DF1320200F048FEB1
:106EF0000F99D4F880B0BDF832A01091BBF1000F0B
:106F000006D0D4F884305246204600930023D84758
:106F1000E26F82B1616F4FF0000C023903E00CF1B7
:106F2000010C944507D031F8023F5345F7D1A36FC8
:106F3000002203F80C20BDF832104B464246204692
:106F400002910F9901910D9900912946FFF736FCA6
:106F5000F5E629462046FFF7A3FEF0E6002A3ED0DC
:106F600010A9284602F018FD0EA90DAA10A800F0DD
:106F700007FE0E99D4F880A09DF84490BDF83480A7
:106F80000F91BAF1000F06D0D4F884304246204663
:106F900000934B46D047E26F002A3FF4D0AE606FBB
:106FA0000021023803E0013191423FF4C8AE30F8CD
:106FB000023F4345F7D1A36F03F80190BFE6002AD3
:106FC0007FF4BDAE2946204600F01EFDB7E62946F7
:106FD0002046FFF7DFFCB2E617B0BDE8F08F294688
:106FE000204600F01FFDAAE601F0F8FB4246149F80
:106FF000159BC7FB06321818129F42EB0101139B29
:107000004246C7FB06329C46DDE91037C3FB0678D3
:1070100043461CEB070C42EB0302B0EB0C0361EBA5
:107020000202002A08DB5B0843EAC2735210C4F86C
:107030009830C4F89C20DBE6013342F10002F2E70D
:1070400000CA9A3B0B1E2DE9F04FB8BF6FF000430A
:107050009DB08046059301F0A5FB98F84820814635
:10706000002A00F09A8000266FF000434FF0FF3BAB
:107070000F46304603930EE09A6B0136DB6B5A45A0
:107080000399F0B273EB010101DA9346039398F888
:10709000483083425FD900EB800402210122E400E2
:1070A00001F0FCF9014604F120053B464A460991EE
:1070B0004544284604F08CFE08EB04030028DBD08E
:1070C0009DF825500DF1500A9DF8243040460135B9
:1070D0004444049300F02CFD05EB850500231122A8
:1070E0000CA908EBC505009050460136F9F7A6F843
:1070F000002305220B21504601F00EFB0121688977
:1071000004F02AFF2B8902460AA9ADF82A3050461E
:10711000049BADF828208DF82C3002F0F9FC0022F9
:10712000149B4046114600F0AFFC5046F9F7C6F8F4
:10713000D8F8703002460CA9D3E90005A847039996
:10714000F0B2D4E90E235A4573EB01019DDB98F8A8
:10715000483083429FD86FF00043039A9A4208BF99
:10716000BBF1FF3F19D0ABEB0903002B059DD8F80D
:10717000700008AA08BF012307A984689D4200681F
:10718000A8BF1D462B46A04748B9059B5B1B002B9B
:1071900005933FF760AF044612E0059BE5E7DDE9A4
:1071A0000712044600250CA8F9F75AF80DF11A0346
:1071B00006AA0CA940468DF8185000F079FC18B9C1
:1071C00020461DB0BDE8F08F29469DF8180001F05B
:1071D00093F9C0F30746BDF81AA0C0F30725012EA6
:1071E000CDE909004BD0022E0FD0002EE8D1314658
:1071F000304601F081F902460CA940460A92FFF799
:1072000097FD20461DB0BDE8F08F294608F1080023
:107210009DF8249001F05EFA074638B30E9A0CA848
:107220000392F9F74FF803460DF11900039A5146FE
:107230000090384604F0D6F9C0B19DF8193093B3E8
:1072400014AE4FF0020A0AE08DF8289031468DF80E
:10725000295040468DF82AA00A9AFFF769FD0422BA
:107260003146384604F040FA0028EDD140462A461F
:107270004946FFF7C5FB20461DB0BDE8F08F294603
:1072800008F1080001F01CFA002899D0514604F0DA
:107290001FF9002894D08DF82A600CA90A9A40465C
:1072A000FFF746FD8CE78DF82A600CA90A9A404644
:1072B000FFF73EFDC4E700BF70B504460D4601F080
:1072C00071FA06462046FFF777FC29462046FFF76D
:1072D000B9FE01F067FA831BE91A0029F6DC04F114
:1072E0000800BDE8704001F001BA00BF70B5044667
:1072F0000D4601F057FA06462046FFF75DFC0023D5
:10730000294684F8B43005E001F04CFA831BE91AF1
:10731000002907DD2046FFF795FE94F8B400002809
:10732000F2D070BD94F8B40070BD00BF2DE9F041FB
:1073300006460D4601F036FA0746304606F10808C3
:10734000FFF73AFC002D10DB2C4606E0FFF77AFE33
:1073500001F028FAC31BEC1A07D4404601F0C6F925
:10736000034621463046002BF0D04046BDE8F041B0
:1073700001F0BCB92DE9F84FDDF828B00646884683
:1073800092461F46FFF718FCBBF1000F04D05A4687
:10739000FF21384605F077FEC6F87CB07D1EC6E9B1
:1073A0001DA701F0FFF9414681463046FFF74AFE2E
:1073B00001F0F8F9A0EB0900A8EB0001BBF1000F08
:1073C00029D0AE464FF0000C1EF8014FFF2C15D00F
:1073D0000CF1010CE345F7D80023F36700E058B146
:1073E0002B4615F8010F02330128A3EB07038CBFCE
:1073F000002001209B45F2D8BDE8F88F3AF81C30F8
:107400000CF1010CDC4501D2002BDDD00029E3DDBD
:10741000002BCAD1E0E70120C6F87CB0BDE8F88FA8
:10742000F0B593B004460D4600F082FB1422002311
:1074300000900AA80DEB0201F8F700FF00230822D4
:107440000E210AA801F068F901F0C8F90E460746B6
:107450001BA3D3E90023E8F7ABFF3146039038467E
:1074600017A3D3E90023E8F7A3FF03A90AA804920E
:1074700002F076FB00220A9B2046114600F004FB36
:107480000AA8F8F71BFF236F024605A9D3E90006F7
:10749000B04701F087F900230646294684F8A0305A
:1074A00000E050B92046FFF7CDFD01F07BF9831BCA
:1074B00094F8A000E91A0029F3DC13B0F0BD00BF76
:1074C00000CA9A3B0000000070B504460D4601F06A
:1074D00069F906462046FFF76FFB0023294684F82A
:1074E000B53005E001F05EF9831BE91A00290CDDD7
:1074F0002046FFF7A7FD94F8B5000028F2D0A0F1D0
:107500000100B0FA80F0400970BD94F8B500A0F118
:107510000100B0FA80F0400970BD00BF2DE9F04FC6
:1075200004469DB0FF2003936071002B00F0B680ED
:10753000894692464FF0000B236F52464946D3E9E5
:107540000005A84701F02EF94FF47A73054609E0CB
:1075500001F028F9401BC0F57A73002B40DD6079FB
:10756000FF2845D1226F08A99668106809AAB0477C
:107570000028EDD00CA80026DDE90812F8F770FE0F
:107580000DF11E0307AA0CA920468DF81C6000F01F
:107590008FFA0028DCD031469DF81C0000F0ACFFCB
:1075A000C0F30747BDF81E30C0F30726012F029332
:1075B000CDE90A005CD0022F20D0002FC8D1394677
:1075C000384600F099FF0CA902460B902046FFF7C1
:1075D000AFFB01F0E7F8401BC0F57A73002BBEDC6F
:1075E0000BF1010B039B60795B4501D0FF28A3D011
:1075F000FF3818BF01201DB0BDE8F08F9DF828307E
:10760000314604F10800049301F064F8804648B361
:107610000E9A0CA80592F8F755FE03460DF11D00D1
:10762000059A00904046029903F0DCFFD0B19DF826
:107630001D30002B3AD0049F0AE04FF002038DF872
:107640002C708DF82D608DF82E300B9AFFF770FBA3
:1076500014A90422404604F047F8034614A9204622
:10766000002BEAD1324604992046FFF7C9F96FE7AB
:10767000314604F1080001F023F800283FF468AF18
:10768000029903F025FF00283FF462AF8DF82E70B9
:107690000CA90B9A2046FFF74BFB59E7236FD3E960
:1076A0000004A04701201DB0BDE8F08F8DF82E70BA
:1076B0000CA90B9A2046FFF73BFBBCE730B58FB017
:1076C00004460D4600F034FA0023102202A900906F
:1076D00006A8F8F7B3FD06A9204600F079F90022C4
:1076E000069B2046114600F0CFF906A8F8F7E6FD04
:1076F0002B46024602A92046FFF710FF18B1607919
:10770000B0FA80F040090FB030BD00BF2DE9F04F56
:1077100000F1080B0446ABB058465E4600F022FF6D
:10772000204600F005FA00231C220BA9009012A8A5
:10773000F8F784FD236F12A920461A8A043A92B200
:1077400000F01CF91299204600F08AF912A8F8F707
:10775000B5FDFF23814663710A230393236F4A46D5
:107760000BA9D3E90005A84701F01CF84FF47A7380
:10777000054609E001F016F8401B6279C0F57A73FE
:10778000002B38DDFF2A3CD1226F07A997681068CB
:1077900008AAB8470028EDD01AA80027DDE907128B
:1077A000F8F75EFD0DF11A0306AA1AA920468DF816
:1077B000187000F07DF90028DCD039469DF81800DB
:1077C00000F09AFEC0F30747BDF81AB0C0F30728CF
:1077D000012FCDE9090053D0022F18D0002FC9D1B5
:1077E0003946384600F088FE1AA902460A9020461B
:1077F000FFF79EFABEE7039B013B039301D0FF2AEC
:10780000ACD0002A51D000202BB0BDE8F08F9DF8FD
:10781000243041463046049300F05CFF824648B372
:107820001C9A1AA80592F8F74DFD03460DF11900B0
:10783000059A59460090504603F0D4FED0B19DF809
:107840001930002B38D0049F0AE04FF002038DF866
:1078500028708DF829808DF82A300A9AFFF768FA87
:1078600022A90422504603F03FFF034622A92046E6
:10787000002BEAD1424604992046FFF7C1F879E788
:107880004146304600F01CFF00283FF473AF5946D4
:1078900003F01EFE00283FF46DAF8DF82A701AA980
:1078A0000A9A2046FFF744FA64E7304600F05AFE91
:1078B00001202BB0BDE8F08F8DF82A701AA90A9A22
:1078C0002046FFF735FABEE72DE9F04782B00446BF
:1078D000104615461E46C1F3072A9DF8287005F18B
:1078E00004099DF82C80019100F056FF9DF80630A8
:1078F0008144012B1DD0022B16D104F10800514602
:1079000000F0D2FE044658B14946324604F0B2F8BF
:1079100004462CB14346AAB23946304600F0FCFE7C
:10792000204602B0BDE8F0870024204602B0BDE842
:10793000F08704F10800514600F0AEFE044600282E
:10794000EED04946324603F0BFFF0446E1E700BFF0
:107950004FEA126CFF23027180F801C0C2F3074C9A
:10796000C2F30722017080F802C04371C27000B5F3
:107970004FF0090EA0F806E05DF804FB30B50023D7
:1079800089B0124D0C4607931946ADF81C20012210
:107990000193C2808DF804202A6803930092AA887C
:1079A0000693ADF80620D0F8012002920278204616
:1079B0008DF80C201022CDE9043300F0ADFE6946AD
:1079C000204601F0EBFE09B030BD00BF1CF30108FA
:1079D0000C4A02234FF4007C10B50C4682B011898A
:1079E0000422C3800023ADF8061020460321ADF821
:1079F00004C000F091FE01A9204601F08DFF02B005
:107A000010BD00BF1CF3010810B50B4688B004463A
:107A100001A9184601F090FF9DF80430637108B089
:107A200010BD00BF10B584B00446084602A901F09D
:107A3000B3FFE388022B01D004B010BD0DF10A00A2
:107A4000FEF730FD9DF808209DF8093003EB022376
:107A50009BB2022BF0D19DF80C306371ECE700BFB4
:107A600010B508228AB004460DEB0200F8F7F8FBC7
:107A700014F8011B002302A801F0800100941A46AB
:107A800001F046F80AB010BD30B58DB004460D4681
:107A9000194604A803920822F8F7E2FB14F8011B28
:107AA000039B2A4604A8009401F032F80DB030BDC3
:107AB0002DE9F041074684B008460C4615461E469F
:107AC000F8F700FC082803D8002004B0BDE8F081D6
:107AD0000DF10C0833462A4620460DF10B01CDF876
:107AE000008001F033F83A789DF80B309342EBD1E7
:107AF0001B061BD49DF80C207B789A4203D00120F2
:107B000080F00100E1E79DF80D20B81CBB789A4297
:107B1000F5D19DF80E2010F8013F9A42EFD19DF863
:107B20000F2043789A42EAD10020E9E70120CCE710
:107B300090F90030002BACBF08200420704700BF34
:107B400010B582B04FF6F4740191C388A3F10A0115
:107B500089B2A1420FD801339CB2C3F3072CDBB228
:107B6000C480911C019882F800C05370FEF7AEFCEF
:107B7000204602B010BD0A234FF0000C1C46EFE770
:107B800070B5044602300D461646FEF78BFCC0F376
:107B90000F4328806B802278637803EB02233380C5
:107BA00070BD00BF0023417003708385704700BF24
:107BB0002DE9F04F174642780E4683B0A2F17D01C1
:107BC0009B467E2304460129DDF838A080F8383032
:107BD0009DF8340040F21581A0F17D0184F8392030
:107BE0000222012984F8622052D90C9B032184F8D7
:107BF0003A00DDB284F86210A5F17D02012A5CD959
:107C00000C9B62180131C3F3072082F8385084F8C6
:107C10006210A0F17D02012A61D94A1C2144D2B22E
:107C200081F8380084F86220002B6AD04FF00008F9
:107C3000C14616E0292A68D8A018013280F8381009
:107C400084F8622088EA01017D4B09F10109C9B27B
:107C500033F8112082EA18280C9B4B4569D994F817
:107C600062201BF80910A1F17D000128E2D8501C08
:107C7000C0B2292849D8A0184FF07D03023281F004
:107C8000200580F8383080F8395084F86220D9E730
:107C900004214FF0030C0C9B22444FF07D0EA444B2
:107CA000DDB280F0200082F838E0A5F17D028CF88A
:107CB000380084F86210012AA2D862187D200C9B3B
:107CC00085F0200582F838000231C3F3072082F8DE
:107CD000395084F86210A0F17D02012A9DD84D1C14
:107CE0008A1C80F02000214454FA85F5D2B24FF06E
:107CF0007D0C81F838C085F8380084F86220002BAC
:107D000094D11946ADF8043019E0002500E060B1C7
:107D100005F13801521B534638462144B04794F8C8
:107D2000622005449542F2D366D0002003B0BDE83E
:107D3000F08F5FFA88F194F86220ADF804804FF07C
:107D400000094FF07D0BC84613E0292A24D8A31858
:107D5000013283F8381084F8622009F10109B9F181
:107D6000020F2DD009F1080394F862206B4413F838
:107D7000041CA1F17D03012BE7D8531CDBB2292B96
:107D80000AD8A31881F02001023283F8391083F851
:107D900038B084F86220E0E7002501E00028C4D074
:107DA00005F13801521B534638462144B04794F838
:107DB000622005449542F1D3B7D184F86280D1E7BF
:107DC00094F862209AB1002501E00028ADD005F1B9
:107DD0003801521B534638462144B04794F862207C
:107DE00005449542F1D3A0D1002384F862300C9B66
:107DF00098B203B0BDE8F08F4FF0000384F8623012
:107E00002AE77D2182F0200284F83910A0F17D015B
:107E100084F83A200322012984F8622003D805213E
:107E20004FF0040C37E70C9B042184F83B00DDB2D3
:107E300084F86210A5F17D02012A3FF6E1AE3CE72D
:107E40003CFE01082DE9F04F044685B09246894674
:107E50001D460F9E00F0A6FC94F82C2094F82D707F
:107E60008046BA425FD017D8013FBA1A0027D2B273
:107E7000B2421AD8D319B34252D8D2B9002600F070
:107E800091FC2B68A0EB08001B1A304623EAE37331
:107E90002B6005B0BDE8F08F002F60D0C2F12A0240
:107EA000013FD2B2FFB2B242E4D9F2B20027002AB7
:107EB000E4D00E9B50460392009394F82C102B684C
:107EC0000231DFF8A4B02144C84794F82C300646AC
:107ED00003445908ABFB01212A22890802FB113116
:107EE00084F82C100028C9D0039A9042C7D1002FE3
:107EF000C5D00E9B02313A465046214400930023E0
:107F0000C84794F82C20064413185A08ABFB021BF0
:107F10002A224FEA9B0B02FB1B3384F82C30AEE77E
:107F2000B61AF7B2A9E70023282EA385BDD90E9B68
:107F30002922A11C504600932B68C84794F82C3086
:107F400006462A21034408485A08A0FB0202920868
:107F500001FB123384F82C30002E8FD08FE7C2F152
:107F60002902D2B284E700BF310CC3302DE9F04FB3
:107F70001E4690F82C5090F82D3083B00446884669
:107F80009D42914600F08C812378C34DC34F072B4F
:107F9000FDD8DFE813F01C01FB00D900BA008F0008
:107FA00051003200080094F82C1094F82D309942BA
:107FB00000F04D81E21892787D2A00F0B8810133FB
:107FC0002A217E2A4FEA5300A5FB00C04FEA900009
:107FD00001FB103384F82D3000F05782A38E00206F
:107FE000E18E03EB022320709BB29942A38600F03E
:107FF0007881002003B0BDE8F08F94F82C0094F84D
:108000002D30984200F03281E21891787D2900F0FD
:10801000708101332A207E294FEA5302A5FB02C258
:108020004FEA920200FB123384F82D3000F01D82DB
:108030000723A1862370AAE7638EB4F830E09E453B
:1080400027D832E0A5FB01B19CF802C04FF02A0B03
:108050008908BCF17D0F0BFB110100F0D480BCF14D
:108060007E0F84F82D1000F0CB8006F803C0E08E60
:10807000638E80EA0C01B4F830E00133C9B29BB2E0
:1080800037F811207345638682EA1022E28680F079
:108090001D8194F82D2094F82CA0501C04EB020CA8
:1080A00092454FEA5001CDD19E4540F01481062300
:1080B00023706CE794F82C0094F82D30984200F06F
:1080C000C680E21891787D2900F0938101332A203F
:1080D0007E294FEA5302A5FB02C24FEA920200FB3F
:1080E000123384F82D3000F0D081238E002003EB72
:1080F00001230C9960869BB2E0868B42238640F276
:10810000E280207003B0BDE8F08F94F82C0094F862
:108110002D30984200F0AA80E21891787D2900F075
:10812000868101332A207E294FEA5302A5FB02C231
:108130004FEA920200FB123384F82D3000F0958153
:1081400004232186237022E794F82C0094F82D2034
:10815000904200F0B480A31899787D2900F007813F
:1081600001322A237E294FEA5200A5FB00C04FEAC4
:10817000900003FB102284F82D2000F08A816378A0
:108180008B420CBF03230023237000E7002394F8E5
:108190002C1084F82E3094F82D3099426AD0E218D1
:1081A00090787D2800F0008101332A217E2884F810
:1081B0002E004FEA5302A5FB02C24FEA920201FBD6
:1081C000123384F82D3055D002232370DFE694F863
:1081D0002CC04FF02A0E94F82D305A1C9C4504EB0D
:1081E00003014FEA52033FF404AFA5FB0303897870
:1081F0009B087E290EFB1323DBB284F82D30ECD1D3
:1082000001232370C3E6501C4FF02A0B02324108B1
:10821000A5FB01C189080BFB11016018C9B28A4591
:108220003FF442AF51088078A5FB01A17E2880F081
:10823000200C4FEA91010BFB112284F82D207FF4D2
:1082400014AF9E453FF433AF012323709FE60F9B8D
:108250000093012301934A460E9B41462046FFF7B7
:10826000F1FD00283FF4C5AE237890E60F9B009304
:108270000223EFE70F9B4A46414620460093042322
:1082800001930E9BFFF7DEFD0028EDD194F82E3010
:108290007E2BE9D0ADE600BF310CC3303CFE0108B7
:1082A0000F9B0093052301930E9BFFF7CBFD94F8E2
:1082B0002D2094F82C309A423FF49BAE64E60F9B3D
:1082C00000930323C6E70523237060E63FF4EFAE77
:1082D000BCF17E0F94D0AEEB03030F9A02330092F1
:1082E000B8E794F82E300D9A1370208E03B0BDE8D5
:1082F000F08F591C4FF02A0C4A08A5FB02E29208A5
:108300000CFB1212D1B28842B0D0023322449178D1
:108310005A08A5FB02027E294FEA92020CFB123397
:1083200084F82D3000F0A18081F0200180E603F177
:10833000010C2A204FEA5C02A5FB02E2920800FB36
:1083400012C25FFA82FC614581D00233224459088F
:108350009278A5FB01C17E2A4FEA910100FB1133FF
:1083600084F82D3000F0918082F0200236E6511C16
:108370004FF02A0C4B08A5FB03E39B080CFB1313DF
:10838000D9B288429BD00232234450089B78A5FB87
:1083900000107E2B4FEA90000CFB102284F82D2059
:1083A00077D083F02001EAE603F1010C2A204FEA9E
:1083B0005C02A5FB02E2920800FB12C25FFA82FC9B
:1083C00061453FF457AF0233224491785A08A5FB28
:1083D00002C27E2984F82E104FEA920200FB12336B
:1083E00084F82D303FF446AF81F0200184F82E1040
:1083F000EAE6591C4FF02A0C4A08A5FB02E2920853
:108400000CFB1212D1B288423FF421AF0233224456
:1084100091785A08A5FB02027E294FEA92020CFBD2
:10842000123384F82D3030D081F020015DE6591CE4
:108430004FF02A0C4A08A5FB02E292080CFB12122C
:10844000D1B288423FF412AF0233224491785A08E5
:10845000A5FB02027E294FEA92020CFB123384F83C
:108460002D3002D081F020016AE60F9B0093022399
:1084700001934A460E9B41462046FFF7E3FC002845
:108480007FF4F2AE0123237081E50F9B009301235B
:10849000EEE70F9B00930323EAE700BF0129844620
:1084A00000B583B01FD002294FF0000E20D000236A
:1084B00000206EF307036CF30F2361F3174362F39D
:1084C0001F635FFA83FCC3F30721C3F307421B0E4C
:1084D0006CF3070061F30F2062F3174063F31F6032
:1084E00003B05DF804FB00F1010E5FFA8EFEDEE7DB
:1084F00080F0800EDBE700BF82B030B1030621D4EC
:10850000421E4FF0010CD2B201E084460246002325
:1085100060F30703002062F30F236CF3174361F34A
:108520001F635FFA83FCC3F30721C3F307421B0EEB
:108530006CF3070061F30F2062F3174063F31F60D1
:1085400002B0704780F080024FF0020CDFE700BFFE
:108550000023037480F8403080F8443080F86030A5
:10856000704700BF70B5037C04464BB1064600253A
:108570003046013503F0A2F9237C1036AB42F7D820
:1085800094F844305BB104F14206002530460135D1
:1085900002F09AFF94F844300236AB42F6D894F8D1
:1085A00040305BB104F1180600253046013503F078
:1085B00033FA94F840302836AB42F6D894F860305D
:1085C0005BB104F1480600253046013502F0E8FFB2
:1085D00094F860301836AB42F6D870BD10B5047C04
:1085E00082B004F1010C80F810C000EB041003F01D
:1085F0005BF901222046114602B0BDE81040FFF7AA
:108600004DBF00BF10B584B0844628209DF81840A7
:1086100000949CF8404000FB04C004F1010E1830A7
:108620008CF840E003F0C0F901220221204604B09A
:10863000BDE81040FFF732BF10B590F8444082B05B
:10864000621C04F1210380F8442000EB430002F097
:1086500037FF00220121204602B0BDE81040FFF79D
:108660001DBF00BF10B584B084461820069C00943E
:108670009CF8604000FB04C004F1010E48308CF807
:1086800060E002F067FF00220221204604B0BDE84E
:108690001040FFF703BF00BF037C8B428CBF00EB91
:1086A00001100020704700BF90F840308B4204D981
:1086B000282303FB0100183070470020704700BFDB
:1086C00090F844308B4203D9213100EB41007047D0
:1086D0000020704790F860308B4204D9182303FBC8
:1086E0000100483070470020704700BF90F84030CC
:1086F00083B170B5064600F11805002400E040B1D2
:108700002846013403F0FCFB96F840302835A3429C
:10871000F5D870BD01207047F8B50E460421044617
:1087200015461F46F7F7B8FD01233146204647EAB4
:10873000030223752B4600F029FA2046F7F7C2FD05
:10874000A84234BF00200120F8BD00BF2DE9F04150
:1087500004460D46042116469846F7F79DFD20462F
:10876000F7F7B0FD03288CBF0127002702D8384651
:10877000BDE8F081334642462046294600F01AFA09
:1087800098F80030384603F0010203F0FE0388F841
:1087900000302275BDE8F08110F0030018BFC0F171
:1087A0000400704710B584B001206946F3F7B8FBA8
:1087B00008499DE81500A0FB0103001901FB0231E7
:1087C000054A4FF0000341EBE471E7F7F1FD04B017
:1087D00010BD00BF00CA9A3B40420F0010B584B0E4
:1087E00001206946F3F79CFB064A00980299A0FB1A
:1087F0000203019C401802FB043343EBE17104B017
:1088000010BD00BF00CA9A3B2DE9F0410C468AB06A
:10881000064691F8C11004F10800FFF745FF054630
:1088200003F078FB68B92046D4E92E31984718B98F
:1088300001200AB0BDE8F081284603F06BFB002858
:10884000F6D029894FF6FC72EB89287B6F68121AE3
:10885000B3FBF1F0B7FBF1F701FB1031D4F8C430F2
:1088600089B207FB01F1043F3A4404311FFA82F850
:108870003A46A3EB0803C4F8C4302B68194400231C
:1088800051F8040C009002A8F7F7D8FCD4F8C420E3
:1088900002F10803BB4227D9424600230D2102A85A
:1088A000FFF73AFF2989EB896A68B3FBF1F0B2FB65
:1088B000F1F201FB10339BB202FB03F32A68D7509D
:1088C0000121E88903F048FB0499039AE8813046C6
:1088D000521AF7F7C5FC304622460F49F7F794FCC9
:1088E00000200AB0BDE8F08192B202230D2102A857
:1088F000FFF712FF2889EB896968D4F8C420B3FB1D
:10890000F0F7B1FBF0F100FB173308329BB201FB2B
:1089100003F32968CA50D3E709880108F0B587B086
:10892000072700251C460646CDE902210C9ACDE911
:1089300000750432FEF7C8FF80F00102D2B2A275C2
:1089400012B1284607B0F0BD05AA02993046FFF7DC
:10895000F7F805A90546204601F09EF8A669E769E3
:108960002046D4E90121521AF7F77AFC20463A460C
:108970003146F7F749FC284607B0F0BD2DE9F04F26
:1089800091B0054608301E460591C1F307210492B7
:10899000FFF78AFE9DF81630012B00F09380044605
:1089A000002800F08F8003F0B5FA002800F08580E1
:1089B0002389E7896268B7FBF3F9B2FBF3F203FBA3
:1089C00019792368A2F1040B03921FFA89F902FBBB
:1089D00009F909F104099944237B59F8048C4345AA
:1089E0007CD3ABF1040A5A46494608A8AAEB030A0D
:1089F0001A9BCDF8008008331FFA8AFA02930023ED
:108A0000F7F71CFC029B52460D215B4534BF022345
:108A1000002308A8FFF780FE218963683846B7FB6A
:108A2000F1F2B3FBF1F301FB1272012192B202FBEE
:108A300003F3226842F803B003F08EFA039B08F1B7
:108A400004010746A3F1080230464944A2EB08029C
:108A5000F7F706FC1A9B0721E7811A1D0023304611
:108A6000B2F5803F28BF1A4692B2FFF755FE07AA1B
:108A700004992846FFF764F8044620B307A9304656
:108A800001F00AF83046D6E90121521AF7F7E8FB5F
:108A9000059B029A3046C5F8C0301B9BC5F8C42020
:108AA0002A46C5F8B8301C9B1849C5F8BC30F7F702
:108AB000ABFB204611B0BDE8F08F1C9928461B9BEC
:108AC000984720B90024204611B0BDE8F08F204619
:108AD00003F020FA00287FF46BAFF3E7384601215A
:108AE00003F03AFA228963680746B3FBF2F9B0FB58
:108AF000F2F302FB13039BB203FB09F9236809F1AC
:108B000004099944237B59F8048C6AE70988010811
:108B1000F0B5164683B004460D460193089FF6F75C
:108B2000F3FB31462046F6F7EFFB019A0121204680
:108B3000F6F796FC2B0601D503B0F0BD04223946AA
:108B4000204603B0BDE8F04002F07EBBF0B516460B
:108B500083B004460D460193089FF6F7EBFB3146C0
:108B60002046F6F7E7FB019A01212046F6F76CFD57
:108B700095F90030002B01DA03B0F0BD042239462C
:108B8000204603B0BDE8F04002F0C2BB30B5154648
:108B900083B004460193F6F7B7FB29462046F6F763
:108BA000B3FB019A0121204603B0BDE83040F6F73F
:108BB00057BC00BF30B5154683B004460193F6F7A5
:108BC000B9FB29462046F6F7B5FB019A012120465C
:108BD00003B0BDE83040F6F737BD00BF2DE9F843DC
:108BE00004220E46054602F02FFB07460222311DE5
:108BF000284602F029FB38400222B11DC7B22846A0
:108C000002F022FB0422074006F10801284602F088
:108C10001BFB0740317B2846F6F776FB717B07404C
:108C20002846F6F743FB737B07EA00083BB9B18B94
:108C30002846F6F795FB08EA0000BDE8F88331699D
:108C40002846F6F777FD3369E3B1C0B137464FF0F8
:108C5000000900E09CB17969284602F019FCB96965
:108C60000446284602F014FC09F101093369044066
:108C700008379945E4B2EDD308EA0408D7E74FF086
:108C80000008D4E708EA0008D1E700BF2DE9F8435F
:108C900004220C46054602F03BFB07460222211D3A
:108CA000284602F035FB38400222A11DC6B22846F4
:108CB00002F02EFB0422064004F10801284602F0CF
:108CC00027FB064004F10C012846F6F733FB04F1BC
:108CD0000D0106EA00072846F6F7FEFA637B074017
:108CE0003BB904F11C012846F6F73AFC3840BDE8D0
:108CF000F88304F110012846F6F74CFE2369012B96
:108D000003D901230027AB75EBE70BB3F0B1A04605
:108D10004FF0000900E0CEB1D8F8141008F10808AF
:108D20004FF40072284602F0C3FBD8F81010064634
:108D30004FF40072284609F1010902F0B9FB2369DA
:108D400006409945F6B2E6D33740CAE70027C8E7A0
:108D50000740C6E72DE9F84304220F46054602F016
:108D600073FA04460222391D284602F06DFA2040AB
:108D70000222B91DC4B2284602F066FA397A0440CC
:108D80002846F6F793FA3B7A00EA040813B94046FE
:108D9000BDE8F883F9682846F6F7CCFCFB6803B316
:108DA000D0B13E464FF0000900E0ACB13169284631
:108DB00002F06EFB71690446284602F069FB09F176
:108DC0000109FB68044008369945E4B2EDD308EA8E
:108DD00004084046BDE8F8834FF000084046BDE86F
:108DE000F88308EA0008D2E770B50D460978064610
:108DF000F6F78AFA044630B12B78022B0CD0032BFD
:108E000010D0012B08D0022205F50271304602F085
:108E10001BFA2040C0B270BD6968304602F038FBD2
:108E20000446F0E72946304651F8042F043102F099
:108E300003FB0446E7E700BF70B50B780C46054618
:108E4000013B0D2B54D8DFE803F030071B1B07074D
:108E50000707530C0C0C4E490431BDE87040FFF776
:108E6000C3BF0979F6F750FAE8B12379012B01D095
:108E7000022B3DD1A1682846BDE8704002F008BB36
:108E80000979F6F741FA064620B12379022B39D049
:108E9000032B2FD0022204F50371284602F0D4F9E7
:108EA0003040C0B270BD002070BD0979F6F72CFAD1
:108EB000064658B12379022B03D0032B28D0012B6F
:108EC00004D1A168284602F0E3FA0646B4F90C1270
:108ED0002846F6F755FF3040C0B270BD0431BDE8FA
:108EE0007040FFF77BBE0431BDE87040FFF732BF32
:108EF000012070BDA26804F10C01284602F09CFA22
:108F00000646C7E7A168284602F0C2FA0646C1E74E
:108F1000A26804F10C01284602F08EFA0646D5E755
:108F200070B506460D46F6F705FA044630B12B78C3
:108F3000022B0CD0032B12D0012B08D0022205F5F6
:108F40000271304602F0E4F92040C0B270BD4FF427
:108F500000726968304602F0ABFA0446EEE72B1D5A
:108F60004FF4007205F10801304602F077FA04462A
:108F7000E4E700BF70B50D4609780646F6F796F9A6
:108F80002B7804464BB9297A3046F6F78FF92B7ABD
:108F90000440E4B243B9204670BD6968304602F02F
:108FA00077FA0440E4B2EEE7E968304602F070FA7E
:108FB0000440204670BD00BF70B50D4606460968E6
:108FC00002F066FA044629793046F6F76FF92B79F4
:108FD0000440E4B243B9297B3046F6F767F92B7BAE
:108FE00004403BB9204670BDA968304602F050FAF3
:108FF0000440F0E72969304602F04AFA0440E4B23E
:10900000204670BD2DE9F0410C4609780646F6F77A
:109010004DF9237805466BB994F828103046F6F7D9
:1090200045F994F828300540EDB2002B69D1284667
:10903000BDE8F08161683046F6F77CFB6368002B81
:109040006BD0002867D0A168304602F021FA63682F
:10905000012B53D900285ED0E168304602F018FA9F
:109060006368022B4AD9002855D02169304602F0A6
:109070000FFA6368032B41D900284CD06169304650
:1090800002F006FA6368042B38D9002843D0A1699E
:10909000304602F0FDF96368052B2FD900283AD03D
:1090A000E169304602F0F4F96368062B26D990B3E3
:1090B000216A304602F0ECF96368072B1ED950B3E1
:1090C000616A304602F0E4F96368082B16D910B3E0
:1090D000A16A304602F0DCF96368092B0ED9D0B1E1
:1090E00004F12C08092700E0A8B158F8041B304609
:1090F00002F0CEF9013762689742F5D30540EDB230
:109100008AE7E26A04F13001304602F095F9054041
:109110002846BDE8F08100257EE72840C5B27BE700
:1091200070B50D4609780646F6F7C0F82B78044668
:109130004BB9297A3046F6F7B9F82B7A0440E4B2F5
:1091400043B9204670BD6968304602F0A1F9044079
:10915000E4B2EEE705F10C013046FFF753FF04409F
:10916000204670BD2DE9F0410C4609780646F6F719
:109170009DF8237805466BB994F828103046F6F729
:1091800095F894F828300540EDB2002B69D12846B7
:10919000BDE8F08161683046F6F7CCFA6368002BD1
:1091A0006BD0002867D0A168304602F071F963687F
:1091B000012B53D900285ED0E168304602F068F9EF
:1091C0006368022B4AD9002855D02169304602F045
:1091D0005FF96368032B41D900284CD061693046A0
:1091E00002F056F96368042B38D9002843D0A169EE
:1091F000304602F04DF96368052B2FD900283AD08C
:10920000E169304602F044F96368062B26D990B331
:10921000216A304602F03CF96368072B1ED950B32F
:10922000616A304602F034F96368082B16D910B32E
:10923000A16A304602F02CF96368092B0ED9D0B12F
:1092400004F12C08092700E0A8B158F8041B3046A7
:1092500002F01EF9013762689742F5D30540EDB27E
:109260008AE7E26A04F13001304602F0E5F8054091
:109270002846BDE8F08100257EE72840C5B27BE79F
:1092800070B50D4609780646F6F710F82B780446B7
:109290004BB9297A3046F6F709F82B7A0440E4B244
:1092A00043B9204670BD6968304602F0F1F80440C9
:1092B000E4B2EEE705F10C013046FFF753FF04403E
:1092C000204670BD2DE96843884681460988F6F737
:1092D00047F8064698F802104846F5F7E7FF98F871
:1092E00002300640F5B2EBB998F806104846F5F79B
:1092F000DDFF98F8063005407BBB98F80C10484617
:10930000F5F7D4FF98F80C300540F3B998F814102D
:109310004846F5F7CBFF98F8143005404BB928467E
:10932000BDE86883B8F804104846F6F719F8054018
:10933000DAE7D8F8182008F11C01484602F07CF85A
:109340002840C5B22846BDE86883D8F810104846C2
:10935000F6F7F0F92840C5B2D8E7D8F80810484623
:10936000F6F7E8F92840C5B2C7E700BFF8B5022212
:109370000C46064601F068FF0546A1783046F5F731
:1093800095FFA3780540EDB20BB92846F8BD04F16E
:1093900008013046FFF796FF074694F82C10304638
:1093A000F5F784FF94F82C303840C7B25BB994F8D5
:1093B00038103046F5F77AFF94F8383007404BB94B
:1093C0003D402846F8BDD4E90C233046F6F708FCAA
:1093D0000740ECE7E16B304602F05AF80740FFB275
:1093E000EEE700BFF8B502220D46064601F02CFF5D
:1093F0000446A9783046F5F759FFAB780440E4B24B
:109400000BB92046F8BD05F108013046FFF75AFFB9
:10941000074695F82C103046F5F748FF95F82C30A4
:109420003840C7B213B93C402046F8BDD5E90C23FB
:109430003046F6F7D5FB0740F5E700BF70B50546A7
:109440000E46F5F777FF68B133780446013B0D2BE4
:1094500009D8DFE803F0410A23230A0A0A0A0810A0
:1094600010105C560024204670BD311D2846BDE812
:109470007040FFF755BD311D2846F5F75BFF00280A
:10948000F0D03379012B01D0022BECD1B168284602
:109490004FF40072BDE8704002F00AB8311D284652
:1094A000F5F748FF044670B13379022B4CD0032BFB
:1094B00009D106F108034FF4007206F10C012846A9
:1094C00001F0CCFF0446022206F50371284601F0A4
:1094D0001FFF2040C4B2C6E7311D2846F5F72AFF1A
:1094E000044630B13379022B36D0032B3CD0012B0C
:1094F00032D006F503712846F6F7C2FC2040C4B20C
:10950000B1E7311D2846BDE87040FFF7BFBB04221C
:109510002846B11801F0FCFE0446022206F10801BB
:10952000284601F0F5FE0440022206F10A01284611
:10953000E4B201F0EDFE034606F10C0128461C40A2
:10954000F5F7CAFE04408EE74FF40072B168284672
:1095500001F0AEFF0446B6E74FF40072B16828464A
:1095600001F0A6FF0446C4E706F108034FF40072B9
:1095700006F10C01284601F071FF0446B9E700BF6F
:1095800070B5022205460E4601F0C2FE02220446D4
:109590002846B11801F0BCFE2040C0B270BD00BF2B
:1095A0002DE9F0470E4609788046F5F7ADFE0746EF
:1095B00038B13378062B00F081800D2B14D0052BA9
:1095C00002D03846BDE8F087B6F908104046F6F7F5
:1095D000D7FB07464046D6E90423F6F701FB38409F
:1095E000C7B23846BDE8F087B6F908104046F6F72E
:1095F000C7FBF16807464046F6F79CF8F368002B76
:10960000EDD018B306F10C09002404EB440506EB79
:10961000C505297C4046F5F777FE4FEA440A04EB7E
:109620004401002851D02B7CC900032B54D8DFE81B
:1096300003F033210F0249444046896801F028FFB6
:109640000134F268944244D20028DED10027B8E702
:109650000831A24410224046494406EBCA0A01F0F0
:10966000F3FD0546DAF824104046F6F763F8284083
:10967000C0B2E5E70831A24404224046494406EB63
:10968000CA0A01F0E1FD0546BAF818104046F5F7A0
:1096900067FE2840C0B2D3E70831A2440222404608
:1096A000494406EBCA0A01F0CFFD05469AF81610A8
:1096B0004046F5F729FE2840C0B2C1E7B6F90810C8
:1096C0004046BDE8F047F6F75BBB0134F268A242C2
:1096D000BCD80740FFB274E70134F36818359C42E8
:1096E00097D36EE72DE9F041022206460F4601F0BE
:1096F0000FFE022205463046B91801F009FE8046E9
:10970000391D3046F5F716FE05EA08050446791DB1
:1097100030462C40F5F70EFE2040C0B2BDE8F08187
:10972000F8B50E4607460978F5F7EEFD0446717860
:109730003846F5F7E9FD0440B1783846F5F7B6FD4F
:10974000B378E4B2044043B9317A3846F5F7AEFD58
:10975000337A04403BB92046F8BD7168384601F0C1
:1097600097FE0440F0E771893846F5F7F9FD0546A4
:10977000B1893846F5F7F4FD0540F1893846EDB278
:10978000F5F7EEFD318A2540044638462540F5F7C9
:10979000E7FD00EA05042046F8BD00BFFFF71EBA4A
:1097A000F8B5022207460E4601F04EFD022205469C
:1097B0003846B11801F048FD317904463846F5F7CE
:1097C000A3FD70B133792C40013BE4B20D2B09D8D5
:1097D000DFE803F04C0A23230A0A0A0A08121212CD
:1097E000453E00242046F8BD06F108013846FFF743
:1097F000FBFA04402046F8BD317A3846F5F784FD7F
:109800000028EED0337A012B01D0022BEAD1F16887
:10981000384601F03DFE0440E4E7317A3846F5F77A
:1098200073FD054658B1337A022B34D0032B06D191
:10983000F26806F11001384601F0FEFD05460222ED
:1098400006F50471384601F0FFFC28400440C9E7E2
:1098500006F108013846FFF7C1F90440C2E706F1F6
:1098600008013846FFF776FA0440BBE7317A3846FC
:10987000F5F74AFD054630B1337A022B11D0032BA0
:1098800015D0012B0DD0B6F910123846F6F778FA3C
:1098900028400440A6E7F168384601F0F9FD054686
:1098A000CDE7F168384601F0F3FD0546EBE7F268D5
:1098B00006F11001384601F0BFFD0546E3E700BFA1
:1098C00070B5022205460E4601F0BEFC0222044697
:1098D0002846B11801F0B8FC0346716828461C40C0
:1098E000F5F728FFE4B2204070BD00BF70B502223A
:1098F00005460E4601F00CFD022204462846B1182A
:1099000001F006FD0346311D28461C40F6F742F8DB
:10991000E4B2204070BD00BF70B5022205460E467D
:1099200001F092FC022204462846B11801F08CFC9A
:109930002040C0B270BD00BF2DE9F8430E46054679
:10994000F5F7F8FC0446711C2846F5F7F3FC0422F1
:1099500081462846B11801F0DBFC06F1080180467B
:109960000222284601F0D4FC04EA09030746022239
:10997000DBB206F10A01284603EA080401F0C8FC3C
:10998000034628463C4006F10C011D46F5F7A4FCB1
:1099900025402840BDE8F8832DE9F0410222064623
:1099A0000F4601F0B5FC022205463046B91801F019
:1099B000AFFC8046391D3046F5F7BCFC05EA0805CA
:1099C0000446791D30462C40F5F7B4FC2040C0B267
:1099D000BDE8F0812DE9F04102220C46054601F078
:1099E00033FC022280462846A11801F02DFC0746D0
:1099F00021792846F5F788FC08EA070806466179C8
:109A0000284606EA0806F5F77FFC217A3040C7B2FF
:109A10002846F5F74BFC237A06466BB994F81C12DE
:109A20002846F5F743FC94F81C323040C6B283B99F
:109A300006EA0700BDE8F081217B2846F5F764FCC3
:109A400088B104F10C012846FFF7F6F93040C6B2A0
:109A5000E4E704F508712846FFF7A2FD064006EA90
:109A60000700BDE8F0810646D8E700BF70B50222C6
:109A700005460E4601F0E8FB022204462846B118CE
:109A800001F0E2FB0346311D28461C40FFF748FE6B
:109A9000E4B2204070BD00BF70B5022205460E46FC
:109AA00001F0D2FB022204462846B11801F0CCFB9B
:109AB0002040C0B270BD00BF70B50C4605460E46D2
:109AC00034F8021BF5F74CFC0222214604462846D6
:109AD00001F0BAFB0346317928461C40F5F714FC27
:109AE000E4B2204070BD00BF70B50E460546F5F7E4
:109AF00037FD022204462846B11801F009FC03464E
:109B0000311D28461C40F5F715FCE4B2204070BD1D
:109B100070B50D4606460988F5F722FC69880446AB
:109B20003046F5F71DFC0346297930461C40F5F711
:109B3000EBFBE4B2204070BD70B50E460546F5F76C
:109B40000FFD0446B11C2846F5F70AFD0346311DFA
:109B500028461C40F5F7EEFBE4B2204070BD00BF84
:109B600070B50D4606460968F6F7FEF904466968C1
:109B70003046F5F7DFFD2040C0B270BD2DE9F04161
:109B80000E460546F6F788FA0746311D2846F5F7D2
:109B900001FF804606F108012846F6F77DFA07EA3C
:109BA0000807044606F10C0128463C40F5F7F2FE92
:109BB00006F1100104402846F6F76EFA0346E4B2B7
:109BC00028461D4606F11401F5F7E4FE2C4020401E
:109BD000BDE8F0812DE9F04104460D460C2201F06C
:109BE00033FB032205F10C010746204601F02CFB54
:109BF000E97B80462046F5F787FB29690646204623
:109C0000F6F7B2F907EA0807034620463E406969BD
:109C10001C46F5F78FFD34402040C0B2BDE8F0810E
:109C20002DE9F04104460D460C2201F071FB0322A0
:109C300005F10C010746204601F06AFB05F10F0112
:109C400080462046F5F776FB05F1100106462046D2
:109C5000F6F722FA07EA0807034620463E4005F1D8
:109C600014011C46F5F796FE34402040C0B2BDE812
:109C7000F08100BF002839D070B50446006880B379
:109C80000E461546F7F750FA30B320680430F7F760
:109C90004BFA08B320680830F7F746FAE0B12068BD
:109CA0000C30F8F7DFFBB8B120681030F8F7DAFBBA
:109CB00090B1CDB1C6B12A4631462068F7F7ECF92C
:109CC00048B10A2807D040F2F51240F63703904217
:109CD0000CBF1846012070BDF9F7EAFC40F63600CB
:109CE00070BD40F6360070BD0B2070BD40F63600EA
:109CF000704700BF90B370B50446006848B30E4685
:109D00001546F7F711FAF8B120680430F7F70CFAA6
:109D1000D0B120680830F7F707FAA8B120680C30F6
:109D2000F8F7A0FB80B120681030F8F79BFB58B122
:109D300095B18EB120682A4631460830F7F774F99C
:109D4000003818BF012070BDF9F7B2FC40F63600AC
:109D500070BD40F6360070BD0B2070BD40F6360079
:109D6000704700BF00283AD070B50446006888B339
:109D70000E461546F7F7D8F938B320680430F7F7E0
:109D8000D3F910B320680830F7F7CEF9E8B12068AE
:109D90000C30F8F767FBC0B120681030F8F762FBB1
:109DA00098B1D5B1CEB120682A4631460830F7F7D0
:109DB00073F948B10A2807D040F2F51240F637038C
:109DC00090420CBF1846012070BDF9F771FC40F6B7
:109DD000360070BD40F6360070BD0B2070BD40F6F9
:109DE0003600704700283AD070B50446006888B342
:109DF0000E461546F7F798F938B320680430F7F7A0
:109E000093F910B320680830F7F78EF9E8B12068AD
:109E10000C30F8F727FBC0B120681030F8F722FBB0
:109E200098B1D5B1CEB120682A4631460430F7F753
:109E300033F948B10A2807D040F2F51240F637034B
:109E400090420CBF1846012070BDF9F731FC40F676
:109E5000360070BD40F6360070BD0B2070BD40F678
:109E600036007047002838D030B50446006891B0FD
:109E700078B30D46F7F758F928B320680430F7F7A0
:109E800053F900B320680830F7F74EF9D8B12068CD
:109E90000C30F8F7E7FAB0B120681030F8F7E2FAC2
:109EA00088B1EDB1206800236A4629460C30F8F7E6
:109EB0007DFA60B140F29113984214D00A2818BF7D
:109EC000012011B030BDF9F7F3FB40F6360011B0B8
:109ED00030BD40F6360011B030BD40F63600704758
:109EE0000B2011B030BD40F63700F0E7002848D015
:109EF000F8B50C4600293CD005460868002838D043
:109F000017461E46F7F710F9B0B320680430F7F78C
:109F10000BF988B320680830F7F706F960B32068BA
:109F20000C30F8F79FFA38B320681030F8F79AFA37
:109F300010B32168284601F5E272F9F7CBF8B8B9F9
:109F40002168284601F5E4720431F9F7C3F878B9BD
:109F50002168284601F5E6720831F9F7BBF838B9EF
:109F60002168284601F5E8720C31F8F763FD58B115
:109F7000F8BD40F63600F8BDF9F79AFB40F636001A
:109F8000F8BD4FF4617070472168284601F5EA7208
:109F90001031F8F74FFD0028EAD11FB12368D3F83C
:109FA000C4313B60002EE3D02368D3F8D031336056
:109FB000F8BD00BF002850D02DE9F8430C46002919
:109FC0003ED00546086800283AD016461F46F7F7E7
:109FD000ABF8002838D020680430F7F7A5F800283F
:109FE00032D020680830F7F79FF868B320680C304B
:109FF000F8F738FA40B320681030F8F733FA18B39E
:10A00000DDE90932002A18BF002B089B0CBF012193
:10A010000021002B08BF41F00101002F08BF41F0D3
:10A020000101B9B9B6B123686C68D3E974218A42D9
:10A03000104638BF0846844212D80120BDE8F88394
:10A0400040F63600BDE8F883F9F732FB40F63600FB
:10A05000BDE8F8830B20BDE8F8834FF461707047CA
:10A06000D3E9718ED3F8CCC1F0454046EC6938BFD6
:10A070007046604538BF60468442DED9D5F81890F6
:10A080002D6859F8280055F8214055F82250181A23
:10A0900059F82C2003F10C0C59F82E10B0FA80F06E
:10A0A000A5EB0C054009B5FA85F56D09357003F18E
:10A0B0001005641B089DB4FA84F464093C701C1DEF
:10A0C00008332870091B0020D31A099AB1FA81F1CC
:10A0D000B3FA83F349095B0911700A9A1370B1E767
:10A0E000002839D070B50446006880B30E46154686
:10A0F000F8F770F830B320680430F8F76BF808B35D
:10A1000020680830F8F766F8E0B120680C30F7F7FF
:10A11000E3FEB8B120681030F7F7DEFE90B1CDB1A4
:10A12000C6B12A4631462068F7F7FCFF48B10A2835
:10A1300007D040F2592240F6990390420CBF1846CE
:10A14000012070BDF9F7B4FA40F6980070BD40F6F2
:10A15000980070BD0B2070BD40F69800704700BF9E
:10A1600090B370B50446006848B30E461546F8F73C
:10A1700031F8F8B120680430F8F72CF8D0B1206835
:10A180000830F8F727F8A8B120680C30F7F7A4FEDC
:10A1900080B120681030F7F79FFE58B195B18EB1AD
:10A1A0002A4631462068F7F7FDFF10B1022818BF94
:10A1B000012070BDF9F77CFA40F6980070BD40F6BA
:10A1C000980070BD0B2070BD40F69800704700BF2E
:10A1D00000283AD070B50446006888B30E4615468C
:10A1E000F7F7F8FF38B320680430F7F7F3FF10B340
:10A1F00020680830F7F7EEFFE8B120680C30F7F779
:10A200006BFEC0B120681030F7F766FE98B1D5B18B
:10A21000CEB120682A4631460830F7F783FF48B1AF
:10A220000A2807D040F2592240F6990390420CBF09
:10A230001846012070BDF9F73BFA40F6980070BD52
:10A2400040F6980070BD0B2070BD40F69800704736
:10A2500000283AD070B50446006888B30E4615460B
:10A26000F7F7B8FF38B320680430F7F7B3FF10B33F
:10A2700020680830F7F7AEFFE8B120680C30F7F738
:10A280002BFEC0B120681030F7F726FE98B1D5B18B
:10A29000CEB120682A4631460430F7F743FF48B173
:10A2A0000A2807D040F2592240F6990390420CBF89
:10A2B0001846012070BDF9F7FBF940F6980070BD13
:10A2C00040F6980070BD0B2070BD40F698007047B6
:10A2D00098B370B50446006850B30E461546F7F7BC
:10A2E00079FF00B320680430F7F774FFD8B1206815
:10A2F0000830F7F76FFFB0B120680C30F7F7ECFDCE
:10A3000088B120681030F7F7E7FD60B19DB196B1D4
:10A3100020682A4631460430F7F744FF10B102287E
:10A3200018BF012070BDF9F7C3F940F6980070BD61
:10A3300040F6980070BD0B2070BD40F69800704745
:10A3400000284DD070B50C4659B10546086840B19B
:10A350001646F7F73FFF20B120680430F7F73AFFC1
:10A3600010B940F6980070BD20680830F7F732FF4A
:10A370000028F6D020680C30F7F7C6FD0028F0D092
:10A3800020681030F7F7C0FD0028EAD02168284681
:10A3900001F5EE72F8F7CAFE0028E4D121682846DC
:10A3A00001F5F0720431F8F7C1FE0028DBD1216815
:10A3B000284601F5F2720831F8F7B8FE0028D2D12C
:10A3C0002168284601F5F4721431F8F753FE00288D
:10A3D000C9D1002EC7D02368D3F8DC31336070BDFB
:10A3E0004FF46170704700BF002867D02DE9F0413D
:10A3F0000C4661B10546086848B116469846F7F71D
:10A40000E9FE20B120680430F7F7E4FE18B940F601
:10A410009800BDE8F08120680830F7F7DBFE0028DF
:10A42000F5D020680C30F7F76FFD0028EFD02068DA
:10A430001030F7F769FD0028E9D0DDE90623002A8E
:10A4400018BF002B0CBF01210021B8F1000F08BF7D
:10A4500041F00101A9BBA6B3216800202C69D1F805
:10A46000E8212F6A54F82220D1F8DC41D1F8E031FC
:10A4700057F8244057F82350641AD1F8E431B4FA5D
:10A4800084F457F82330640934700C1D2C1BB4FA83
:10A4900084F4640988F8004001F108041B1B069C41
:10A4A000B3FA83F35B09237001F11403D31A079AFB
:10A4B000B3FA83F35B091370BDE8F0814FF4617068
:10A4C00070470B20BDE8F0810220704703207047E1
:10A4D000042070470620704705207047C2B2062A44
:10A4E00010D804290ED800EB800210B45318064C83
:10A4F00054F8233013B15DF8044B184700205DF881
:10A50000044B7047002070473C00020810B5074C10
:10A51000864684460FCCACE80F000FCCACE80F00A9
:10A5200023687046CCF8003010BD00BFC800020898
:10A53000D0B18446D0F8090000B587B0DCF80D1022
:10A54000DCF81120DCF815300DF1080EAEE80F0034
:10A55000DCF804000CF1400202A91030FFF7CAFB3E
:10A5600020B907B05DF804FB0B2070470190F9F7A4
:10A570009FF8019807B05DF804FB00BF60B18368E5
:10A5800043B11968002281601A72C1681A629A8404
:10A590001960C360184670470346FBE780B179B184
:10A5A000C36899420DD02BB11A68914203D013466B
:10A5B000002BF9D170470A681A6083680B608160CC
:10A5C00070470B68C360F8E738B581B178B1C468EB
:10A5D0000D4614B909E024683CB104F109001022C9
:10A5E000294602F027FD0028F5D1204638BD002479
:10A5F000204638BD40B1C06810B905E0006818B108
:10A6000090F908308B42F9D1704700BF40B1C06863
:10A6100010B905E0006818B190F90830032BF9DD96
:10A62000704700BF70B1C06860B110B401E000684D
:10A6300028B1D0E90A41994208BF9442F7D15DF8A8
:10A64000044B7047704700BF70B1C06860B110B470
:10A6500001E0006828B1D0E91041994208BF944256
:10A66000F7D15DF8044B7047704700BF70B1C06808
:10A6700060B110B401E0006828B1D0E916419942F8
:10A6800008BF9442F7D15DF8044B7047704700BF94
:10A6900040B1C06810B905E0006818B190F82030EA
:10A6A000002BF9D0704700BF40B1C06810B905E079
:10A6B000006818B190F82330002BF9D0704700BF24
:10A6C00098B100220B4600F1280110B5446886B00D
:10A6D00004F110000592CDE9032203AA8DF80C3095
:10A6E000FFF73EFD18B906B010BD0B207047019072
:10A6F000F8F7DEFF019806B010BD00BF00000000B3
:10A7000010B310B590B0044606A8FFF7FFFE002373
:10A71000D4F80900EC46D4F80D10D4F811208DF8C7
:10A720001830D4F81530CDF81CD0ACE80F009FEDF0
:10A73000087B606806AA04F1580110308DED087B93
:10A74000FFF7C6FD10B010BD0B207047AFF30080BF
:10A75000010000000100000082B030B58BB00EACEB
:10A7600084E80C0088B1044601A80D46FFF7CEFE30
:10A7700001AA0EA904F110008DF80450FFF7A8FDFE
:10A780000BB0BDE8304002B070470B200BB0BDE805
:10A79000304002B0704700BF0B280DDC002809DBF9
:10A7A0000B2807D8DFE800F00706060706060606AE
:10A7B0000606070701207047CB2818BF0120704705
:10A7C00030B5002383B00093D0B1044669461548E4
:10A7D000F8F73EFF024610B1012003B030BD009BE8
:10A7E0008BB118780028F8D001A91846019202F020
:10A7F00089FB054650B1431C0DD000202560ECE7D5
:10A800000B2003B030BD184603B030BD019B1B7850
:10A81000002BF2D0E0E702F083FC0368222BECD19E
:10A82000DAE700BF1CFB01082DE9F04F8DB0984618
:10A830001B9B0792002B18BFB8F1000F0CBF012320
:10A840000023002A08BF43F00103002908BF43F09A
:10A850000103002B3DD1B0FA80F2044652090028D2
:10A8600037D00F460BA900F0F3F9054668BB0B9BE8
:10A87000002B37D102460BA93846FBF765FA68BBB7
:10A880000B9B002B33D12A460BA90798FBF73EFA06
:10A8900020BB0B9D002D40F0A2807B21204602F0C2
:10A8A000FAFB2378814620BB2F2B22D119AB93E8EA
:10A8B000030016AB8DE8030020460ECBF9F75EF8D7
:10A8C00000281B9B08BF0A25186028460DB0BDE86C
:10A8D000F08F0B2528460DB0BDE8F08FFFF75CFF29
:10A8E0000546F2E7672528460DB0BDE8F08FC9257B
:10A8F000EBE77E2B75D0B9F1000F00F0C28000238A
:10A90000A2461E46089555460994B2464C46DDF8C7
:10A910001CB0002C00F0AE807D21284602F0BBFB6D
:10A92000A0EB04092146694809F10106324602F00C
:10A93000BFFB002851D032462146654802F0B8FBE3
:10A9400028B132462146634802F0B2FB38BBD946F3
:10A9500018AB93E8070016AB8DE807002046314698
:10A960000CCBF9F72DF80446002800F0A3804A46E6
:10A97000284616AB2146F8F701FF1A990546179BA2
:10A98000204698475046179B1A999847002D6CD03F
:10A990007B21284602F07FFBAA460446B9E709F16D
:10A9A000FF32611C4046F9F723F981460028CFD1D8
:10A9B0001B9B18AA6925186016AB07CA8DE807000B
:10A9C000314620460CCBF8F7FBFF1A99179B9847A6
:10A9D000179B1A995046984777E7B946B8E7CA25B2
:10A9E00073E7079E3046E5F7DBFC3B4A3B4B03969B
:10A9F000012818BF1346049702931A9B0093631C07
:10AA000005934FF40063019316AB0FCBF8F77CFE70
:10AA1000064650B3B9F1000F05D07B21B24602F0D3
:10AA20003AFB81466EE733782F2B1BD0079C2046DC
:10AA3000E5F7B6FC4FF40063294A01931A9B04968C
:10AA40000093284B0394012818BF1346029316ABBA
:10AA50000FCBF8F759FE0346179A30461A991E464F
:10AA6000904716B11B9B1E602FE700231B9A0A25F7
:10AA700013602AE753465646DDE90854002BD2D12D
:10AA800023782F2B1ED0079E3046E5F789FC1A9AB3
:10AA90004FF4006303960494CDE90023104A114B50
:10AAA000012818BF1346029316AB0FCBF8F72CFE04
:10AAB0000646D6E7DDE91A125046179B14600A25B0
:10AAC000984702E700231E46CCE700BF34FB01088D
:10AAD0003CFB010844FB01082CFB01083CF7010882
:10AAE0000CF6010804F6010800280CBF0B2000201A
:10AAF000704700BF034A034692E8030083E803005F
:10AB000018467047EC00020882B02DE9F04186B08B
:10AB100004460E4615460DF1300C0DF1040E4CF8AE
:10AB2000043FBCE80F00AEE80F00DCF8003001A8DD
:10AB3000CEF80030F8F7DAFC80F00103DBB23BBB63
:10AB400034B3D4F80480B8F1000F1AD105B3284605
:10AB5000F6F740FBF0B1019B1C200599984707468A
:10AB6000606020B3C6B1066080F8048001AC07F1D4
:10AB7000080C00250FCCACE80F002368CCF800309F
:10AB800000E06425284606B0BDE8F04102B07047F9
:10AB90000B25F7E76525F5E72868283000F052FA1D
:10ABA000386067683E6826B101233B71DEE70A25FD
:10ABB000E8E7029B38460599012598476660E1E77A
:10ABC00070B582B0F0B14368044663B11868DE68BE
:10ABD000996960B11D7965B91846B04700232846C8
:10ABE000636002B070BD1D46284602B070BD0546C8
:10ABF000F2E7019100F03CFA051E6368019918BF65
:10AC00000125E9E70B25284602B070BDF0B587B0F5
:10AC100006460B4C6846F8F75BFCEE46A446254614
:10AC20003446BEE80F00ACE80F000FCDDEF8007030
:10AC30000FC43046CCF80070276007B0F0BD00BFED
:10AC400004FF012410B1406800B10068704700BFE4
:10AC5000002800F089802DE9F0470E46002900F019
:10AC6000858004461746E5F79BFBB0B194F800E0F9
:10AC7000DFF860C11CF80E3013F0040339D100F185
:10AC8000FF3814F808202F2A0FD102223260A7B310
:10AC90001846C7F80080BDE8F0870123336067B32A
:10ACA000002318463B60BDE8F08704F1FF3A1D46DB
:10ACB00019461AF8012FA2F13009B9F1090F1FD96D
:10ACC00022F02009A9F14109B9F1190F18D95F2A19
:10ACD00024D02F2A58D07E2A4AD07B2A5BD07D2AC6
:10ACE00069D1002D5CD10523336037B10020396074
:10ACF000D9E704233360002FD2D10020BDE8F087CC
:10AD00001CF80220520709D500290CBF002205F0CB
:10AD100001021AB14D1E9D4231D0154601318842C3
:10AD2000C7D1002D42D1284601230CE0BEF17E0F91
:10AD300001D1012847D05A1C8B4200F1010004F1D7
:10AD4000010413462ED28045F5D022782F2AEDD16A
:10AD500062781CF802205207EDD504223260002FE1
:10AD6000CBD000203B609EE70B2070470B209AE77A
:10AD70000029D3D006233360002FB7D1BDE70923C4
:10AD80003360002FB2D1B8E7002DC7D0082333605D
:10AD9000002FABD1B1E7002DF8D10B460125BDE75F
:10ADA0000025BBE70023184633607CE705223260AC
:10ADB000002FD6D1A1E7002D14BF08230323336051
:10ADC000002F93D199E707233360002F95D00123FB
:10ADD000C7E700BFC202020828B370B50446406846
:10ADE000E0B104F10800F8F781FBC0B12368C3B1FA
:10ADF000002560682E4650F82500E368A169984751
:10AE0000D4E9003040F8256001359D42F3D3E36872
:10AE1000A169984700231846C4E9003370BD0B2090
:10AE200070BD6068F3E70B20704700BF82B002B0CE
:10AE3000704700BF234A2DE9F041126894B01A9E72
:10AE4000BDF86C5013911293C2B3BDF84C109DF82D
:10AE50004E0001E052688AB39468A38A8B42F9D10C
:10AE6000A37D8342F6D1482204F13001684602F006
:10AE7000EFF904F1280320460CCBFAF737FC07461C
:10AE8000E0B1D0F808802A46304608F1100100F001
:10AE90003FFA30B939460C4814B0BDE8F04100F033
:10AEA000BDB8C8F81448C8F81058FAF71DFA08F5E4
:10AEB0000262052342E9020188F8203814B0BDE897
:10AEC000F08100BFD0FE0124C0FE012424482DE9FA
:10AED000F041006894B01A9EBDF86C701391002880
:10AEE0003BD01D4601E04068B8B38468218B914295
:10AEF000F9D1482204F12801684602F0A9F904F1C9
:10AF0000200320460CCBFAF7F1FB804628B33046ED
:10AF1000D8F808603A4606F1100100F0F9F930B9A6
:10AF20004146104814B0BDE8F04100F077B80FCDAD
:10AF300006F6280CC6F81448C6F81078ACE80F00DE
:10AF400095E803008CE80300FAF7CEF906F50262F3
:10AF5000032342E9020186F8203814B0BDE8F081ED
:10AF6000A0FE0124C0FE012422482DE9F041006822
:10AF700094B01A9EBDF86C701391B8B31D4601E0F1
:10AF8000406898B38468218B9142F9D1482204F13A
:10AF90002801684602F05CF904F1200320460CCB3E
:10AFA000FAF7A4FB804608B33046D8F808603A4662
:10AFB00006F1100100F0ACF930B941460E4814B06A
:10AFC000BDE8F04100F02AB80022C6F81448C6F8DF
:10AFD0001078C6F82C28C6F82858FAF785F906F52F
:10AFE0000262042342E9020186F8203814B0BDE869
:10AFF000F08100BF10A80124C0FE01240346406870
:10B0000058B142685A600AB1002111601A68426062
:10B0100002B1106000220260186070470B680BB12B
:10B020004A685A604A6802B1136003688B424368F9
:10B0300008BF02604B6003B1196000230B604160E0
:10B04000704700BF38B505460848FFF7D7FF0346ED
:10B0500048B184680023E5612374F8F70DFF04F11B
:10B060001403C4E90504184638BD00BF60FE01247E
:10B0700008B5084B196811B90AE0496841B18B68F5
:10B0800014339842F9D10348FFF7C8FF002008BDE8
:10B09000012008BD60FE01242DE9F041054684B081
:10B0A00022480F461646FFF7A9FF0446002839D06C
:10B0B0002B690221846803F58053DFF87880B3F8A8
:10B0C0009605421CC4E90565A3F89625FBF7DCF953
:10B0D0003C22206141463846FAF76AFCF0B1144F31
:10B0E000304664223946FAF735FCB8B128690621A2
:10B0F0006B69D0F8842300F52870CDF80080CDE985
:10B10000017111682269FAF77DFF02462869D0F8BB
:10B110008C33D0F88413FAF7E9FB18B920460024E1
:10B12000FAF7D8FA204604B0BDE8F081E0FE012429
:10B1300054FF012418FF012438B58569DDB10446A8
:10B140002869D0F8883300F5287022691968FAF761
:10B15000DBFE02462869D0F88813D0F89033FAF75E
:10B16000C5FB03462046002B14BF00240224FAF737
:10B17000B1FA204638BD0124204638BD2DE9F04102
:10B1800019461F4605469046F5F716F8E0B93E46C3
:10B190000BE04144A8682246361B02F059F8AB6820
:10B1A000286923442044AB602861314601222846A7
:10B1B000F5F78CF8B91B04460028EAD10123A87DD5
:10B1C0006B755840BDE8F0813A464146A86802F0E8
:10B1D0003FF8AA682B693A443B44AA602B61EDE72B
:10B1E0002DE9F04119461F4605469046F4F7E4FF65
:10B1F000E8B93E460CE008EB0300A9682246361B7E
:10B2000002F026F8AB68286923442044AB6028612B
:10B21000314601222846F5F759F8BB1B04460028A1
:10B22000E9D10123A87D6B755840BDE8F0813A460D
:10B23000A968404602F00CF8AA682B693A443B44DE
:10B24000AA602B61EDE700BF2DE9F0418846114669
:10B2500017460546F4F7B0FFE0B93E460BE041441F
:10B26000A8682246361B01F0F3FFAB682869234427
:10B270002044AB602861314601222846F5F726F8C4
:10B28000B91B04460028EAD10123A87D6B755840FC
:10B29000BDE8F0813A464146A86801F0D9FFAA68A6
:10B2A0002B693A443B44AA602B61EDE72DE9F0415C
:10B2B00019461F4605469046F4F77EFFE0B93E4624
:10B2C0000BE04144A8682246361B01F0C1FFAB6881
:10B2D000286923442044AB60286131460122284676
:10B2E000F4F7F4FFB91B04460028EAD10123A87D36
:10B2F0006B755840BDE8F0813A464146A86801F0B8
:10B30000A7FFAA682B693A443B44AA602B61EDE78A
:10B310002DE9F0418846114617460546F4F74CFFE3
:10B32000E8B93E460CE008EB0300A9682246361B4C
:10B3300001F08EFFAB68286923442044AB6028618C
:10B34000314601222846F4F7C1FFBB1B0446002802
:10B35000E9D10123A87D6B755840BDE8F0813A46DC
:10B36000A968404601F074FFAA682B693A443B443F
:10B37000AA602B61EDE700BF2DE9F04119461F4699
:10B3800005469046F4F718FFE8B93E460CE008EB96
:10B390000300A9682246361B01F05AFFAB682869F2
:10B3A00023442044AB602861314601222846F4F74B
:10B3B0008DFFBB1B04460028E9D10123A87D6B75D6
:10B3C0005840BDE8F0813A46A968404601F040FF88
:10B3D000AA682B693A443B44AA602B61EDE700BFA1
:10B3E00070B515460E46017D0446F4F73BFA0DB9DB
:10B3F000012070BD2B463246217D2046BDE87040BD
:10B40000FFF7BCBE2DE9F0411D4616460F461A4611
:10B41000017D0446F4F74EFB2B689E4201D20122C7
:10B42000A27513B90120BDE8F0813A46217D20467E
:10B43000BDE8F041FFF7D4BE70B515460E46017D5C
:10B440000446F4F70FFA0DB9012070BD2B463246C1
:10B45000217D2046BDE87040FFF728BF2DE9F0416F
:10B460001D4616460F461A46017D0446F4F722FB98
:10B470002B689E4201D20122A27513B90120BDE8BA
:10B48000F0813A46217D2046BDE8F041FFF774BFC8
:10B4900010B582B0044608460191E4F781FF0246E8
:10B4A00001992046013202B0BDE81040FFF798BF75
:10B4B00000B583B001ABFFF7A5FF03B05DF804FB57
:10B4C0004FF6FF73038070474FF6FF73038070479A
:10B4D00038B5044600880D4600F046FD0346C00F0F
:10B4E000002BB8BF258038BD70B50C4605460889CD
:10B4F0002B68267DD1E90012B2FBF0F2A3EB010C20
:10B50000BCFBF2FC0CF1010C1FFA8CF3B3FBF0FC5A
:10B5100000FB1C339BB202FB03F3181D084450F8D8
:10B52000042C16B1002640F8046C032A01D801202F
:10B5300070BD08332846043A19442B69F4F788FE95
:10B54000284622460249F4F75FFE002070BD00BF86
:10B55000E9B4010810B5C0E900120024029A038181
:10B5600002610475C3B10C600189012914D94FF03F
:10B57000010C43680CF1010EBCFBF1F2B3FBF1F3DB
:10B5800001FB12C21FFA8EFC92B202FB03F30268A7
:10B59000D45001896145ECD84FF0FF33C36010BD32
:10B5A0000189D9B110B54FF0000EF44674464368D6
:10B5B0000EF1010EBCFBF1F2B3FBF1F301FB12C281
:10B5C0001FFA8EFC92B202FB03F30268D450018989
:10B5D0006145ECD84FF0FF33C36010BD4FF0FF332F
:10B5E000C36070472DE9F84304460D4601891746AC
:10B5F0008089984600F0B0FC29460646A08900F0F4
:10B60000B3FC00280ADB00262946E08900F0ACFCE8
:10B61000002800DAE5813046BDE8F8833046294647
:10B6200000F0A2FC0028EEDB2369384698478146EB
:10B630000121A08900F090FCB9F1000F08BF8542FC
:10B640000CBF0126002604D10023089AA0811370A4
:10B65000DAE722896368B5FBF2F0B3FBF2F302FB91
:10B66000105080B203FB00F023680430184450F8F7
:10B67000043C002BC7D13946424601F0E9FD21893F
:10B680006368B5FBF1F2B3FBF1F301FB125292B226
:10B6900002FB03F3226842F803800123089A137027
:10B6A000B9F1000FAFD0A6890121304600F054FC5B
:10B6B000218963680646B0FBF1F2B3FBF1F301FBAD
:10B6C0001202206892B202FB03F30433184450F8CC
:10B6D000043C002B97D023699847022802D0012808
:10B6E000E2D090E701268FE72DE9F04704460F46A8
:10B6F00080890121904600F02FFC22896668B0FB0A
:10B70000F2F3B6FBF2F602FB13039BB203FB06F661
:10B71000236804361E4456F8049CB9F1000F23D068
:10B720000546236930469847824600B3B4F80CA01A
:10B730000121504600F010FC218982466368206890
:10B74000BAFBF1F2B3FBF1F301FB12A292B202FBDE
:10B7500003F30433184450F8043C2BB12369984791
:10B7600002281BD00128E3D00020BDE8F0874A461C
:10B7700031463846F4F774FD218963680120B5FB32
:10B78000F1F2B3FBF1F301FB125292B202FB03F3AD
:10B79000226842F803A0A581BDE8F087208906EB66
:10B7A00008016368A9EB0802B5FBF0F6B3FBF0F300
:10B7B00000FB16550020ADB203FB05F52368585178
:10B7C0003846F4F74DFD384622460349F4F71CFD90
:10B7D0000120A4F80CA0C8E7E9B4010838B5114667
:10B7E0000446C089154600F0BFFB0028B8BFE581BC
:10B7F00038BD00BF2DE9F843038904460F4685890B
:10B80000DBB12846012604E0664506F1010614D2A4
:10B81000A089B1B200F0A0FBB4F808C0B0FBFCF204
:10B82000D4E900130CFB1202B3FBFCF392B202FB4F
:10B8300003F3CB58002BE7D105463D800121E68973
:10B84000284600F08DFB0146304600F089FB064695
:10B8500028B34FF000094FF001084D461FFA89F157
:10B86000388800F079FBB4F808C0616808FA09FE6E
:10B87000226809F101094EEA050EB0FBFCF3B1FBA9
:10B88000FCF103FB1C0083B201FB03F3D3580BB99B
:10B890001FFA8EF54E45E1D12846BDE8F8830546EE
:10B8A0002846BDE8F88300BF4FF6FF7C01600373B4
:10B8B000A0F80EC0C0E90132704700BF4FF6FF721A
:10B8C000037BC28143607047F0B5044683B0406893
:10B8D0000D461646FCF760FF63681844A3684219DA
:10B8E00093422CBF0127002702D2384603B0F0BD97
:10B8F0000090002330462168F4F7A0FC61683846C8
:10B900002944616003B0F0BD2DE9F04104461D46B5
:10B910004068237B98428CBF0126002602D830461F
:10B92000BDE8F0818846E0890121174600F014FB4C
:10B930002368E08128803046C8F8003063683B60A7
:10B94000237B6360BDE8F081F8B5B1F808C00C4610
:10B9500003680546267BD1E90012B2FBFCF2A3EB9B
:10B96000010E0369BEFBF2FE0EF1010E1FFA8EFE00
:10B97000BEFBFCF70CFB17EC1FFA8CFC02FB0CFC6B
:10B9800051F80C20B444921B0CF1080C043A6144A9
:10B99000F4F75EFC284622460249F4F735FC002005
:10B9A000F8BD00BF49B9010830B59DF80C400381CE
:10B9B0000473C0E90012E3B10C60B0F808C0BCF138
:10B9C000010F16D94FF0010E43680EF10105047BFB
:10B9D0000168BEFBFCF2B3FBFCF30CFB12E21FFAA6
:10B9E00085FE92B202FB03F3CC50B0F808C0F445D8
:10B9F000EAD8074B4FF6FF724FF0FF346FF0004567
:10BA0000C0F80E30002342820384C0E9064530BDF1
:10BA10000000FFFF00000000018910B5B1B14FF038
:10BA2000000EF44643680EF1010E047BBCFBF1F2FC
:10BA3000B3FBF1F301FB12C21FFA8EFC92B202FBC0
:10BA400003F30268D45001896145EBD8084B4FF6E7
:10BA5000FF729FED057BC0F80E3000234282038405
:10BA600080ED067B10BD00BFFFFFFFFFFFFFFF7FE4
:10BA70000000FFFF2DE9F04F044691B000898B468E
:10BA8000E68904926568236894F80C90B6FBF0F29E
:10BA9000B5FBF0F500FB12622F1F92B205FB0232DC
:10BAA000111DD2F800800391002800F04A814FF068
:10BAB000000CE24661460CF1010CB1FBF0F200FB18
:10BAC00012121FFA8CF192B205FB02F29A584A4503
:10BAD00003D10AF1010A1FFA8AFA8142EBD34046E8
:10BAE0000421CDF814A0F4F7BFFB804408EB0B024F
:10BAF000BA4240F2CA80227B5A44BA4240F2B28033
:10BB00004FF6FC72BBB2A2EB09021A4492B20AFBD6
:10BB100002F90592D9450692C0F0B38008F10402FB
:10BB2000BA4280F0DA80A3F10409059BA9EB080969
:10BB30001FFA89F9ABEB090BBBFBF3F203FB12B362
:10BB4000002B40F0C48093B2534500F29A80002B42
:10BB500000F0F980CDF81C804FF0000ADDF8148069
:10BB60000DF1200B05951D4600E0C146228958467F
:10BB700063680AF1010AB6FBF2F1B3FBF2F302FBD0
:10BB800011613A4689B203FB01F12368043119447B
:10BB9000002351F804CCCDF800C0F4F74FFB4A461F
:10BBA00000230D215846FCF7B7FD21896368304614
:10BBB000B6FBF1F2B3FBF1F301FB1262012192B289
:10BBC00002FB03F32268D75000F0C6F906461FFABD
:10BBD0008AF39D42C9D8DDF81C80059D20893A462C
:10BBE0006368B6FBF0F1B3FBF0F300FB116158465C
:10BBF00089B201FB03F3216804331944002351F88F
:10BC0000047C0097F4F71AFB069F58460223BAB249
:10BC10000D21FCF781FD08F10401039BA5F1080249
:10BC200025890B44A2EB0802B6FBF5F019466368C0
:10BC300005FB1060B3FBF5F380B2256800FB03F34E
:10BC4000207B04303844E850049D2846F4F708FB74
:10BC5000284622463D49F4F7D7FA0120E68111B083
:10BC6000BDE8F08F0121E08900F076F905462189D1
:10BC7000608A00F071F90146284600F075F9002845
:10BC800044DD002011B0BDE8F08F2189608A059263
:10BC900000F062F90146304600F066F90028059A86
:10BCA000EFDC2589D4E90073B6FBF5F4B3FBF5F3BB
:10BCB00005FB1464A4B204FB03F3DDE90310FA509E
:10BCC0000023CDF80080F4F7B9FA0120DAE7013259
:10BCD000069393B25345D4D839E7304601210793F0
:10BCE00000F03AF9064620896268B6FBF0F1B2FB33
:10BCF000F0F200FB116189B201FB02F2216804320B
:10BD00008B1853F8048C0393079B0CE72189636815
:10BD10000498B5FBF1F2B3FBF1F301FB1252216879
:10BD200092B202FB03F3227B04335A44194441F8D4
:10BD3000042C237B00930023F4F780FA0120E58193
:10BD4000A0E78246CBE60DF1200B47E749B9010891
:10BD5000F8B504461D460F46008A0121164600F03C
:10BD6000FBF8288022896368B0FBF2F1B3FBF2F3A1
:10BD700002FB110CE1891FFA8CFC0CFB03FC23680D
:10BD80000CF1040C63443B6023689C445CF8043C65
:10BD9000336000F0E9F8002801DD0020F8BD237BC6
:10BDA00032689A42F9D9618A208A00F0D9F8238949
:10BDB0008342F2D02888E3892082984201D0012072
:10BDC000F8BD012100F0C8F803460120E381F8BD69
:10BDD00070B5018A0446408A15461E4600F0C4F834
:10BDE000002807DB4FF0FF326FF000430020C4E96A
:10BDF000062370BD94F8200040B9012384F8203058
:10BE0000643546F10006C4E9065670BDD4E9062340
:10BE1000954276EB030304DB431C012084F82030B9
:10BE2000EEE70020ECE700BF408A70472DE9F041C3
:10BE300090F8217097B180460D4616461C4618882A
:10BE4000012100F089F82080B8F8101000F08CF87B
:10BE5000002806DD00231F4688F821303846BDE85B
:10BE6000F081B8F808202088D8F80410B0FBF2F36D
:10BE7000B1FBF2FC02FB13039BB203FB0CFCD8F8F2
:10BE800000300CF1040C63442B60D8F8003063449C
:10BE900053F8043C336098F80C209A42D0D0DDE788
:10BEA000F8B504460E461046012100F059F8618AA3
:10BEB00000F056F8C8B1054600270121608A00F05D
:10BEC0004BF823896268013794F80CC02168BD42A1
:10BED0006082B0FBF3FEB2FBF3F203FB1E039BB2E6
:10BEE00002FB03F341F803C0E7D1003E4FF000032B
:10BEF00018BF012684F8203084F82160F8BD00BF07
:10BF0000018A408A08B500F02FF8B0FA80F04009A5
:10BF100008BD00BF0189E1B143684FF0000C30B5A6
:10BF2000B3FBF1FE05686246047B60460CF1010C30
:10BF3000B2FBF1F301FB13231FFA8CF29BB20EFB51
:10BF400003F3EB589C4201D1013080B28A42EDD319
:10BF500030BD0846704700BF084480B2704700BF3C
:10BF6000401A80B2704700BF884211D009D388427E
:10BF700010D9401AB0F5004FD4BF01204FF0FF3068
:10BF800070470B1AB3F5004FF1DA4FF0FF307047EE
:10BF900000207047012070471FB514461A46094B10
:10BFA0001B680546D8684CB1074B0091CDE90134B8
:10BFB00006492B4600F0BCFE01F058F9044B1C4624
:10BFC000F3E700BFBC030024F800020805010208E3
:10BFD00033010208024B0A460146186800F002B815
:10BFE000BC03002470B5A1FB025434B9294600F00B
:10BFF0002FFB064628B9304670BD0C220260002691
:10C00000F9E72A46214601F03EF8F4E707B5044B6C
:10C01000014601AA186800F005F803B000BD00BF92
:10C02000BC0300242DE9F84FDFF86CA006468946D2
:10C03000174601F0F7FEDAF8004034B14B46984657
:10C0400013F8012B3AB13D2AF9D1304601F0F0FE48
:10C050000020BDE8F88FA8EB0908A34654F8040BAC
:10C060000028F2D04246494601F022F80028F4D1D7
:10C0700054F8043C03EB080513F808303D2BECD1D1
:10C08000DAF80030ABEB03039B1030463B6001F065
:10C09000CFFE681CDDE700BF10000024F0B52DEDD9
:10C0A000028BB0EE408B85B017460D9D0C9E18EEAE
:10C0B000902A25F02005002AB6BF2D220022B1EEDD
:10C0C000408B462D0C461A7004D0452D00D101340A
:10C0D000022100E0032103AB019302AB009322464F
:10C0E0003346B0EE480B01F053F9472D14D1FB074E
:10C0F0000AD50219B5EE408BF1EE10FA08BF039293
:10C100003021039B934219D3039B0E9A1B1A136091
:10C1100005B0BDEC028BF0BD462D00EB0402E9D169
:10C120000378302B07D1B5EE408BF1EE10FA1CBF2F
:10C13000C4F10104346033681A44DBE75C1C0394E7
:10C140001970DEE7F7B50029BABF49422D232B232A
:10C1500009290270437029DD0DF1070425460A27DD
:10C160002246B1FBF7F607FB1613303302F8013C09
:10C170000B46632B04F1FF343146F1DC3031931E62
:10C1800004F8011C411C1C46AB420AD30DF1090303
:10C190009B1AA54238BF0023821C1344181A03B00F
:10C1A000F0BD13F8016B01F8016FEDE7302330317A
:10C1B0008370C170031DF1E72DE9F04F8DB00C467F
:10C1C000DDF8588016461F46054600F0D7FFD0F828
:10C1D00000B05846E4F7E4F800230A93D8F800309A
:10C1E00094F8189022680590073323F00703B3EC06
:10C1F000020B9FED997BB0EEC06BB4EE476BF1EE96
:10C2000010FAC8F8003084ED120B24DDB5EEC00B37
:10C21000F1EE10FA02D52D2384F843309049914B6A
:10C22000B9F1470F8CBF8846984622F004020323D9
:10C23000236122604FF0000A009733460BAA214683
:10C24000284600F085FA013040F089804FF0FF3039
:10C250000DB0BDE8F08FB4EE400BF1EE10FA09D747
:10C2600010EE903A002BBCBF2D2384F843307E495A
:10C270007E4BD5E76368591C09F0DF0A39D10623E4
:10C28000636042F480620023226003930AABCDE92D
:10C29000019309AB009361680DF123032846FFF772
:10C2A000FDFEBAF1470F0999804629D1C81C02DB6F
:10C2B00063688B4241DAA9F102095FFA89F9013911
:10C2C0004A4604F150000991FFF73CFF0A9A1318FF
:10C2D000012A8246236102DC2268D20701D501339C
:10C2E00023619DF82330002BA6D02D2384F8433002
:10C2F000A2E7BAF1470FC4D1002BC2D10123BFE797
:10C30000B9F1650FDBD9B9F1660F18D1002963685F
:10C310000BDD216113B92268D00702D501330B442C
:10C320002361A1654FF0000ADBE713B92268D20749
:10C3300001D50233F4E70123F2E74FF067090A9BC6
:10C340008B4205DC23682161D807EAD54B1CE7E75F
:10C350000029D4BFC1F1020201221344E0E723689F
:10C360005A0507D42369424631462846B84701306A
:10C370002AD16BE7B9F1650F40F2E28094ED127BB0
:10C38000B5EE407BF1EE10FA33D1394A0123314644
:10C390002846B84701303FF459AFDDE90938434535
:10C3A00002DB2368D8070FD5059B5A46314628463D
:10C3B000B84701303FF44AAF4FF0000908F1FF38A9
:10C3C00004F11A0AC84509DC23689B0700F10981BA
:10C3D000E0680B9B9842B8BF184639E701235246E4
:10C3E00031462846B84701303FF430AF09F1010922
:10C3F000E8E7099B002B3DDC1D4A01233146284616
:10C40000B84701303FF422AFDDE9093959EA0303A7
:10C4100002D12368D907D7D5059B5A46314628460D
:10C42000B84701303FF412AF4FF0000A04F11A0B85
:10C43000099B5B42534501DC4B4694E701235A4676
:10C4400031462846B84701303FF400AF0AF1010AEF
:10C45000EEE700BFAFF30080FFFFFFFFFFFFEF7FBE
:10C460003801020834010208400102083C010208B8
:10C4700044010208A36DDDF828A05345A8BF534628
:10C48000002B994637DC0023079329EAE97904F168
:10C490001A02A36D07990693A3EB09038B4231DCC3
:10C4A000099B9A453BDC2368DA0738D4099BAAEB41
:10C4B0000309069BAAEB03039945A8BF9946B9F166
:10C4C000000F34DC4FF0000829EAE97904F11A0B77
:10C4D000099BAAEB0303A3EB090343457FF774AF62
:10C4E00001235A4631462846B84701303FF4AEAEE4
:10C4F00008F10108ECE7424631462846B8470130CA
:10C50000C1D1A3E60123314628460692B84701303F
:10C510003FF49CAE079B069A01330793B9E7059B4E
:10C520005A4631462846B8470130BFD18EE6069AB2
:10C530004B46424431462846B8470130C2D185E6D1
:10C54000DDF82890B9F1010F01DCDB0736D50123B6
:10C55000424631462846B84701303FF477AE059B46
:10C560005A4631462846B84701303FF46FAE94ED45
:10C57000127BB5EE407BF1EE10FA09F1FF3918D0CD
:10C580004B4608F1010231462846B84701300CD12C
:10C590005CE601235A4631462846B84701303FF44D
:10C5A00055AE08F10108C845F3DB534604F15002CB
:10C5B000DAE64FF0000804F11A0BF4E701234246D3
:10C5C000E1E701234A4631462846B84701303FF4A7
:10C5D0003DAE08F10108E3680B995B1A4345F0DCB6
:10C5E000F6E64FF0000804F11909F4E7024B0146A2
:10C5F000186800F02DB800BFBC030024024B0146B0
:10C60000186801F01BBC00BFBC03002470B50F4EBE
:10C610000C463168054611B900F072FD30602146C4
:10C62000284600F06DFD431C03D14FF0FF34204637
:10C6300070BDC41C24F00304A042F8D0211A28467F
:10C6400000F05EFD0130F2D1EFE700BFB8FF01243A
:10C650002DE9F843CD1C25F0030508350C2D38BF16
:10C660000C25002D064601DBA94204D90C233360BA
:10C670000020BDE8F883DFF8D48000F033FAD8F862
:10C6800000301C4644BB29463046FFF7BFFF431C21
:10C69000044658D1D8F800402746002F43D1002C3B
:10C6A0004BD023683946304604EB030900F028FDDF
:10C6B000814542D121686D1A29463046FFF7A6FF11
:10C6C00001303AD023682B442360D8F800305A68F0
:10C6D00062BBC8F800700FE02268521B20D40B2AFE
:10C6E00017D96119A342256018BF5960636808BF54
:10C6F000C8F8001062514B60304600F0F9F904F1BF
:10C700000B00231D20F00700C21A1CBF1B1AA350E8
:10C71000AFE76268A3420CBFC8F800205A60EBE79D
:10C7200023466468AEE73C467F68B6E71A465B6816
:10C73000A342FBD100235360DEE70C233360304675
:10C7400000F0D6F994E70560D6E700BFBCFF0124EE
:10C750002DE9F047164698468A680B69DDF8209067
:10C760009342B8BF1346336091F8432007460C4606
:10C770000AB1013333602368990642BF336802333C
:10C780003360256815F0060506D104F1190AE3683F
:10C7900032689B1AAB4226DC94F843302268003B97
:10C7A00018BF012392062BD404F1430241463846B8
:10C7B000C84701301ED02368226903F00603042B0A
:10C7C00002BFE5683368ED1AA3680CBF25EAE5757A
:10C7D00000259342C4BF9B1AED1800261A34B542B7
:10C7E0001AD1002008E00123524641463846C84786
:10C7F000013003D14FF0FF30BDE8F0870135C6E7C7
:10C80000E1185A1C302081F84300224494F8451066
:10C8100082F843100233C7E70123224641463846D7
:10C82000C8470130E6D00136D9E700002DE9F043D2
:10C830000D7E85B0782D90460C9E07460C46994695
:10C8400001F1430207D8622D0AD8002D00F0D780ED
:10C85000582D00F0BC8004F1420684F842503BE0C1
:10C86000A5F16303152BF6D801A151F823F000BF01
:10C87000C9C80108DDC8010857C8010857C8010820
:10C8800057C8010857C80108DDC8010857C8010882
:10C8900057C8010857C8010857C80108E5C9010869
:10C8A00007C9010897C9010857C8010857C80108F6
:10C8B00007CA010857C8010807C9010857C8010875
:10C8C00057C801089FC9010833681A1D1B683260E8
:10C8D00004F1420684F842300123A1E03368206865
:10C8E000191D3160060601D51D6803E04506FBD51C
:10C8F000B3F90050002D03DA2D236D4284F8433044
:10C900005B480A2311E021683368080653F8045B8A
:10C9100002D4490648BFADB23360237E54486F2B22
:10C920005CD10823002184F843106668A660002EBD
:10C9300005DB21682E4321F00401216050D016460A
:10C94000B5FBF3F103FB115C10F80CC006F801CD48
:10C95000AC4663450D46F3D9082B0BD12368DB07A2
:10C9600008D5236961689942DEBF302306F8013C8F
:10C9700006F1FF36921B2261CDF80090434603AAD0
:10C9800021463846FFF7E4FE01304ED14FF0FF302C
:10C9900005B0BDE8F083236843F0200323603548E9
:10C9A000782584F845502368316813F0800F51F8DA
:10C9B000045B03D113F0400F18BFADB23160D9074B
:10C9C00044BF43F0200323601DB11023AAE7284889
:10C9D000E7E7236823F020032360F6E70A23A1E7B3
:10C9E0001646B9E7336825686169181D30602E0660
:10C9F0001B6801D5196002E06806FBD51980002389
:10CA000023611646B8E733681A1D32601E686268F3
:10CA100000213046E3F774FC08B1801B6060636856
:10CA20002361002384F84330A6E723693246414658
:10CA30003846C8470130A9D023689B0713D4E06863
:10CA4000039B9842B8BF1846A2E7012332464146ED
:10CA50003846C847013099D00135E36803995B1A1D
:10CA6000AB42F2DCEBE7002504F11906F5E700BF65
:10CA700046010208570102080CB430B5184B0C1ED1
:10CA80001D689DB008DA8B232B604FF0FF301DB07E
:10CA9000BDE8304002B070474FF40273ADF8143077
:10CAA0004FF000031B9314BF04F1FF33234604939C
:10CAB00007934FF6FF7302900690ADF81630209A58
:10CAC00021AB02A92846019301F062FA431CBCBFC6
:10CAD0008B232B60002CDAD0029B00221A70D6E741
:10CAE000BC030024014800F046BB00BFFD00022447
:10CAF000014800F041BB00BFFD00022438B5104BD7
:10CB00001D682A6B0446B2B91820FFF76FFD024674
:10CB1000286320B90B4B0C484621FFF73DFA0B491F
:10CB20000B4BC0E900130B4B83600B238381002167
:10CB30000120C2E9040100231461536138BD00BF24
:10CB4000BC030024680102087F0102080E33CDAB4C
:10CB500034126DE6ECDE0500164B10B51C68226B36
:10CB6000B2B91820FFF742FD0246206320B9124BEC
:10CB700012485221FFF710FA1149124BC0E9001375
:10CB8000114B83600B23838100210120C2E9040142
:10CB900013690E4854690E49584301FB0400A3FB76
:10CBA0000131013340EB0100C2E9043020F00040C4
:10CBB00010BD00BFBC030024680102087F01020809
:10CBC0000E33CDAB34126DE6ECDE05002DF451587A
:10CBD0002D7F954C024B0A460146186800F0F6B8C6
:10CBE000BC030024002310B50446C0E90033C0E9AB
:10CBF0000433836081814366C281836119460822C0
:10CC00005C3000F040FA0D4B63620D4BA3620D4B9C
:10CC1000E3620D4B23630D4B24629C4206D003F16B
:10CC20006802944202D0D0339C4205D104F15800EE
:10CC3000BDE8104000F09EBA10BD00BF71EC0108C5
:10CC400093EC0108CBEC0108F1EC0108C0FF0124D2
:10CC5000024A0349034800F05FB900BFB003002453
:10CC600001E50108C003002441680C4B994210B54E
:10CC7000044601D001F044FCA168094B994202D05E
:10CC8000204601F03DFCE168064B994204D0204665
:10CC9000BDE8104001F034BC10BD00BFC0FF01244E
:10CCA00028000224900002240C4B0D4A0D4810B5B8
:10CCB00004211A600022FFF795FF0A4B01221C464F
:10CCC000092103F16800FFF78DFF04F1D000022273
:10CCD000BDE810401221FFF785BF00BFF800022415
:10CCE00051CC0108C0FF0124014800F044BA00BF44
:10CCF000FE000224014800F03FBA00BFFE000224FB
:10CD000010B50446FFF7F0FF236A1BB1BDE81040E1
:10CD1000FFF7F0BF044B2362044B1B68002BF5D1D7
:10CD2000FFF7C2FFF2E700BF69CC0108F800022458
:10CD30000EB403B5014603AB054853F8042B006855
:10CD4000019301F047FA02B05DF804EB03B07047BD
:10CD5000BC03002430B51446002C9BB005461A468F
:10CD600005DA8B2303604FF0FF301BB030BD4FF46A
:10CD70000273ADF80C304FF00003199314BF04F1A7
:10CD8000FF332346029305934FF6FF7300910491FE
:10CD9000ADF80E3069461E9B01F0FAF8431CBCBF8B
:10CDA0008B232B60002CE0D0009B00221A70DCE764
:10CDB00007B5009313460A46014603480068FFF78B
:10CDC000C9FF03B000BD00BFBC0300242DE9F04142
:10CDD000074614460D4621B9BDE8F0411146FFF75C
:10CDE00037BC2AB901F02AF825462846BDE8F0816B
:10CDF00001F036FF8442064602D8B4EB500FF4D857
:10CE000021463846FFF724FC804608B94546ECE742
:10CE1000B4422246294628BF324600F019FA294674
:10CE2000384601F00BF8F1E72DE9F043344E864621
:10CE30000D46284615F8014B375D17F00807F8D165
:10CE40002D2C10D12C780127851C33F0100015D122
:10CE5000302C0DD1287800F0DF00582808D16C78EC
:10CE6000023510230AE02B2C04BF2C78851CECE73C
:10CE7000002BF6D1302C14BF0A2308234FF0FF38C3
:10CE80000026B8FBF3F803FB08F96FEA09093046FE
:10CE9000A4F1300CBCF1090F10D86446A3421EDD8A
:10CEA000B6F1FF3F07D0804516D301D1A14513DB72
:10CEB00000FB0340012615F8014BE9E7A4F1410C02
:10CEC000BCF1190F01D8373CE8E7A4F1610CBCF1C3
:10CED000190F04D8573CE1E74FF0FF36EBE7731C1E
:10CEE00006D12223CEF80030304632B9BDE8F083B7
:10CEF00007B14042002AF9D006B1691E1160F5E77A
:10CF0000C202020813460A46014602480068FFF7BB
:10CF10008BBF00BFBC0300242DE9F84307468846B9
:10CF200014460026D4E90195B9F1010905D5246814
:10CF3000002CF7D13046BDE8F883AB89012B07D927
:10CF4000B5F90E30013303D029463846C0470643B1
:10CF50006835E9E70FB407B5064904AB086853F82C
:10CF6000042B8168019301F035F903B05DF804EBFF
:10CF700004B07047BC030024036A70B5846805469A
:10CF80000E460BB9FFF7BCFE636EDB0705D4A38921
:10CF9000980502D4A06D00F0EEF8A389190702D518
:10CFA0002369002B35D12146284601F0E3FE80B3EA
:10CFB0004FF0FF35636EDA0705D4A3899B0502D4D1
:10CFC000A06D00F0D9F8284670BD002B04DAA269E4
:10CFD000934217DB0A2915D023685A1C2260197066
:10CFE000A36816F8011F013BA3600029EDD1002BB7
:10CFF00011DA22460A21284601F07EFE0130D7D000
:10D000000A25D7E72246284601F076FE0130E7D10F
:10D01000CEE7013EE4E723685A1C22600A221A7018
:10D02000EEE70000024B01461868FFF7A5BF00BFFE
:10D03000BC03002410B501390244904201D1002004
:10D0400005E0037811F8014FA34201D0181B10BD71
:10D050000130F2E7884210B501EB020402D98442A4
:10D06000234607D8431EA14207D011F8012B03F82D
:10D07000012FF8E70244824200D110BD13F8011DD0
:10D0800002F8011DF7E702440346934200D17047BE
:10D0900003F8011BF9E7C9B20346184613F8012B40
:10D0A00012B18A42F9D17047002918BF0020704799
:10D0B00010B56AB10139841810F8012B11F8013F3D
:10D0C0009A4203D1A04201D0002AF5D1D01A10BD56
:10D0D0001046FCE70A7870B56AB970BD9A4209D16A
:10D0E0000C46054614F8013F002BF6D015F8016FE9
:10D0F0009E42F7D001300378002BEFD11846ECE7C1
:10D1000038B5064D0023044608462B60E5F702F9C2
:10D11000431C02D12B6803B1236038BD00010224F7
:10D12000014B1868704700BFBC03002470B50D4B5D
:10D130000D4D5B1B9C100026A64209D101F098FF03
:10D140000A4D0B4B5B1B9C100026A64205D170BDFF
:10D1500055F8043B98470136EEE755F8043B9847ED
:10D160000136F2E7C8040208C8040208C80402082D
:10D17000D8040208704770477047000000487047A5
:10D18000FC0400242D4B1B68834270B5044653D029
:10D19000C3691BB3DB6863B10025E369DB685959D8
:10D1A000B1B90435802DF8D1E3692046D96800F083
:10D1B00045FEE369196811B1204600F03FFEE369BE
:10D1C0009D685DB1294620462D6800F037FEF8E7DE
:10D1D0000E68204600F032FE3146E1E7616911B188
:10D1E000204600F02BFEE16911B1204600F026FE3A
:10D1F000216B11B1204600F021FE616B11B1204678
:10D2000000F01CFEA16B11B1204600F017FEA16CCE
:10D2100011B1204600F012FE616C11B1204600F001
:10D220000DFEE16A11B1204600F008FE236A1BB131
:10D230002046BDE87040184770BD00BFBC03002405
:10D24000034611F8012B03F8012B002AF9D170478E
:10D250000A44914200F1FF3300D1704710B511F834
:10D26000014B03F8014F9142F9D110BD08B50620DA
:10D2700001F05AFE0120E4F7F1FF2DE9F74F0369B1
:10D280000C69A34207467EDB013C01F11408A300B0
:10D2900000F11405009305EB8403019358F8243042
:10D2A00055F8242001339A4208EB8409B2FBF3F6C7
:10D2B0002ED34FF0000AC446AE46D3465CF8043B7A
:10D2C00098B206FB00A0020C1B0C06FB0323DEF841
:10D2D000002080B292B2121A5A44DEF800004FEADF
:10D2E000134A9BB2C3EB224303EB104392B242EAD0
:10D2F0000342E1454EF8042B4FEA234BDED2009B5C
:10D30000EB582BB9019B043B9D421A462FD33C613D
:10D31000384601F099FB002825DB2946002058F803
:10D32000042BD1F800C01FFA82FE1FFA8CF3A3EB86
:10D330000E030344120CC2EB234202EB1C429BB2CD
:10D3400043EA0243C14541F8043B4FEA2240E6D29A
:10D3500055F8242005EB840322B9043B9D421A466C
:10D360000BD33C610136304603B0BDE8F08F126844
:10D37000043B002ACBD1013CC6E71268043B002ADB
:10D38000EFD1013CEAE70020EEE7000000000000DA
:10D390002DE9F04F2DED028B91B08DED080B07922A
:10D3A000C2691C9E059155EC104B81460D9382B9C4
:10D3B0001020FFF71BF90246C9F81C0020B99E4B4C
:10D3C000EF219E48FEF7E8FD0023C0E9013303602A
:10D3D000C360116859B152684A60012393408B6061
:10D3E000484601F0F3F8D9F81C3000221A602F1ECD
:10D3F000B5BF0123002333603360914BBCBF27F0DE
:10D4000000470997BB4310D10D9AC7F3130742F2A7
:10D410000F732743136000F0D4841D9B894F002BAA
:10D4200000F0D684FB1C00F0D1BC9DED088BB5EE5E
:10D43000408BF1EE10FA0AD10D9A012313601D9B67
:10D4400013B11D9A804B1360804F00F0C1BC0EAA2F
:10D450000FA94846B0EE480B01F0AAFB3B0D0E9A0F
:10D46000019046D0B0EE487B18EE901AC1F313013C
:10D4700041F07F5141F44011A3F2FF33002007EE49
:10D48000901AB7EE086B9FED665B37EE467B9FED1B
:10D49000666BA7EE056B9FED665B07EE903AB8EE04
:10D4A000E74BB0EE467BA4EE057BFDEEC76BB5EE19
:10D4B000C07BF1EE10FA16EE908A0B9008D5B8EE0C
:10D4C000E66BB4EE476BF1EE10FA18BF08F1FF38C7
:10D4D000B8F1160F2BD85E4901EBC80191ED007B26
:10D4E000B4EEC78BF1EE10FA01D508F1FF38002138
:10D4F0001EE00F9B134403F232412029C1BFC1F14A
:10D5000040018F4003F2124124FA01F1D6BFC1F16C
:10D510002001394304FA01F107EE901AB8EE677B57
:10D52000013B17EE901A0120A1F1F871A7E7012144
:10D53000D21A531E049345BFC2F101030293002384
:10D5400000234CBF04930293B8F1000F0C9118DB39
:10D55000049BCDF82880434404930023059A092AAC
:10D5600045D8052AC4BF043A0592059AA2F10202E1
:10D57000CCBF00240124032A44D8DFE802F034366B
:10D58000170B029B0022A3EB080302930A92C8F137
:10D590000003E3E701220692079A08EB020B0BF166
:10D5A000010A5246012AB8BF012206E00122069272
:10D5B000079A002A29DD93469246D9F81C5000218B
:10D5C000042000F11406964226D969604846039368
:10D5D00000F0BEFF039B074600283DD11D4B0246CD
:10D5E00040F2AF11EDE60022E1E70022D3E701248B
:10D5F0000022CDE905244FF0FF3B0021DA4612223C
:10D600000791DAE701220692F5E74FF0010BDA46BF
:10D610005A46CDF81CB0D0E701314000D1E700BF39
:10D6200061436F63A787D23FB3C8608B288AC63F28
:10D63000FB799F501344D33F68010208E4010208BC
:10D640000000F07FE00102084501020844010208E1
:10D65000F80302083C020208D9F81C20BAF10E0FA8
:10D66000106060D8002C5ED0B8F1000F40F3A580A8
:10D67000BE4A08F00F0102EBC10218F4807F92ED60
:10D68000006B4FEA281100F08A80B94A92ED087BBE
:10D6900001F00F01032288EE075BB548002940F036
:10D6A000828085EE067B0C99002900F0AC80B7EEF5
:10D6B000006BB4EEC67BF1EE10FA40F1A480BAF133
:10D6C000000F00F0A080BBF1000F2CDDB2EE046B68
:10D6D00027EE067B08F1FF31039101325E4606EE2C
:10D6E000902AB1EE0C5BB8EEE66BA6EE075B15EE8A
:10D6F000902A51EC150BA2F1507141EC160B002E43
:10D7000040F08580B1EE045B37EE457BB4EEC67B1E
:10D71000F1EE10FA00F36382B1EE466BB4EEC67B15
:10D72000F1EE10FA1FD40F9A002AC0F22381B8F14B
:10D730000E0F00F31F818D4B03EBC80393ED007BAD
:10D74000079B002B80F2C680BAF1000F00F3C28065
:10D7500009D1B1EE046B27EE067BB4EEC78BF1EE78
:10D7600010FA00F2398200263446079BDB4303930C
:10D770003D46A04600243146484600F027FFB8F158
:10D78000000F00F0A1802CB1444503D0214648464B
:10D7900000F01CFF4146484600F018FF94E00222CA
:10D7A000B0EE485B79E7CE0704D590ED007B0132FF
:10D7B00026EE076B4910083070E720D0C8F1000151
:10D7C0006A4A01F00F0002EBC00292ED007B68484C
:10D7D00028EE077B091100240222B0EE476B19B92D
:10D7E000002C07FE067B5EE7CD0705D590ED005BBC
:10D7F0000132012426EE056B49100830EFE70222C2
:10D80000B0EE487B4FE7CDF80C80564667E7574AA5
:10D8100002EBC60212ED024B069AB9194AB3B6EEF4
:10D82000003BB7EE002B3D4683EE045BB2EE043BBB
:10D8300035EE466BFDEEC74B14EE902AB8EEE45B76
:10D84000303237EE457BB4EEC67BF1EE10FA05F8C8
:10D85000012B39D432EE475BB4EEC65BF1EE10FA21
:10D860006DD48D423FF45FAF26EE036B27EE037B52
:10D87000E0E7384624EE065BB2EE043BFDEEC74B14
:10D8800014EE902A303200F8012B8842B8EEE46B97
:10D8900037EE467B1BD1B6EE006B35EE064BB4EE91
:10D8A000C47BF1EE10FA07EB060548DC36EE456B5B
:10D8B000B4EEC67BF1EE10FA7FF535AF2B4615F8C6
:10D8C000012D302AFAD01D46DDF80C8025E027EE28
:10D8D000037BD3E73D46B2EE045B88EE076BBDEEFB
:10D8E000C66B16EE103A303305F8013BEB1B9A4538
:10D8F000B8EEC64BA4EE478B30D138EE088BB4EEB1
:10D90000C78BF1EE10FA18DCB4EE478BF1EE10FA8B
:10D9100003D116EE103ADB070FD40199484600F008
:10D9200055FE00230D9A2B7008F1010313601D9B17
:10D93000002B00F04D821D604AE2CDF80C802B4692
:10D940001D4613F8012D392A05D19F42F8D1039ABB
:10D9500001320392302201321A70B5E728EE058BAE
:10D96000B5EE408BF1EE10FAB7D1D6E7F803020816
:10D97000D00302080699002900F0EA8005990129E0
:10D9800000F3CC800B99002900F0C48002F23342EE
:10D99000029D1E460393029B13440293049B0121A4
:10D9A00013444846049300F0C5FE039B044665B14A
:10D9B000049A002A09DDAA420299A8BF2A46891AB8
:10D9C00002910499AD1A8A1A04920BB3069A002A9E
:10D9D00000F0C580002E00F0BF8021463246484648
:10D9E0000B9300F067FF019A01460446484600F099
:10D9F000B7FE01990390484600F0E8FD0B9B9B1B86
:10DA000000F0B08003991A46484600F053FF019099
:10DA10000121484600F08EFE0A9B0646002B00F0CE
:10DA2000DD811A460146484600F044FF059B012B64
:10DA3000064600F3A080089B002B40F09680099BCF
:10DA4000C3F31302002A40F0928023F00042120D2B
:10DA50001205002A00F08D80029B01330293049B83
:10DA60000133049301230B930A9B002B00F0BC812C
:10DA7000326906EB8202106900F010FEC0F120004E
:10DA8000049B184410F01F0000F08180C0F12002B8
:10DA9000042A73DD029BC0F11C0003440293049B23
:10DAA000054403440493029B002B05DD01991A46AB
:10DAB000484600F05BFF0190049B002B05DD3146DA
:10DAC0001A46484600F052FF06460C9B002B60D0D9
:10DAD0000198314600F0B8FF00285ADA08F1FF3308
:10DAE0000393019900230A22484600F091FD069B0A
:10DAF0000190002B00F07A81214600230A2248463B
:10DB000000F086FDBBF1000F04466EDC059B022B86
:10DB100048DC6AE00E9AC2F1360239E70AF1FF36B4
:10DB2000B34207DBBAF1000FA3EB06060BDB029D45
:10DB300052462FE7F21A0A9B029D13440A9352465B
:10DB40003346002626E7029AA2EB0A05002221E7C7
:10DB5000029D069C1E462AE7019A039252E701990C
:10DB60001A4651E7039B019352E700237BE7089B8A
:10DB700079E70B9278E700230B9379E793D0029B28
:10DB80001C3213440293049B154413448AE7024653
:10DB9000F5E7BAF1000FCDF80C80D34621DC059BE8
:10DBA000022B1EDDBBF1000F7FF4DFAD31465B467B
:10DBB0000522484600F02CFD01460646019800F07B
:10DBC00043FF00287FF7D1AD3D46312305F8013BE7
:10DBD000039B01330393CCE5CDF80C8056463446C5
:10DBE000F2E7069B002B00F00581002D05DD2146A4
:10DBF0002A46484600F0BAFE04460B9B002B57D03D
:10DC00006168484600F0A4FC054628B9834B0246EB
:10DC100040F2EF21FFF7D5BB22690232920004F1F6
:10DC20000C010C30FFF714FB01222946484600F096
:10DC30009DFE80467B1C029307EB0B030A93089B17
:10DC400003F001030793029B0198314603F1FF3B68
:10DC5000FFF713FB2146049000F1300A019800F011
:10DC6000F3FE424606903146484600F009FFC2687E
:10DC70000546FAB90146019800F0E6FE024629463B
:10DC80004846089200F0A2FC059B089A029D42EAD1
:10DC90000301079B19430FD1BAF1390F28D0069B16
:10DCA000002B02DD049B03F1310A8BF800A062E532
:10DCB000A046BFE70122E2E7069B002B04DB0599A3
:10DCC0000B4307990B4320D1002AEEDD0199012275
:10DCD000484600F04BFE3146019000F0B5FE0028AA
:10DCE00003DCE2D11AF0010FDFD0BAF1390FD9D13C
:10DCF00039238BF800302B461D46013B15F8012CCB
:10DD0000392A56D001321A7035E5002A07DDBAF1FA
:10DD1000390FEDD00AF101038BF800302BE5029B9F
:10DD2000029A03F801AC0A9B93422CD0019900237C
:10DD30000A22484600F06CFC444501904FF0000375
:10DD40004FF00A022146484607D100F061FC044624
:10DD50008046029B0133029375E700F059FC41466F
:10DD6000044600230A22484600F052FC8046F0E7B1
:10DD7000BBF1000F0BF1FF3507F10102D8BF002501
:10DD8000A0461544002401990122484600F0EEFD0A
:10DD90003146019000F058FE0028ACDC02D11AF0A8
:10DDA000010FA8D12B461D4613F8012D302AFAD0B9
:10DDB000E1E49F42A0D1039B0133039331233B70E5
:10DDC000D9E41D9B164F1BB107F108031D9A136080
:10DDD000384611B0BDEC028BBDE8F08F059B012BDE
:10DDE0007FF729AE0A9B0B93012049E6BBF1000F98
:10DDF0007FF7D5AE3D4601983146FFF73EFA00F178
:10DE0000300A05F801ABEA1B9345B1DD0199002307
:10DE10000A22484600F0FCFB0190ECE73C020208B5
:10DE2000D70102080148FFF7A6B900BFFC00022491
:10DE30000148FFF7A1B900BFFC00022438B5054630
:10DE4000002941D051F8043C0C1F002BB8BFE41846
:10DE5000FEF748FE1D4A136833B963601460284614
:10DE6000BDE83840FEF744BEA34208D92068211817
:10DE70008B4201BF19685B6809182160EDE71A46FB
:10DE80005B680BB1A342FAD911685018A0420BD1BC
:10DE900020680144501883421160E0D118685B6823
:10DEA000536008441060DAE702D90C232B60D6E7F0
:10DEB000206821188B4204BF19685B68636004BF47
:10DEC000091821605460CAE738BD00BFBCFF0124B7
:10DED0002DE9F0478E681F46BE4282460C469046AA
:10DEE000334653D8B1F90C0010F4906F2BD065690C
:10DEF0002368096905EB4505A3EB010905EBD57519
:10DF00007B1C6D104B44AB422A4684BF1D462A46FB
:10DF1000430527D511465046FEF79AFB064658B3EF
:10DF200021694A46FFF794F9A38923F4906343F0EB
:10DF30008003A381266165614E44A5EB0905266037
:10DF4000A5603E463B461F4620683A464146FFF7DD
:10DF500081F8A3689B1BA36023683B4423600020D7
:10DF6000BDE8F0875046FEF731FF06460028E1D1B4
:10DF700021695046FFF762FF0C23CAF80030A389DD
:10DF800043F04003A3814FF0FF30E9E73E46DBE773
:10DF90002DE9F0471F468B891B069CB006460D46AF
:10DFA000144610D50B6973B94021FEF751FB286068
:10DFB000286130B90C2333604FF0FF301CB0BDE84E
:10DFC000F08740236B610023099320238DF82930CB
:10DFD00003973023654F8DF82A304FF00108234610
:10DFE000994613F8012B0AB1252AF9D1B9EB040A95
:10DFF0000BD05346224629463046FFF769FF0130D1
:10E0000000F0A480099A5244099299F80030002B3C
:10E0100000F09C8000234FF0FF32CDE9052309F189
:10E020000109049307938DF853301A934C464F48D7
:10E0300014F8011B0522E2F763F9049BD0B9D80656
:10E0400044BF20228DF85320190744BF2B228DF89E
:10E05000532099F800202A2A13D0079A4C46002012
:10E060004FF00A0C214611F8013B303B092B49D9EE
:10E0700068B913E0C01B08FA00F018430490A146E9
:10E08000D4E7039A111D12680391002A01DB07925D
:10E0900004E0524243F002030792049323782E2BAC
:10E0A0000AD163782A2B32D1039B1A1D1B68039275
:10E0B00043EAE37302340593DFF8C090217803222A
:10E0C0004846E2F71DF938B1049BA0EB0900402255
:10E0D000824013430134049314F8011B24488DF843
:10E0E00028100622E2F70CF9002835D0214818BB89
:10E0F000039B073323F0070308330393099B03446F
:10E1000009936CE70CFB02320C460120AAE70023BE
:10E110000134059319464FF00A0C204610F8012BE4
:10E12000303A092A03D9002BC6D00591C4E70CFB6D
:10E13000012104460123F0E703AB00932A460E4B6E
:10E1400004A93046FEF738F8421CD7D1AB895B06EC
:10E150003FF532AF099831E703AB00932A46064BEF
:10E1600004A93046FEF762FBEEE700BF4D0202084D
:10E1700057020208B9C10108D1DE010853020208A2
:10E180009368013B002B10B4936008DA9469A342B2
:10E1900001DB0A2903D15DF8044B00F0ADBD136823
:10E1A000581C1060197008465DF8044B7047F8B5AC
:10E1B00006460F461446D518AC4201D1002007E0B0
:10E1C00014F8011B3A463046FFF7DAFF431CF3D13F
:10E1D000F8BD00002DE9F0470D469CB014461F46DF
:10E1E000064618B1036A0BB9FEF78AFD6B6ED907B4
:10E1F00005D4AB899A0502D4A86DFEF7BCFFAB89A4
:10E200001B0701D52B699BB92946304600F0B2FDAA
:10E2100070B16B6EDC0704D54FF0FF301CB0BDE869
:10E22000F087AB899805F7D4A86DFEF7A5FFF3E753
:10E230000023099320238DF82930039730236A4F58
:10E240008DF82A304FF001082346994613F8012B28
:10E250000AB1252AF9D1B9EB040A0BD0534622465C
:10E2600029463046FFF7A3FF013000F0A480099A49
:10E270005244099299F80030002B00F09C80002352
:10E280004FF0FF32CDE9052309F10109049307930B
:10E290008DF853301A934C46534814F8011B05224D
:10E2A000E2F72EF8049BD0B9D90644BF20228DF89E
:10E2B00053201A0744BF2B228DF8532099F80020D1
:10E2C0002A2A13D0079A4C4600204FF00A0C214608
:10E2D00011F8013B303B092B49D968B913E0C01B49
:10E2E00008FA00F018430490A146D4E7039A111DE0
:10E2F00012680391002A01DB079204E0524243F0C6
:10E3000002030792049323782E2B0AD163782A2BD9
:10E3100032D1039B1A1D1B68039243EAE373023454
:10E320000593DFF8D490217803224846E1F7E8FF0F
:10E3300038B1049BA0EB0900402282401343013412
:10E34000049314F8011B29488DF828100622E1F7E0
:10E35000D7FF00283ED0264818BB039B073323F085
:10E36000070308330393099B034409936CE70CFBF1
:10E3700002320C460120AAE7002301340593194616
:10E380004FF00A0C204610F8012B303A092A03D925
:10E39000002BC6D00591C4E70CFB012104460123E4
:10E3A000F0E703AB00932A46124B04A93046FDF771
:10E3B00003FF431CD7D16B6ED90705D4AB899A05EF
:10E3C00002D4A86DFEF7D8FEAB895B063FF524AFFB
:10E3D000099823E703AB00932A46064B04A930466D
:10E3E000FEF724FAE5E700BF4D02020857020208D3
:10E3F000B9C10108AFE1010853020208B1F90C20CC
:10E400002DE9F041160705460C4651D44B68002B08
:10E4100002DC0B6C002B49DDE66A002E46D000239F
:10E4200012F480522F682B6031D0626DA389590796
:10E4300005D56368D21A636B0BB1236CD21A002323
:10E44000E66A216A2846B047421CB4F90C3006D16E
:10E4500029681D2946D8294ACA40D60742D5002234
:10E460006260D9042269226004D5421C01D12B6864
:10E4700003B96065616B2F60C1B104F14403994237
:10E4800002D02846FFF7DAFC002363630EE0216A1E
:10E4900001232846B0470246501CC7D12B68002BE9
:10E4A000C4D01D2B01D0162B1AD12F6000201EE0E6
:10E4B0000F69002FFAD093070E6808BF4B690F60F1
:10E4C00018BF0023A6EB07088B60B8F1000FEDDD45
:10E4D000216AA66A43463A462846B047002808DC27
:10E4E000B4F90C3043F04003A3814FF0FF30BDE896
:10E4F000F0810744A8EB0008E7E700BF01004020D7
:10E5000038B50B6905460C4613B90025284638BDB9
:10E5100018B1036A0BB9FEF7F3FBB4F90C30002B0A
:10E52000F3D0626ED00704D4990502D4A06DFEF733
:10E5300022FE28462146FFF761FF636EDA07054693
:10E54000E4D4A3899B05E1D4A06DFEF715FEDDE7B9
:10E5500070B5C46905460E4684B91020FEF746F82A
:10E560000446E86128B90246164B17486B21FDF7AF
:10E5700013FD0023C0E901330360C360E36853B9AE
:10E58000212204212846FDF72DFDEB69E060DB68C0
:10E590000BB9002070BD53F8260030B1026843F873
:10E5A00026200023C0E90333F4E7012101FA06F431
:10E5B000621D92002846FDF715FD0028E9D0C0E94C
:10E5C0000164EEE7680102085E02020870B5C669E0
:10E5D00005460C4676B91020FEF708F80246E861B9
:10E5E00020B9094B09488F21FDF7D6FCC0E9016627
:10E5F0000660C6603CB1EB696268DB6853F82210C4
:10E60000216043F8224070BD680102085E020208E2
:10E610002DE9F0410D6907460C461E4601F1140C28
:10E620000020DCF8003099B202FB01611E0C0B0CDB
:10E6300002FB063389B2013001EB034185424CF8FD
:10E64000041B4FEA1346ECDC0EB3A368AB4219DCA3
:10E65000616838460131FFF77BFF804628B90246E2
:10E660000C4B0D48BA21FDF797FC2269023204F1E8
:10E670000C0192000C30FEF7EBFD21463846FFF707
:10E68000A5FF444604EB850301355E612561204604
:10E69000BDE8F0813C0202085E020208B0F5803F4E
:10E6A000034636BF030400201020B3F1807F3CBF37
:10E6B0001B020830B3F1805F3CBF1B010430B3F193
:10E6C000804F3CBF9B000230002B05DB13F0804FD6
:10E6D00000F1010008BF202070470368024613F0D4
:10E6E00007000BD0D90721D4980749BF5B089B08C6
:10E6F000012013605CBF13600220704799B209B912
:10E700001B0C1020D9B209B908301B0A190704BF25
:10E710001B090430990704BF9B080230D90703D4B2
:10E720005B0800F1010003D01360704700207047C0
:10E730002020704710B50C460121FFF709FF024663
:10E7400028B9054B054840F24511FDF725FC01238A
:10E750004461036110BD00BF3C0202085E02020872
:10E760002DE9F04FD1F81090D2F810A0D14585B026
:10E770008846144604DB53460C46CA4690469946E2
:10E78000A36861680AEB0906B342B8BF0131FFF71D
:10E79000DFFE30B90246454B45484FF4B171FDF7F5
:10E7A000FBFB00F1140505EB86072B460022BB425C
:10E7B0001FD304F1140C08F114010CEB8A0301EBD4
:10E7C000890202921A1B153A22F0030215349C4268
:10E7D00088BF00220192029A03918A420CD8002E2F
:10E7E00003DD57F8043D002B5DD0066105B0BDE8A0
:10E7F000F08F43F8042BDAE7B1F800A0BAF1000F6C
:10E8000024D0E046A9464FF0000E58F8042BD9F862
:10E8100000401FFA82FBA4B20AFB0B444FEA124BE2
:10E82000D9F8002074444FEA124E0AFB0BE202EBC7
:10E830001442A4B244EA0244434549F8044B4FEA67
:10E84000124EE2D8019AAA18C2F804E0039AB2F86C
:10E8500002800431B8F1000F23D02A68E6469146C1
:10E86000AA464FF0000BBEF8004008FB04B404EBCE
:10E87000194492B242EA04424AF8042B5EF8042B8F
:10E88000DAF800904FEA124B1FFA89F208FB0B22CC
:10E8900002EB144273454FEA124BE4D8019C2C1949
:10E8A0006260043597E7013E99E700BF3C02020829
:10E8B0005E0202082DE9F843174612F00302804673
:10E8C0000D4607D0264C013A002354F82220FFF7CA
:10E8D0009FFE0546BF103FD0D8F81C4094B91020C9
:10E8E000FDF784FE0446C8F81C0030B902461D4BF3
:10E8F0001D4840F2B311FDF74FFB0023C0E901337F
:10E900000360C360A66846B940F271214046FFF734
:10E9100011FF0023A060064603602C464FF000095B
:10E9200007F001037F1053B1294632464046FFF7F6
:10E9300017FF214605464046FFF748FE67B130689D
:10E9400038B9324631464046FFF70AFF3060C0F81A
:10E95000009006462C46E3E72846BDE8F88300BF52
:10E96000C4030208680102085E0202082DE9F84F9C
:10E970000C464968236903EB6218A36807461546ED
:10E980004FEA621A08F101094B450BDB3846FFF7E5
:10E99000DFFD064648B90246294B2A484FF4EF717D
:10E9A000FDF7FAFA01315B00EEE7002300F1140CE9
:10E9B00000F110021946534535DB22692AEAEA7A4A
:10E9C0000CEB8A0C04F1140315F01F0E614603EBE7
:10E9D00082022CD0CEF1200A002518688B4600FA5E
:10E9E0000EF02843CBF8000053F8045B9A4201F183
:10E9F000040125FA0AF5F0D8131B153B23F0030395
:10EA000004F115018A4238BF00239C44CCF804501D
:10EA100005B9C1463846C6F810902146FFF7D6FD25
:10EA20003046BDE8F88F42F8041F0133C3E753F8BE
:10EA3000045B0D609A4201F10401F8D8E9E700BFD8
:10EA40003C0202085E0202080A6903460069801A55
:10EA500030B50ED11433143103EB820401EB820183
:10EA600054F8045D51F8042D954203D005D24FF0BF
:10EA7000FF3030BDA342F3D3FBE70120F9E70000EC
:10EA80002DE9F74F8A460646114650461446FFF7D1
:10EA9000DBFF051E12D129463046FFF759FD02461D
:10EAA00028B9414B40F237214048FDF775FA012360
:10EAB000C0E90435104603B0BDE8F08FBCBF534633
:10EAC000A2463046DAF80410BABF1C4601250025DC
:10EAD000FFF73EFD024618B9334B40F24521E3E70C
:10EAE000DAF810702669C5600AF1140904F1140EF1
:10EAF00000F114050AF1100309EB87080EEB8606F6
:10EB00000193AB464FF0000C019B5EF8040B53F8E9
:10EB100004AF01931FFA8AF3194683B2CB1A000C93
:10EB20006344C0EB1A4000EB23409BB243EA00432E
:10EB300076454BF8043B4FEA204CE5D8331B153B98
:10EB4000153423F00303A64238BF0023E8184B44D2
:10EB50001C1D04302646A5EB0905464506EB050EAF
:10EB60000ED308F10301091B21F00301013398457D
:10EB700038BF0021014451F8043D9BB1176199E76A
:10EB800056F8041BE2464FEA11491CFA81FC514435
:10EB900009EB2C4989B241EA09414FEA294CCEF8E8
:10EBA0000010DAE7013FE6E73C0202085E020208D5
:10EBB0002DE9F7430F46012159EC108B1646FFF75C
:10EBC000C7FC044630B90246234B244840F20F31BB
:10EBD000FDF7E2F9C9F30A55C9F313030DB143F484
:10EBE00080130193B8F1000323D068460093FFF728
:10EBF00074FD0099D8B1019AC0F1200302FA03F321
:10EC00000B43C24063610192019BA361002B0CBFC7
:10EC1000012202222261A5B1A5F2334505443D60DF
:10EC2000C0F135003060204603B0BDE8F08361617B
:10EC3000EAE701A8FFF751FD019B63612030012243
:10EC4000E8E704EB8203A0F2324038601869FFF76E
:10EC500025FDC0EB4210E5E73C0202085E02020817
:10EC600051F8043C181F002BBCBF0B58C01870474C
:10EC700010B50C46B1F90E1000F080F90028ABBFBA
:10EC8000636DA3891B1823F48053ACBF6365A38114
:10EC900010BD2DE9F0411F468B89DB0505460C466A
:10ECA000164605D5B1F90E100223002200F054F9E2
:10ECB000A389B4F90E1023F48053A38132463B4656
:10ECC0002846BDE8F04100F07FB910B50C46B1F917
:10ECD0000E1000F041F9B4F90C30421C0BBF23F4C4
:10ECE000805343F48053A381A38118BF606510BD96
:10ECF000B1F90E1000F07AB9F8B50E461446054683
:10ED000018B1036A0BB9FDF7FBFFA369A360A389E0
:10ED10001A0701D5236943B92146284600F02AF88D
:10ED200018B14FF0FF373846F8BD23682269981AAA
:10ED30006369F6B28342374605DC21462846FFF771
:10ED4000DFFB0028EDD1A368013BA36023685A1CB8
:10ED500022601E706269431C9A4204D0A389DB07BB
:10ED6000E1D50A2EDFD121462846FFF7C9FB00284E
:10ED7000D9D0D6E738B5284B054618680C4618B1E7
:10ED8000036A0BB9FDF7BCFFB4F90C301A0721D4A4
:10ED9000D80607D409222A6043F04003A3814FF02C
:10EDA000FF3030E0590712D5616B41B104F14403E3
:10EDB000994202D02846FFF741F8002363630022FE
:10EDC000B4F90C3062602269226023F0240343F01E
:10EDD0000803A38122693AB99A0501D5180603D51B
:10EDE0002146284600F03EF8B4F90C3013F0010239
:10EDF0000AD00022A26062695242A261226942B92D
:10EE000013F08000C8D138BD990758BF6269A2606D
:10EE1000F4E70020F7E700BFBC03002470B50C4600
:10EE2000B1F90E10002996B015461E460ADAA189DE
:10EE300011F0800113D14FF48062002031602A600C
:10EE400016B070BD6A4600F0E1F80028EFDB0199CA
:10EE500001F47041A1F5005359425941EBE70021FB
:10EE60004022EAE78B8973B59E0705460C4607D515
:10EE700004F14703236023610123636102B070BD85
:10EE800001AB6A46FFF7CAFF009E28463146FDF7F0
:10EE9000DFFBB4F90C3038B99A05EFD423F0030343
:10EEA00043F00203A381E3E743F08003A381019BC6
:10EEB0002060C4E90406002BE0D0B4F90E10284607
:10EEC00000F03AF80028D9D0A38923F0030343F0D7
:10EED0000103A381D2E71F2938B505460C4604D9A2
:10EEE000162303604FF0FF3038BDC26B12B152F8E9
:10EEF00021304BB9284600F065F8224601462846E5
:10EF0000BDE8384000F04CB8012B0AD0591C03D1A1
:10EF1000162303600120E7E7002142F82410204671
:10EF200098470020E0E70000024B01461868FFF711
:10EF3000D2BF00BFBC03002438B5064D00230446F1
:10EF400008462B60E3F7CEF9431C02D12B6803B1CE
:10EF5000236038BD0001022438B5074D0446084639
:10EF6000114600222A601A46E3F7C7F9431C02D172
:10EF70002B6803B1236038BD0001022438B5074D6A
:10EF800004460846114600222A601A46E3F771F942
:10EF9000431C02D12B6803B1236038BD0001022459
:10EFA00038B5074D00230446084611462B60E3F7A9
:10EFB00045F9431C02D12B6803B1236038BD00BF63
:10EFC00000010224E3F732B938B5074D044608467C
:10EFD000114600222A601A46E2F7F8FF431C02D1CC
:10EFE0002B6803B1236038BD0001022438B5064DFB
:10EFF0000023044608462B60E3F758F9431C02D16E
:10F000002B6803B1236038BD0001022438B5074DD9
:10F0100000230446084611462B60E3F753F9431CCE
:10F0200002D12B6803B1236038BD00BF0001022468
:10F0300082B001B901A942B14BB113780B601278CB
:10F04000101E18BF012002B070471046FBE76FF09A
:10F050000100F8E70346084641B1FF2A04D98A2295
:10F060001A604FF0FF3070470A70012070470000AF
:10F07000F8B500BFF8BC08BC9E467047F8B500BFA5
:08F08000F8BC08BC9E46704775
:10F088007374617274204150502048616E646C65DD
:10F098000000000001020304050600004572726FBB
:10F0A80072206F6E206C696E652025643A20256495
:10F0B8002E2041626F7274696E672E0A000000008C
:10F0C8004572726F72206F6E2064656661756C742C
:10F0D80020616C6C6F6361746F727320286C696E49
:10F0E80065202564290A000052656A6563746564B1
:10F0F8002061726D5F6A6F696E743A2069643D259C
:10F108007520616E676C653D25640A0052656A6505
:10F11800637465642061726D365F6A6F696E7473BB
:10F128003A20616E676C65206F7574206F66207277
:10F13800616E676500000000524F5320446F6D6197
:10F14800696E2049443A25640A0000005265636FDD
:10F158006E6E656374696E67206167656E742E2EC6
:10F168002E00000053746172742059425F45786123
:10F178006D706C655F4E6F646500000059425F45B5
:10F1880078616D706C655F4E6F64650061726D5F6C
:10F198006A6F696E7400000061726D365F6A6F692C
:10F1A8006E74730061726D5F746F727175650000C3
:10F1B80061726D365F666565646261636B0000004D
:10F1C80061726D365F726177000000006578656373
:10F1D80075746F725F636F756E743A25640A000008
:10F1E8004661696C6564206F6E206C696E652025C8
:10F1F800643A2025642E20436F6E74696E75696EBB
:10F20800672E0A00524F53205461736B20456E6479
:10F21800000000005265737461727420537973742E
:10F22800656D21212100000064656661756C745468
:10F2380061736B006D795461736B526F73000000DA
:10F24800696400006A6F696E7400000074696D6516
:10F258000000000061726D5F6D7367735F5F6D73AF
:10F268006700000041726D4A6F696E74000000000B
:10F278006A6F696E743100006A6F696E74320000DB
:10F288006A6F696E743300006A6F696E74340000C7
:10F298006A6F696E743500006A6F696E74360000B3
:10F2A80074696D650000000061726D5F6D7367734E
:10F2B8005F5F6D736700000041726D4A6F696E741D
:10F2C8007300000064617461000000007374645F7F
:10F2D8006D7367735F5F6D7367000000496E743309
:10F2E8003200000049444C4500000000546D722073
:10F2F80053766300546D7251000000000000000056
:10F30800047DC12502000000FFD7F2320000000092
:10F31800FFFD000058524345010F0000FFFE0000AA
:10F3280030F20108000000000000000000000000AA
:10F3380000000000D00700000800000000000000E6
:10F34800000000003CF2010800000000000000007E
:10F358000000000000000000E02E0000180000007F
:10F36800000000000000000000000000010203048B
:10F378000102030406070809000610160006101605
:10F38800010002000400060008000A000C0010003A
:10F398002000400080000001010101030701000076
:10F3A80008040204080101015CF201086CF201087A
:10F3B80003000000060000002400002445C00008E7
:10F3C8005FC00008B0F20108C0F2010807000000A1
:10F3D8000E000000E4000024D3C00008EDC00008BF
:10F3E800D4F20108E4F20108010000000400000062
:10F3F8009402002463C100087DC1000861726D5F3A
:10F408006D73677300000000726F7369646C5F74DA
:10F41800797065737570706F72745F696E74726FEE
:10F428007370656374696F6E5F635F5F6765745F50
:10F438006D6573736167655F747970655F73757007
:10F44800706F72745F68616E646C655F5F61726D26
:10F458005F6D7367735F5F6D73675F5F41726D4A5E
:10F468006F696E7473000000726F7369646C5F7407
:10F47800797065737570706F72745F6D6963726FA0
:10F48800787263656464735F635F5F6765745F6DFB
:10F498006573736167655F747970655F73757070A4
:10F4A8006F72745F68616E646C655F5F61726D5FD7
:10F4B8006D7367735F5F6D73675F5F41726D4A6FEE
:10F4C800696E747300000000726F7369646C5F7416
:10F4D800797065737570706F72745F696E74726F2E
:10F4E8007370656374696F6E5F630000726F736930
:10F4F800646C5F74797065737570706F72745F6D2A
:10F508006963726F787263656464735F6300000097
:10F51800726F7369646C5F74797065737570706FFE
:10F5280072745F696E74726F7370656374696F6EFD
:10F538005F635F5F6765745F6D6573736167655F60
:10F54800747970655F737570706F72745F68616EDF
:10F55800646C655F5F61726D5F6D7367735F5F6D2C
:10F5680073675F5F41726D4A6F696E7400000000D7
:10F57800726F7369646C5F74797065737570706F9E
:10F5880072745F6D6963726F787263656464735FC8
:10F59800635F5F6765745F6D6573736167655F74EB
:10F5A8007970655F737570706F72745F68616E648F
:10F5B8006C655F5F61726D5F6D7367735F5F6D73BD
:10F5C800675F5F41726D4A6F696E740061726D5F4B
:10F5D8006D7367733A3A6D7367000000524F535F5B
:10F5E8004C4F43414C484F53545F4F4E4C590000C9
:10F5F8002E0000002F0000002F25730025732573AF
:10F608000000000025732F2573000000524F535F40
:10F6180053454355524954595F454E41424C450064
:10F628007472756500000000524F535F534543558F
:10F63800524954595F5354524154454759000000A8
:10F64800456E666F72636500656E636C617665739F
:10F6580000000000524F535F5345435552495459D7
:10F668005F4B455953544F5245000000524F535F6A
:10F6780053454355524954595F454E434C415645AD
:10F688005F4F5645525249444500000072636C5F13
:10F6980076616C69646174655F656E636C617665DB
:10F6A8005F6E616D655F776974685F73697A6528F5
:10F6B800293A20756E6B6E6F776E20726D775F7664
:10F6C800616C69646174655F6E616D6573706163B7
:10F6D800655F776974685F73697A65282920726540
:10F6E80073756C74202725642700000061726775A4
:10F6F8006D656E7420656E765F6E616D65206973E9
:10F70800206E756C6C000000617267756D656E74B3
:10F7180020656E765F76616C7565206973206E75FD
:10F728006C6C0000650000003A3A000025732573F0
:10F738002573257325732573257300005F0000006A
:10F7480064647300726D775F76616C696461746577
:10F758005F6E616D65737061636528293A20756E07
:10F768006B6E6F776E20726D775F76616C6964611E
:10F7780074655F66756C6C5F746F7069635F6E61EA
:10F788006D65282920726573756C74202725642798
:10F7980000000000756E6B6E6F776E207265737572
:10F7A8006C7420636F646520666F7220726D7720B9
:10F7B8006E616D6573706163652076616C69646103
:10F7C80074696F6E000000006E616D65737061632F
:10F7D80065206D757374206E6F7420626520656D89
:10F7E800707479006E616D657370616365206D7505
:10F7F8007374206265206162736F6C7574652C2068
:10F808006974206D757374206C6561642077697400
:10F8180068206120272F27006E616D657370616312
:10F8280065206D757374206E6F7420656E64207723
:10F83800697468206120272F272C20756E6C6573EA
:10F8480073206F6E6C79206120272F27000000003D
:10F858006E616D657370616365206D757374206E7C
:10F868006F7420636F6E7461696E20636861726182
:10F878006374657273206F74686572207468616E52
:10F8880020616C7068616E756D65726963732C2098
:10F89800275F272C206F7220272F27006E616D6548
:10F8A8007370616365206D757374206E6F74206367
:10F8B8006F6E7461696E207265706561746564202D
:10F8C800272F27006E616D657370616365206D7504
:10F8D8007374206E6F742068617665206120746F80
:10F8E8006B656E2074686174207374617274732020
:10F8F800776974682061206E756D6265720000001A
:10F908006E616D6573706163652073686F756C6493
:10F91800206E6F74206578636565642027524D57A3
:10F928005F4E414D4553504143455F4D41585F4EF1
:10F93800414D455F4C454E4754482700756E6B6EE8
:10F948006F776E20726573756C7420636F646520C1
:10F95800666F7220726D77206E6F6465206E616DC0
:10F96800652076616C69646174696F6E00000000DF
:10F978006E6F6465206E616D65206D757374206EA1
:10F988006F7420626520656D707479006E6F6465B0
:10F99800206E616D65206D757374206E6F742063C1
:10F9A8006F6E7461696E20636861726163746572F9
:10F9B80073206F74686572207468616E20616C7062
:10F9C80068616E756D6572696373206F7220275F59
:10F9D800270000006E6F6465206E616D65206D758F
:10F9E8007374206E6F7420737461727420776974F5
:10F9F800682061206E756D62657200006E6F6465C7
:10FA0800206E616D65206C656E6774682073686F21
:10FA1800756C64206E6F7420657863656564202753
:10FA28003235352700000000726F7369646C5F74AB
:10FA3800797065737570706F72745F630000000091
:10FA48007374645F6D73677300000000726F73698D
:10FA5800646C5F74797065737570706F72745F69C8
:10FA68006E74726F7370656374696F6E5F635F5FE6
:10FA78006765745F6D6573736167655F74797065D9
:10FA88005F737570706F72745F68616E646C655FC8
:10FA98005F7374645F6D7367735F5F6D73675F5FD8
:10FAA800496E743332000000726F7369646C5F745E
:10FAB800797065737570706F72745F6D6963726F5A
:10FAC800787263656464735F635F5F6765745F6DB5
:10FAD8006573736167655F747970655F737570705E
:10FAE8006F72745F68616E646C655F5F7374645F86
:10FAF8006D7367735F5F6D73675F5F496E743332F1
:10FB0800000000007374645F6D7367733A3A6D7335
:10FB180067000000524F535F444F4D41494E5F49C3
:10FB28004400000025732F25732573007B6E6F64D6
:10FB3800657D00007B6E737D000000007B6E616D4B
:10FB48006573706163657D0063647200726D775FD1
:10FB58006D6963726F787263656464730000000096
:10FB6800D0F40108F4F401080200000004F40108CC
:10FB780068FB010884FB0108E002002410F4010876
:10FB880070F40108D0F40108F4F401080200000040
:10FB980004F401088CFB0108A8FB0108F402002406
:10FBA80018F5010878F501080000000000000000C1
:10FBB800000000000000000000000000000000003D
:10FBC800000000000000000000000000000000002D
:10FBD800000000000000000000000000000000001D
:10FBE800000000000000000000000000000000000D
:10FBF80000000000000000000000000000000000FD
:10FC080000000000000000000000000000000000EC
:10FC180000000000000000000000000000000000DC
:10FC280000000000000000000000000000000000CC
:10FC38000000000000000000010000000A000000B1
:10FC480001020000000000000000000000000000A9
:10FC5800000000000000000000000000000000009C
:10FC6800000000000000000000000000000000008C
:10FC7800000000000000000000000000000000007C
:10FC88000000000000000000010000000A00000061
:10FC98000102000000000000000000000000000059
:10FCA800000000000000000000000000000000004C
:10FCB800000000000000000000000000000000003C
:10FCC800000000000000000000000000000000002C
:10FCD800000000000000000000000000000000001C
:10FCE8000000000000000000010000000A00000001
:10FCF80001020000000000000000000000000000F9
:10FD080000000000000000000000000000000000EB
:10FD180000000000000000000000000000000000DB
:10FD280000000000000000000000000000000000CB
:10FD380000000000000000000000000000000000BB
:10FD4800010000000A00000001020000000000009D
:10FD5800000000000000000000000000000000009B
:10FD6800000000000000000000000000000000008B
:10FD7800000000000000000000000000000000007B
:10FD8800000000000000000000000000000000006B
:10FD9800000000000000000000000000000000005B
:10FDA800000000000000000000000000000000004B
:10FDB800000000000000000000000000000000003B
:10FDC800000000000000000000000000000000002B
:10FDD8000000000000000000727400000000000035
:10FDE800D0F70108ECF7010820F8010858F80108D5
:10FDF800A4F80108CCF8010808F90108000000007F
:10FE080078F9010894F90108DCF9010804FA0108F5
:10FE1800D0F40108F4F401080200000048FA0108CF
:10FE280018FE010834FE01087403002454FA01087E
:10FE3800B0FA01080000C1C081C1400101C3C0037C
:10FE4800800241C201C6C006800741C70005C1C57E
:10FE580081C4400401CCC00C800D41CD000FC1CF3E
:10FE680081CE400E000AC1CA81CB400B01C9C0092E
:10FE7800800841C801D8C018801941D9001BC1DBCE
:10FE880081DA401A001EC1DE81DF401F01DDC01D7E
:10FE9800801C41DC0014C1D481D5401501D7C0179E
:10FEA800801641D601D2C012801341D30011C1D1AE
:10FEB80081D0401001F0C030803141F10033C1F3EE
:10FEC80081F240320036C1F681F7403701F5C0357E
:10FED800803441F4003CC1FC81FD403D01FFC03F3E
:10FEE800803E41FE01FAC03A803B41FB0039C1F92E
:10FEF80081F840380028C1E881E9402901EBC02B8E
:10FF0800802A41EA01EEC02E802F41EF002DC1ED7D
:10FF180081EC402C01E4C024802541E50027C1E79D
:10FF280081E640260022C1E281E3402301E1C021AD
:10FF3800802041E001A0C060806141A10063C1A3AD
:10FF480081A240620066C1A681A7406701A5C0657D
:10FF5800806441A4006CC1AC81AD406D01AFC06F3D
:10FF6800806E41AE01AAC06A806B41AB0069C1A92D
:10FF780081A840680078C1B881B9407901BBC07BCD
:10FF8800807A41BA01BEC07E807F41BF007DC1BD7D
:10FF980081BC407C01B4C074807541B50077C1B79D
:10FFA80081B640760072C1B281B3407301B1C071AD
:10FFB800807041B00050C190819140510193C0536D
:10FFC800805241920196C056805741970055C1957D
:10FFD80081944054019CC05C805D419D005FC19F3D
:10FFE800819E405E005AC19A819B405B0199C0592D
:08FFF800805841980188C048BF
:020000040802F0
:1000000080494189004BC18B818A404A004EC18E94
:10001000818F404F018DC04D804C418C0044C18484
:10002000818540450187C047804641860182C042A4
:10003000804341830041C181818040400000000035
:1000400000000000000000000000000000000000B0
:10005000C9A40108CDA401080000000000000000B0
:100060000000000000000000CDA40108D1A4010898
:10007000D5A40108000000000000000000000000FE
:10008000D1A40108D5A40108D9A4010800000000EA
:100090000000000000000000000000000000000060
:1000A0000000000000000000000000000000000050
:1000B0000000000000000000000000000000000040
:1000C0000000000000000000000000000000000030
:1000D0000000000000000000000000000000000020
:1000E0000000000000000000000000000000000010
:1000F0000000000054FB01082C2066756E637469D3
:100100006F6E3A2000617373657274696F6E20229E
:10011000257322206661696C65643A2066696C65A6
:1001200020222573222C206C696E6520256425739E
:1001300025730A00494E4600696E66004E414E0026
:100140006E616E0030003031323334353637383935
:100150004142434445460030313233343536373836
:1001600039616263646566005245454E54206D6195
:100170006C6C6F6320737563636565646564002FE1
:100180006275696C642F676E752D746F6F6C732D5B
:10019000666F722D73746D33325F31342E332E726D
:1001A000656C312E32303235313032372D303730C8
:1001B000302F7372632F6E65776C69622F6E65776F
:1001C0006C69622F6C6962632F7374646C69622F4F
:1001D00072616E642E6300496E66696E697479009F
:1001E0004E614E002F6275696C642F676E752D74B9
:1001F0006F6F6C732D666F722D73746D33325F3158
:10020000342E332E72656C312E323032353130322D
:10021000372D303730302F7372632F6E65776C69EE
:10022000622F6E65776C69622F6C6962632F7374DD
:10023000646C69622F64746F612E630042616C6C40
:100240006F632073756363656564656400232D3097
:100250002B2000686C4C00656667454647002F629E
:1002600075696C642F676E752D746F6F6C732D6676
:100270006F722D73746D33325F31342E332E72658D
:100280006C312E32303235313032372D303730301C
:100290002F7372632F6E65776C69622F6E65776C52
:1002A00069622F6C6962632F7374646C69622F6D6D
:1002B000707265632E63004300504F534958002EFF
:1002C0000000202020202020202020282828282846
:1002D000202020202020202020202020202020201E
:1002E0002020881010101010101010101010101076
:1002F0001010040404040404040404041010101076
:100300001010104141414141410101010101010130
:1003100001010101010101010101010101101010A0
:100320001010104242424242420202020202020203
:100330000202020202020202020202020210101073
:10034000102000000000000000000000000000007D
:10035000000000000000000000000000000000009D
:10036000000000000000000000000000000000008D
:10037000000000000000000000000000000000007D
:10038000000000000000000000000000000000006D
:10039000000000000000000000000000000000005D
:1003A000000000000000000000000000000000004D
:1003B000000000000000000000000000000000003D
:1003C0000000000005000000190000007D00000092
:1003D0000080E03779C34143176E05B5B5B8934641
:1003E000F5F93FE9034F384D321D30F94877825A0D
:1003F0003CBF737FDD4F1575000000000000F03F2B
:1004000000000000000024400000000000005940EF
:100410000000000000408F40000000000088C34042
:1004200000000000006AF8400000000080842E41B7
:1004300000000000D01263410000000084D7974103
:100440000000000065CDCD41000000205FA0024209
:10045000000000E876483742000000A2941A6D427E
:10046000000040E59C30A2420000901EC4BCD64271
:1004700000003426F56B0C430080E03779C341431C
:1004800000A0D8855734764300C84E676DC1AB4392
:10049000003D9160E458E143408CB5781DAF1544B0
:1004A00050EFE2D6E41A4B4492D54D06CFF080448B
:1004B000F64AE1C7022DB544B49DD9794378EA44A0
:0804C00020FEFD7F0100000099
:1004C800C5020008F5EF000825F00008995E01084C
:0404D800A102000875
:1004DC00D007D007D007D007CE051C0C1E0000009B
:1004EC00380700240090D0030090D00310000000C7
:1004FC000100000048F201080800000000000000A4
:10050C0000000000000000000000000000000000DF
:10051C0000000000000000000000000000000000CF
:10052C0000000000000000000000000000000000BF
:10053C004CF201080B00000000000000000000005D
:10054C00000000000000000000000000020000009D
:10055C00000000000000000000000000000000008F
:10056C0000000000000000000000000054F2010830
:10057C000B00000000000000000000000000000064
:10058C00000000000000000004000000000000005B
:10059C00000000000000000000000000000000004F
:1005AC00000000000000000000000000B0F3010893
:1005BC000D5E010878F201080B000000000000003D
:1005CC00000000000000000000000000000000001F
:1005DC00000000000000000000000000000000000F
:1005EC0000000000000000000000000000000000FF
:1005FC0080F201080B000000000000000000000069
:10060C0000000000000000000000000002000000DC
:10061C0000000000000000000000000000000000CE
:10062C0000000000000000000000000088F201083B
:10063C000B000000000000000000000000000000A3
:10064C00000000000000000004000000000000009A
:10065C00000000000000000000000000000000008E
:10066C00000000000000000090F201080B000000E8
:10067C00000000000000000000000000000000006E
:10068C000000000006000000000000000000000058
:10069C00000000000000000000000000000000004E
:1006AC000000000098F201080B00000000000000A0
:1006BC00000000000000000000000000000000002E
:1006CC000800000000000000000000000000000016
:1006DC00000000000000000000000000000000000E
:1006EC00A0F201080B000000000000000000000058
:1006FC000000000000000000000000000A000000E4
:10070C0000000000000000000000000000000000DD
:10071C00000000000000000000000000A8F201082A
:10072C000B000000000000000000000000000000B2
:10073C0000000000000000000C00000000000000A1
:10074C00000000000000000000000000000000009D
:10075C00000000000000000000000000CCF30108C5
:10076C000D5E0108CCF201080D0000000000000035
:10077C00000000000000000000000000000000006D
:10078C00000000000000000000000000000000005D
:10079C00000000000000000000000000000000004D
:1007AC0000000000E8F301080D5E0108AAAAAAAA3D
:1007BC0005C10008C5F100080000000070FB01082D
:1007CC00215E010875C00008A5F2000800000000B9
:1007DC0094FB0108215E0108F4F4010814030024C1
:1007EC000D5E0108D4F5010864F40108F9F0000865
:1007FC00ADF00008A1F0000895F00008B1F1000878
:10080C00F4F401083C0300240D5E0108D4F5010842
:10081C006CF5010825F2000801F2000851F20008FD
:10082C00CDF100087DF2000875340108713401081F
:10083C006D340108693401080000000030FA010829
:10084C00D0F4010895C10008015F01080000000008
:10085C0020FE0108215E0108F4F401089403002431
:10086C000D5E01080CFB0108A8FA0108DD5E010809
:10087C00BD5E0108ED5E0108C95E0108AD5E0108B0
:10088C000000000003000000C0FF0124C00300248E
:10089C0000000000C0FF0124280002249000022464
:1008AC00000000000000000000000000000000003C
:1008BC00000000000000000000000000000000002C
:1008CC00000000000000000000000000000000001C
:1008DC0000000000000000000000000043000000C9
:1008EC0000000000000000000000000000000000FC
:1008FC0000000000000000000000000043000000A9
:10090C0000000000000000000000000000000000DB
:10091C000000000000000000000000004300000088
:10092C0000000000000000000000000000000000BB
:10093C000000000000000000000000004300000068
:10094C00000000000000000000000000000000009B
:10095C000000000000000000000000004300000048
:10096C00000000000000000000000000000000007B
:10097C000000000000000000000000004300000028
:10098C00000000000000000000000000000000005B
:10099C000000000000000000000000004300000008
:1009AC00000000000000000000000000000000003B
:1009BC0000000000000000000000000055F00108DD
:1009CC0031F0010800000000C1020208BF02020859
:1009DC003301020833010208330102083301020813
:1009EC003301020833010208330102083301020803
:1009FC0033010208FFFFFFFFFFFFFFFFFFFFFFFFB9
:100A0C00FFFF000001004153434949000000000072
:100A1C0000000000000000000000000000000000CA
:100A2C000000000000004153434949000000000051
:100A3C0000000000000000000000000000000000AA
:080A4C000000000000000000A2
:040000050800295D69
:00000001FF
